Position,Residue,Residue_Depth,HSE-up,HSE-down,CN
1,PRO,1.6171925983251263,,,
2,GLN,1.6506229119382723,"(14, 25, 0.5102856337231024)","(9, 30, 0.0)",39.0
3,ILE,2.1470023596569074,"(27, 21, 0.2637322304095839)","(33, 15, 0.0)",48.0
4,THR,1.643099113917972,"(6, 34, 0.4220823465140074)","(5, 35, 0.0)",40.0
5,LEU,3.233734689569465,"(36, 9, 0.5514102053628207)","(34, 11, 0.0)",45.0
6,TRP,1.6556912758017825,"(9, 32, 0.7935341947681334)","(3, 38, 0.0)",41.0
7,LYS,1.534812272506825,"(3, 35, 0.5841035155758232)","(9, 29, 0.0)",38.0
8,ARG,1.6703242090981354,"(26, 22, 0.49968004238639857)","(17, 31, 0.0)",48.0
9,PRO,2.846221579407954,"(39, 16, 0.5594157765201327)","(43, 12, 0.0)",55.0
10,LEU,1.7693834615374628,"(15, 35, 0.3520947377922435)","(11, 39, 0.0)",50.0
11,VAL,2.5318849453867487,"(30, 20, 0.7114315084407183)","(40, 10, 0.0)",50.0
12,THR,1.64282879657645,"(4, 38, 0.40316221802550634)","(5, 37, 0.0)",42.0
13,ILE,3.7447902463029137,"(39, 10, 0.506057644510184)","(38, 11, 0.0)",49.0
14,LYS,1.661998346043678,"(4, 41, 0.4413532396300037)","(7, 38, 0.0)",45.0
15,ILE,3.57130584137628,"(42, 8, 0.3215444935407457)","(38, 12, 0.0)",50.0
16,GLY,1.513166765940778,"(20, 25, 1.0462909107386265)","(25, 20, 0.0)",45.0
17,GLY,1.491095020177321,"(1, 29, 1.1033665499866703)","(4, 26, 0.0)",30.0
18,GLN,1.90658727974621,"(9, 21, 0.5682790261749066)","(16, 14, 0.0)",30.0
19,LEU,1.676352957297387,"(11, 23, 0.4591030521494087)","(5, 29, 0.0)",34.0
20,LYS,2.100864925705041,"(20, 21, 0.8393425903351251)","(32, 9, 0.0)",41.0
21,GLU,1.6899245097450997,"(6, 35, 0.7785971204941761)","(11, 30, 0.0)",41.0
22,ALA,3.146314394899048,"(47, 20, 0.5545661134011782)","(45, 22, 0.0)",67.0
23,LEU,2.755360720966427,"(22, 48, 0.46471520283578704)","(28, 42, 0.0)",70.0
24,LEU,5.371820462188033,"(40, 41, 0.42714004716988013)","(41, 40, 0.0)",81.0
25,ASP,3.4493641319809445,"(37, 46, 0.3675415512567995)","(33, 50, 0.0)",83.0
26,THR,5.811123649798252,"(36, 41, 0.7694064117631467)","(45, 32, 0.0)",77.0
27,GLY,2.1632407139578085,"(33, 40, 0.6765803441079334)","(41, 32, 0.0)",73.0
28,ALA,2.132511334028097,"(41, 33, 0.48936594912748077)","(47, 27, 0.0)",74.0
29,ASP,1.65326426488595,"(15, 45, 0.853383734208764)","(15, 45, 0.0)",60.0
30,ASP,1.6233615970200599,"(24, 43, 0.6099225529362958)","(31, 36, 0.0)",67.0
31,THR,4.214753780803231,"(45, 36, 0.33084706027187477)","(42, 39, 0.0)",81.0
32,VAL,3.263227145380912,"(34, 42, 0.2125733655248871)","(29, 47, 0.0)",76.0
33,ILE,5.5136286228575235,"(41, 37, 0.5076067188511515)","(40, 38, 0.0)",78.0
34,GLU,2.0602571987075704,"(29, 36, 0.7592903872760169)","(24, 41, 0.0)",65.0
35,GLU,1.6690955708813613,"(29, 29, 0.4942419195947801)","(18, 40, 0.0)",58.0
36,MET,2.0319777617596473,"(26, 27, 0.45971880686182964)","(30, 23, 0.0)",53.0
37,SER,1.4822971802195648,"(4, 34, 0.43953574577342286)","(5, 33, 0.0)",38.0
38,LEU,2.6517217868031673,"(36, 4, 0.4414074347559306)","(36, 4, 0.0)",40.0
39,PRO,1.5283795961379079,"(2, 29, 0.5962330438798289)","(8, 23, 0.0)",31.0
40,GLY,1.4910718553918219,"(11, 17, 1.3083434598909227)","(26, 2, 0.0)",28.0
41,ARG,1.4779817479816166,"(0, 25, 0.4401799295160156)","(0, 25, 0.0)",25.0
42,TRP,1.8762766111441653,"(27, 4, 0.18277598820667013)","(25, 6, 0.0)",31.0
43,LYS,1.7675863251059092,"(3, 27, 0.6490977580704365)","(11, 19, 0.0)",30.0
44,PRO,1.6107857354208863,"(10, 23, 0.5943242168779015)","(2, 31, 0.0)",33.0
45,LYS,1.7785029169191582,"(14, 19, 0.7127816073891385)","(26, 7, 0.0)",33.0
46,MET,1.8014855878452611,"(8, 28, 0.6011519729886211)","(3, 33, 0.0)",36.0
47,ILE,2.1985922452428186,"(31, 16, 0.6218169925502777)","(35, 12, 0.0)",47.0
48,GLY,1.673637136726557,"(12, 37, 0.6044762668486605)","(10, 39, 0.0)",49.0
49,GLY,1.5431556101135497,"(42, 24, 0.9723003354972181)","(46, 20, 0.0)",66.0
50,ILE,1.7295481846376433,"(35, 27, 0.6190908454201566)","(43, 19, 0.0)",62.0
51,GLY,2.112845985988185,"(30, 28, 0.9167668273267409)","(36, 22, 0.0)",58.0
52,GLY,1.7745346205049846,"(7, 31, 1.3206820348795498)","(15, 23, 0.0)",38.0
53,PHE,1.6948640474827215,"(10, 31, 0.3603119519546091)","(8, 33, 0.0)",41.0
54,ILE,2.6502941161051043,"(36, 13, 0.4405758001570309)","(40, 9, 0.0)",49.0
55,LYS,1.6134197152087386,"(7, 34, 0.4618089047165403)","(8, 33, 0.0)",41.0
56,VAL,2.7580885295035626,"(36, 13, 0.22379193904557299)","(35, 14, 0.0)",49.0
57,ARG,2.050681832197387,"(12, 30, 0.5547333143446822)","(19, 23, 0.0)",42.0
58,GLN,2.4856220603684176,"(19, 29, 0.16964122464824288)","(17, 31, 0.0)",48.0
59,TYR,2.731956988987838,"(21, 22, 0.31081254777730327)","(27, 16, 0.0)",43.0
60,ASP,1.6382451120754637,"(4, 34, 0.33041031177684127)","(5, 33, 0.0)",38.0
61,GLN,1.694557372609061,"(11, 29, 0.6748697188467597)","(0, 40, 0.0)",40.0
62,ILE,2.3535034442657934,"(30, 17, 0.5677741907631157)","(38, 9, 0.0)",47.0
63,ILE,1.7000309131680627,"(3, 44, 0.3518843826213927)","(4, 43, 0.0)",47.0
64,ILE,3.7771029388707347,"(43, 12, 0.447808458861578)","(44, 11, 0.0)",55.0
65,GLU,1.8719771594066934,"(5, 43, 0.42423533837419114)","(9, 39, 0.0)",48.0
66,ILE,4.51962039563637,"(41, 15, 0.4389758051426388)","(39, 17, 0.0)",56.0
67,CYS,1.6960646607084606,"(17, 26, 0.9412177246871113)","(24, 19, 0.0)",43.0
68,GLY,1.4910667358061171,"(4, 33, 1.2101583334665524)","(6, 31, 0.0)",37.0
69,HIS,1.8159020406874262,"(20, 23, 0.6323206603611946)","(29, 14, 0.0)",43.0
70,LYS,1.6427793152883654,"(10, 30, 0.2728632770498618)","(7, 33, 0.0)",40.0
71,ALA,2.602713763925253,"(30, 16, 0.5477227588194559)","(37, 9, 0.0)",46.0
72,ILE,1.7833183322051651,"(9, 32, 0.4972906508854155)","(3, 38, 0.0)",41.0
73,GLY,2.34875044253934,"(11, 35, 1.0457415180423444)","(24, 22, 0.0)",46.0
74,THR,1.9967968167818573,"(15, 38, 0.4329903468163856)","(19, 34, 0.0)",53.0
75,VAL,5.414684843992138,"(42, 25, 0.4602807907967391)","(35, 32, 0.0)",67.0
76,LEU,2.9272098274472986,"(22, 39, 0.5192963835649269)","(31, 30, 0.0)",61.0
77,VAL,4.046904569229437,"(27, 38, 0.4097902390641565)","(26, 39, 0.0)",65.0
78,GLY,2.3874710334812166,"(22, 36, 0.9178334030489309)","(31, 27, 0.0)",58.0
79,PRO,1.8322922466106693,"(24, 37, 0.5686895982985359)","(29, 32, 0.0)",61.0
80,THR,2.5538265565294505,"(42, 24, 0.5415782979482788)","(36, 30, 0.0)",66.0
81,PRO,1.9514613486563523,"(31, 36, 0.9461583507313174)","(31, 36, 0.0)",67.0
82,VAL,1.809370755759855,"(24, 41, 0.37649105062522153)","(29, 36, 0.0)",65.0
83,ASN,2.182789049745262,"(34, 37, 0.6411771794517712)","(30, 41, 0.0)",71.0
84,ILE,2.8562635401126295,"(33, 41, 0.45240095271297187)","(37, 37, 0.0)",74.0
85,ILE,6.726403158162948,"(41, 42, 0.4170770945116158)","(40, 43, 0.0)",83.0
86,GLY,4.580856853309157,"(38, 44, 0.6037824187066031)","(35, 47, 0.0)",82.0
87,ARG,2.5236370019802528,"(26, 34, 0.6949999324362564)","(22, 38, 0.0)",60.0
88,ASN,1.716529482559425,"(14, 41, 0.7908467221005332)","(21, 34, 0.0)",55.0
89,LEU,4.256268530197642,"(32, 30, 0.8654996890667304)","(40, 22, 0.0)",62.0
90,LEU,5.551684927507857,"(41, 27, 0.9480350924839919)","(41, 27, 0.0)",68.0
91,THR,1.7792895999959197,"(14, 36, 0.8626524884422709)","(17, 33, 0.0)",50.0
92,GLN,1.7350511139283034,"(13, 33, 0.8539568463699381)","(28, 18, 0.0)",46.0
93,ILE,2.93788076929167,"(25, 24, 0.584878031991166)","(38, 11, 0.0)",49.0
94,GLY,1.5196891238400918,"(4, 37, 0.8463121614123938)","(4, 37, 0.0)",41.0
95,CYS,3.305877574642022,"(43, 16, 0.4129339739249746)","(46, 13, 0.0)",59.0
96,THR,2.4915448364273374,"(13, 39, 0.49910065916023344)","(7, 45, 0.0)",52.0
97,LEU,5.852796204992745,"(45, 19, 0.498055574940422)","(43, 21, 0.0)",64.0
98,ASN,2.082510412307252,"(11, 39, 0.3816181180165116)","(14, 36, 0.0)",50.0
99,PHE,2.190693092433004,,,
100,PRO,1.6243040938001003,,,
101,GLN,1.6855784612004017,"(13, 25, 0.45412510940210726)","(8, 30, 0.0)",38.0
102,ILE,2.0420365459720684,"(25, 21, 0.5505222539076465)","(33, 13, 0.0)",46.0
103,THR,1.6191713869553632,"(7, 33, 0.3636686976043143)","(6, 34, 0.0)",40.0
104,LEU,3.4305389899426197,"(39, 7, 0.7242180366472075)","(34, 12, 0.0)",46.0
105,TRP,1.5956394227015558,"(7, 32, 0.9361676370050386)","(4, 35, 0.0)",39.0
106,LYS,1.6255090121826568,"(2, 33, 0.7701784369428691)","(11, 24, 0.0)",35.0
107,ARG,1.8034544431006925,"(26, 22, 0.5639719818694218)","(21, 27, 0.0)",48.0
108,PRO,3.5985539743244828,"(39, 17, 0.6199161729338539)","(43, 13, 0.0)",56.0
109,LEU,1.896917516374992,"(17, 37, 0.5098063320748488)","(10, 44, 0.0)",54.0
110,VAL,2.2004156634623993,"(27, 24, 0.6890147845663407)","(37, 14, 0.0)",51.0
111,THR,1.6588526706961828,"(5, 37, 0.35882689820120467)","(4, 38, 0.0)",42.0
112,ILE,3.8281092012571647,"(41, 10, 0.6466814974367104)","(40, 11, 0.0)",51.0
113,LYS,1.796982554570086,"(7, 40, 0.39306567831954137)","(9, 38, 0.0)",47.0
114,ILE,3.6266173139551654,"(40, 11, 0.4942483677695292)","(34, 17, 0.0)",51.0
115,GLY,1.471231004840574,"(19, 23, 1.4155429546245126)","(21, 21, 0.0)",42.0
116,GLY,1.49114888320569,"(0, 29, 0.8779190226650025)","(4, 25, 0.0)",29.0
117,GLN,1.8559778812258299,"(9, 20, 0.4354093231747792)","(13, 16, 0.0)",29.0
118,LEU,1.641376806476256,"(12, 21, 0.6090339946312249)","(5, 28, 0.0)",33.0
119,LYS,1.870501698377694,"(23, 21, 0.6107818096361309)","(32, 12, 0.0)",44.0
120,GLU,1.63112373034993,"(6, 38, 0.46033836700253444)","(6, 38, 0.0)",44.0
121,ALA,3.817058279661488,"(48, 16, 0.462490267231491)","(47, 17, 0.0)",64.0
122,LEU,3.207739537698244,"(21, 46, 0.3832009049855501)","(30, 37, 0.0)",67.0
123,LEU,4.913609642832096,"(41, 40, 0.5310652416637185)","(42, 39, 0.0)",81.0
124,ASP,3.7413570369039544,"(38, 44, 0.2930477703583002)","(33, 49, 0.0)",82.0
125,THR,5.699482580699987,"(37, 40, 0.8448275964229537)","(45, 32, 0.0)",77.0
126,GLY,2.2560902272393526,"(35, 38, 0.6318240892614032)","(40, 33, 0.0)",73.0
127,ALA,2.127451939713913,"(43, 32, 0.521386400576769)","(46, 29, 0.0)",75.0
128,ASP,1.635727650793749,"(17, 47, 0.9633709141507888)","(18, 46, 0.0)",64.0
129,ASP,1.633824579206222,"(26, 44, 0.5906826375906071)","(33, 37, 0.0)",70.0
130,THR,4.1389637863156965,"(45, 36, 0.5312405496085275)","(41, 40, 0.0)",81.0
131,VAL,3.04085684564837,"(30, 43, 0.12465243634954079)","(27, 46, 0.0)",73.0
132,ILE,5.316768565887128,"(40, 33, 0.2694062076806477)","(39, 34, 0.0)",73.0
133,GLU,2.097869354854775,"(18, 34, 0.5514099497569991)","(16, 36, 0.0)",52.0
134,GLU,1.8792662232520556,"(16, 30, 0.48798147773833617)","(7, 39, 0.0)",46.0
135,MET,1.8880442580516104,"(19, 23, 0.5616298696076106)","(28, 14, 0.0)",42.0
136,SER,1.507762545487026,"(1, 34, 0.2653469611898602)","(0, 35, 0.0)",35.0
137,LEU,2.160345038878253,"(31, 7, 0.6707916377991481)","(33, 5, 0.0)",38.0
138,PRO,1.5272076835704405,"(1, 27, 0.677072272617629)","(3, 25, 0.0)",28.0
139,GLY,1.49104839258345,"(10, 16, 1.2690972347991325)","(24, 2, 0.0)",26.0
140,ARG,1.5070445002912625,"(0, 25, 0.6019705796266536)","(0, 25, 0.0)",25.0
141,TRP,1.8167523630929763,"(25, 7, 0.8467720740320502)","(23, 9, 0.0)",32.0
142,LYS,1.8163245971911335,"(10, 32, 0.3539287410774273)","(16, 26, 0.0)",42.0
143,PRO,1.8925868886789472,"(13, 32, 0.5254757132625953)","(15, 30, 0.0)",45.0
144,LYS,2.7497573640135644,"(23, 29, 0.472577905949023)","(26, 26, 0.0)",52.0
145,MET,2.468696914658282,"(28, 30, 0.4884595490537291)","(29, 29, 0.0)",58.0
146,ILE,2.1920219643363716,"(33, 34, 0.32613523717614307)","(34, 33, 0.0)",67.0
147,GLY,1.748977624398833,"(30, 37, 0.5310338045173807)","(27, 40, 0.0)",67.0
148,GLY,1.7639442353552024,"(38, 40, 1.2221952910320362)","(45, 33, 0.0)",78.0
149,ILE,2.163164536296492,"(39, 30, 0.5601913467657467)","(40, 29, 0.0)",69.0
150,GLY,1.8790738592660294,"(18, 41, 1.2419902765823374)","(25, 34, 0.0)",59.0
151,GLY,2.0577551078335623,"(28, 26, 1.4022263244628188)","(22, 32, 0.0)",54.0
152,PHE,2.055082349297715,"(40, 22, 0.5878270705890619)","(32, 30, 0.0)",62.0
153,ILE,2.3883339215546884,"(23, 32, 0.4747892677724219)","(30, 25, 0.0)",55.0
154,LYS,1.7430476863630673,"(19, 34, 0.4054756436239291)","(12, 41, 0.0)",53.0
155,VAL,3.0721464713980104,"(32, 18, 0.5285449983379692)","(33, 17, 0.0)",50.0
156,ARG,2.3007692057016307,"(11, 34, 0.5605191439271444)","(16, 29, 0.0)",45.0
157,GLN,2.6326806805136678,"(24, 30, 0.43969255945663316)","(20, 34, 0.0)",54.0
158,TYR,2.884603186907319,"(23, 23, 0.34307182629463073)","(27, 19, 0.0)",46.0
159,ASP,1.6673558620410958,"(9, 33, 0.477707112872173)","(6, 36, 0.0)",42.0
160,GLN,1.550123877088311,"(4, 33, 0.923334289941482)","(4, 33, 0.0)",37.0
161,ILE,2.3477453656673957,"(34, 16, 0.5472278213839309)","(41, 9, 0.0)",50.0
162,ILE,1.6644072474513911,"(4, 46, 0.41376793587868765)","(9, 41, 0.0)",50.0
163,ILE,3.893288129745012,"(45, 12, 0.6315105219649816)","(42, 15, 0.0)",57.0
164,GLU,1.859590037354678,"(4, 44, 0.3746619248601775)","(7, 41, 0.0)",48.0
165,ILE,4.227376145262991,"(43, 13, 0.4105508052245794)","(40, 16, 0.0)",56.0
166,CYS,1.5364916756963283,"(16, 26, 0.5760464369687065)","(21, 21, 0.0)",42.0
167,GLY,1.491039925326984,"(1, 34, 1.057724253993697)","(5, 30, 0.0)",35.0
168,HIS,1.9404924858560473,"(20, 21, 0.56867300701504)","(27, 14, 0.0)",41.0
169,LYS,1.7243468496288514,"(14, 28, 0.34856855122148567)","(10, 32, 0.0)",42.0
170,ALA,2.648771471539093,"(22, 24, 0.7286583650157282)","(36, 10, 0.0)",46.0
171,ILE,1.9271280172354224,"(10, 32, 0.45409782133981774)","(4, 38, 0.0)",42.0
172,GLY,2.063290097471443,"(8, 38, 1.2715712933347345)","(26, 20, 0.0)",46.0
173,THR,1.9702399269030582,"(15, 40, 0.29071725599830506)","(17, 38, 0.0)",55.0
174,VAL,5.567037987708336,"(42, 25, 0.4627729662929764)","(39, 28, 0.0)",67.0
175,LEU,3.5576386743959834,"(26, 39, 0.2880903553084632)","(33, 32, 0.0)",65.0
176,VAL,4.241797536964901,"(25, 35, 0.3023538342377332)","(27, 33, 0.0)",60.0
177,GLY,2.5972802777618114,"(19, 29, 0.8578530287603905)","(31, 17, 0.0)",48.0
178,PRO,1.639450856883999,"(1, 40, 0.710633989748611)","(12, 29, 0.0)",41.0
179,THR,2.87920052408828,"(40, 9, 0.3073999614075398)","(41, 8, 0.0)",49.0
180,PRO,1.5887842371763197,"(8, 38, 0.9910796394467758)","(21, 25, 0.0)",46.0
181,VAL,1.869654296451872,"(24, 34, 0.5025490586608776)","(33, 25, 0.0)",58.0
182,ASN,2.2331033283617354,"(31, 36, 0.511828471373024)","(28, 39, 0.0)",67.0
183,ILE,3.0147628103125985,"(32, 40, 0.24538267091164637)","(36, 36, 0.0)",72.0
184,ILE,7.041714248218146,"(40, 41, 0.20874129977994435)","(41, 40, 0.0)",81.0
185,GLY,4.51631368285222,"(35, 46, 0.48185567853610295)","(33, 48, 0.0)",81.0
186,ARG,2.399382626204958,"(27, 36, 0.87489523788778)","(20, 43, 0.0)",63.0
187,ASN,1.8116784258456433,"(14, 43, 0.8328183727872738)","(22, 35, 0.0)",57.0
188,LEU,3.7895203750023256,"(32, 33, 0.9018941591972324)","(43, 22, 0.0)",65.0
189,LEU,5.479287987682352,"(42, 28, 0.9384935200404199)","(43, 27, 0.0)",70.0
190,THR,1.9772649033744867,"(16, 35, 0.8688106449572773)","(17, 34, 0.0)",51.0
191,GLN,1.7602492067349662,"(13, 33, 0.7664140489842316)","(25, 21, 0.0)",46.0
192,ILE,2.9082072778077657,"(23, 24, 0.7704695960493668)","(38, 9, 0.0)",47.0
193,GLY,1.5736047971921117,"(5, 36, 0.8677502590814746)","(5, 36, 0.0)",41.0
194,CYS,3.2162187737292074,"(45, 16, 0.44008683447179264)","(48, 13, 0.0)",61.0
195,THR,2.527166300860421,"(9, 43, 0.5986647603900227)","(10, 42, 0.0)",52.0
196,LEU,5.942019750754869,"(49, 16, 0.501784753028207)","(46, 19, 0.0)",65.0
197,ASN,2.181639608958691,"(11, 40, 0.27603893015743636)","(9, 42, 0.0)",51.0
198,PHE,2.395294649078502,,,
199,PRO,1.6137741898847888,,,
200,GLN,1.6538065849970376,"(14, 25, 0.498671471452375)","(8, 31, 0.0)",39.0
201,ILE,2.185587963645409,"(27, 19, 0.406617362886207)","(33, 13, 0.0)",46.0
202,THR,1.6110594874097843,"(11, 31, 0.5998616882395768)","(5, 37, 0.0)",42.0
203,LEU,3.0465772137944547,"(38, 8, 0.5150073250699526)","(35, 11, 0.0)",46.0
204,TRP,1.5613358505633743,"(8, 32, 0.7773557332308633)","(2, 38, 0.0)",40.0
205,LYS,1.507077002424258,"(4, 35, 0.642196833676439)","(10, 29, 0.0)",39.0
206,ARG,1.7998138247511164,"(27, 22, 0.6166251954296504)","(20, 29, 0.0)",49.0
207,PRO,2.801141390986119,"(38, 18, 0.4634941467835365)","(42, 14, 0.0)",56.0
208,LEU,1.828364453815836,"(13, 39, 0.38747922105996085)","(8, 44, 0.0)",52.0
209,VAL,2.6391902201760034,"(32, 20, 0.4771408189364273)","(41, 11, 0.0)",52.0
210,THR,1.655648531337574,"(4, 38, 0.47708740490214335)","(5, 37, 0.0)",42.0
211,ILE,3.8130625430507763,"(41, 9, 0.5015331150768693)","(41, 9, 0.0)",50.0
212,LYS,1.6294362355687262,"(5, 39, 0.3840537356826616)","(7, 37, 0.0)",44.0
213,ILE,3.3153567454192645,"(41, 10, 0.34547338614406065)","(36, 15, 0.0)",51.0
214,GLY,1.5370051551072765,"(21, 22, 0.919414499180013)","(24, 19, 0.0)",43.0
215,GLY,1.4910642759657284,"(0, 28, 1.1473358488884406)","(5, 23, 0.0)",28.0
216,GLN,1.85561557599618,"(9, 20, 0.5558827374456199)","(16, 13, 0.0)",29.0
217,LEU,1.656812058364805,"(11, 25, 0.4844839921939908)","(4, 32, 0.0)",36.0
218,LYS,1.9973096901417642,"(21, 21, 0.7526817799498087)","(30, 12, 0.0)",42.0
219,GLU,1.681711129844467,"(6, 36, 0.650083487161185)","(9, 33, 0.0)",42.0
220,ALA,3.036669040652252,"(48, 18, 0.7276496409089859)","(45, 21, 0.0)",66.0
221,LEU,3.9829854847651713,"(23, 46, 0.42109144614743027)","(28, 41, 0.0)",69.0
222,LEU,5.331540717466012,"(40, 40, 0.42481695523352236)","(41, 39, 0.0)",80.0
223,ASP,8.450453374097156,"(37, 45, 0.40528505469617515)","(31, 51, 0.0)",82.0
224,THR,7.525387327272006,"(33, 43, 0.8896450806832183)","(45, 31, 0.0)",76.0
225,GLY,7.0089114363683915,"(36, 38, 0.7302947053797697)","(43, 31, 0.0)",74.0
226,ALA,6.0822600586674636,"(44, 33, 0.448533996286972)","(49, 28, 0.0)",77.0
227,ASP,2.177703459478608,"(17, 46, 0.8894725765700904)","(18, 45, 0.0)",63.0
228,ASP,2.7350509023629948,"(24, 45, 0.6712396007345288)","(31, 38, 0.0)",69.0
229,THR,5.354312870015156,"(46, 35, 0.3248541449700614)","(42, 39, 0.0)",81.0
230,VAL,6.1707732289061745,"(31, 44, 0.11530322719811922)","(29, 46, 0.0)",75.0
231,ILE,5.710668179422633,"(38, 33, 0.48144670955323887)","(37, 34, 0.0)",71.0
232,GLU,2.1005937859248314,"(19, 36, 0.8444461298809754)","(13, 42, 0.0)",55.0
233,GLU,1.6356499363325214,"(13, 33, 0.47620977273929516)","(3, 43, 0.0)",46.0
234,MET,2.053105308554525,"(19, 23, 0.6047068331776978)","(30, 12, 0.0)",42.0
235,SER,1.513034869395816,"(0, 33, 0.49603689384750166)","(2, 31, 0.0)",33.0
236,LEU,2.577004271847174,"(36, 4, 0.2782886620311652)","(36, 4, 0.0)",40.0
237,PRO,1.5043058936841034,"(4, 28, 0.5291468378880427)","(10, 22, 0.0)",32.0
238,GLY,1.4909656263585718,"(10, 19, 1.1856927875739174)","(26, 3, 0.0)",29.0
239,ARG,1.514151209569672,"(0, 25, 0.45242153023829584)","(1, 24, 0.0)",25.0
240,TRP,2.2083630999021477,"(28, 2, 0.2768774262430947)","(26, 4, 0.0)",30.0
241,LYS,1.9104659995032294,"(0, 27, 0.550160920133012)","(8, 19, 0.0)",27.0
242,PRO,1.647086439054661,"(14, 19, 0.46194413399691414)","(4, 29, 0.0)",33.0
243,LYS,1.7344164303641847,"(12, 21, 0.5758526290417029)","(22, 11, 0.0)",33.0
244,MET,1.7560289790750798,"(8, 28, 0.5635470029372592)","(7, 29, 0.0)",36.0
245,ILE,3.8517706184519174,"(34, 12, 0.371021291111199)","(35, 11, 0.0)",46.0
246,GLY,1.830938301310545,"(7, 41, 0.41530806926352015)","(5, 43, 0.0)",48.0
247,GLY,1.8080480298136707,"(41, 21, 0.8096514839151404)","(39, 23, 0.0)",62.0
248,ILE,3.3089192307051563,"(36, 22, 0.7563251034565752)","(40, 18, 0.0)",58.0
249,GLY,2.0026425920452406,"(16, 28, 0.7385688345284076)","(23, 21, 0.0)",44.0
250,GLY,1.7352068416205682,"(8, 25, 1.4467997204559209)","(11, 22, 0.0)",33.0
251,PHE,1.726004732309581,"(11, 25, 0.4184211680170261)","(7, 29, 0.0)",36.0
252,ILE,2.4014191724478233,"(25, 14, 0.36270825136422497)","(30, 9, 0.0)",39.0
253,LYS,1.6064116468851226,"(4, 32, 0.49985460481211125)","(3, 33, 0.0)",36.0
254,VAL,2.7355577141952874,"(34, 10, 0.4853484829191778)","(33, 11, 0.0)",44.0
255,ARG,2.094532929575447,"(9, 29, 0.5746807313250212)","(17, 21, 0.0)",38.0
256,GLN,2.860278386502135,"(17, 31, 0.216412098227)","(14, 34, 0.0)",48.0
257,TYR,2.7675178127635283,"(22, 24, 0.31441727279625076)","(28, 18, 0.0)",46.0
258,ASP,1.757459401403092,"(12, 35, 0.5660927080387335)","(9, 38, 0.0)",47.0
259,GLN,1.894392904117946,"(23, 33, 0.8249130646655616)","(17, 39, 0.0)",56.0
260,ILE,2.2667199414734163,"(32, 26, 0.550173114068645)","(39, 19, 0.0)",58.0
261,ILE,1.721127034200894,"(15, 44, 0.3996749939980469)","(14, 45, 0.0)",59.0
262,ILE,3.557690832894422,"(43, 18, 0.4943046930419961)","(45, 16, 0.0)",61.0
263,GLU,1.7769394296904746,"(9, 44, 0.27010695802289625)","(9, 44, 0.0)",53.0
264,ILE,4.696165360547126,"(41, 16, 0.4616767972165354)","(40, 17, 0.0)",57.0
265,CYS,1.6452112698308454,"(16, 27, 0.9234933347753304)","(23, 20, 0.0)",43.0
266,GLY,1.5191264832958267,"(5, 28, 1.0682478196831815)","(1, 32, 0.0)",33.0
267,HIS,1.9358903581772708,"(24, 25, 0.5776244923399583)","(32, 17, 0.0)",49.0
268,LYS,1.714028526064959,"(15, 38, 0.23386016777827798)","(16, 37, 0.0)",53.0
269,ALA,4.152470247039108,"(35, 25, 0.6230995713919507)","(38, 22, 0.0)",60.0
270,ILE,2.7770001844567815,"(20, 35, 0.5332593088356952)","(17, 38, 0.0)",55.0
271,GLY,2.53971815878138,"(25, 35, 0.9915421040341947)","(31, 29, 0.0)",60.0
272,THR,2.1329139347530344,"(13, 48, 0.4703888068112381)","(18, 43, 0.0)",61.0
273,VAL,5.3623105642726,"(44, 26, 0.4963496822820569)","(39, 31, 0.0)",70.0
274,LEU,3.1471619890769316,"(25, 36, 0.45520794485759913)","(31, 30, 0.0)",61.0
275,VAL,3.9442989147074714,"(26, 35, 0.44513717034730127)","(23, 38, 0.0)",61.0
276,GLY,2.4006303570307352,"(18, 29, 0.9813896211666613)","(31, 16, 0.0)",47.0
277,PRO,1.6846968490763496,"(3, 39, 0.6996116548718728)","(17, 25, 0.0)",42.0
278,THR,2.7161405124614935,"(42, 9, 0.49891659260611887)","(36, 15, 0.0)",51.0
279,PRO,1.7839656395642902,"(11, 36, 0.9481044484574201)","(21, 26, 0.0)",47.0
280,VAL,2.187579624914175,"(22, 35, 0.5399698377642279)","(32, 25, 0.0)",57.0
281,ASN,2.1442438278024443,"(32, 36, 0.5175917878187991)","(29, 39, 0.0)",68.0
282,ILE,6.260987200269899,"(30, 43, 0.3684582447788445)","(36, 37, 0.0)",73.0
283,ILE,7.1879114939064435,"(40, 43, 0.4282573973994305)","(39, 44, 0.0)",83.0
284,GLY,5.1748022004097916,"(36, 45, 0.5939459979516555)","(35, 46, 0.0)",81.0
285,ARG,2.530753844419041,"(35, 35, 0.6271625630996066)","(26, 44, 0.0)",70.0
286,ASN,1.8201939102636087,"(22, 45, 0.7850360478733812)","(23, 44, 0.0)",67.0
287,LEU,4.2635802834127015,"(40, 37, 0.8345720660237589)","(43, 34, 0.0)",77.0
288,LEU,5.3826746645286185,"(42, 36, 0.9243977916182067)","(43, 35, 0.0)",78.0
289,THR,1.8045867581442405,"(26, 43, 0.8763287143346286)","(36, 33, 0.0)",69.0
290,GLN,2.585544096807869,"(27, 37, 0.9461588888944891)","(35, 29, 0.0)",64.0
291,ILE,2.7896862791105987,"(25, 38, 0.5242946805658087)","(37, 26, 0.0)",63.0
292,GLY,1.535552458941822,"(23, 36, 0.9433132077737034)","(20, 39, 0.0)",59.0
293,CYS,3.1952636622663912,"(42, 29, 0.39493094888430713)","(44, 27, 0.0)",71.0
294,THR,2.2326863062684645,"(26, 38, 0.6361758255406414)","(19, 45, 0.0)",64.0
295,LEU,5.744146522272788,"(48, 17, 0.3838489005375925)","(44, 21, 0.0)",65.0
296,ASN,2.0010577264475877,"(12, 40, 0.43263375179570057)","(13, 39, 0.0)",52.0
297,PHE,2.1605528143744444,,,
298,PRO,1.5921635313890696,,,
299,GLN,1.6311220796269617,"(20, 33, 0.5987606209035228)","(20, 33, 0.0)",53.0
300,ILE,2.0845954138056193,"(29, 35, 0.5033309610369762)","(35, 29, 0.0)",64.0
301,THR,1.653870659084485,"(29, 34, 0.5647566885548742)","(28, 35, 0.0)",63.0
302,LEU,3.173348003767598,"(40, 22, 0.5487085012559079)","(35, 27, 0.0)",62.0
303,TRP,1.7523239981828007,"(28, 32, 1.0265766669774927)","(24, 36, 0.0)",60.0
304,LYS,1.586815576671033,"(18, 38, 0.41666466087272636)","(21, 35, 0.0)",56.0
305,ARG,1.7330982529085135,"(27, 26, 0.5243832700176999)","(20, 33, 0.0)",53.0
306,PRO,2.9081399860188917,"(41, 22, 0.6172867897538366)","(42, 21, 0.0)",63.0
307,LEU,1.7777481571463505,"(16, 42, 0.4119433369550384)","(16, 42, 0.0)",58.0
308,VAL,2.239144324294554,"(35, 21, 0.5774710695277147)","(36, 20, 0.0)",56.0
309,THR,1.6417787753676547,"(8, 37, 0.356198163015273)","(6, 39, 0.0)",45.0
310,ILE,4.557690054831444,"(37, 11, 0.7632487303477422)","(38, 10, 0.0)",48.0
311,LYS,2.023796968504754,"(6, 41, 0.37922881416685694)","(6, 41, 0.0)",47.0
312,ILE,4.008697138451105,"(38, 13, 0.5748834797066741)","(34, 17, 0.0)",51.0
313,GLY,1.4698147051919928,"(19, 23, 1.3988177322437851)","(22, 20, 0.0)",42.0
314,GLY,1.48364562973652,"(0, 27, 0.8318078562448225)","(3, 24, 0.0)",27.0
315,GLN,1.9038106983332792,"(10, 19, 0.5859744253265091)","(16, 13, 0.0)",29.0
316,LEU,1.6265134149210774,"(11, 22, 0.5810698316688839)","(5, 28, 0.0)",33.0
317,LYS,1.8843237032084785,"(23, 21, 0.6873369309299561)","(32, 12, 0.0)",44.0
318,GLU,1.6335814331794851,"(7, 34, 0.5668323937332865)","(6, 35, 0.0)",41.0
319,ALA,3.6113990780623864,"(43, 19, 0.61898806338396)","(45, 17, 0.0)",62.0
320,LEU,4.115675761903533,"(25, 43, 0.4205092307604986)","(31, 37, 0.0)",68.0
321,LEU,4.989363725718261,"(39, 41, 0.5446686760887763)","(43, 37, 0.0)",80.0
322,ASP,8.149392724804793,"(40, 43, 0.3648530834058586)","(33, 50, 0.0)",83.0
323,THR,7.146961164175671,"(36, 42, 0.8980374351968484)","(44, 34, 0.0)",78.0
324,GLY,7.346674949356108,"(34, 39, 0.782275489477514)","(41, 32, 0.0)",73.0
325,ALA,6.038577428349209,"(44, 32, 0.41862456081270016)","(47, 29, 0.0)",76.0
326,ASP,2.274103905632944,"(16, 46, 1.0888225116642847)","(17, 45, 0.0)",62.0
327,ASP,2.2099270269718008,"(25, 42, 0.6813299828577446)","(31, 36, 0.0)",67.0
328,THR,3.7399259371722855,"(45, 38, 0.40958637791714536)","(42, 41, 0.0)",83.0
329,VAL,6.006101406810531,"(30, 44, 0.3332698500123851)","(27, 47, 0.0)",74.0
330,ILE,5.554976327250027,"(40, 32, 0.37717821076195335)","(39, 33, 0.0)",72.0
331,GLU,2.020159829309503,"(19, 33, 0.35187137119239864)","(18, 34, 0.0)",52.0
332,GLU,1.853868611962074,"(15, 30, 0.5541403912158626)","(6, 39, 0.0)",45.0
333,MET,1.8761533787348295,"(21, 22, 0.42232995544852653)","(28, 15, 0.0)",43.0
334,SER,1.494129597252263,"(0, 33, 0.4274596753431417)","(0, 33, 0.0)",33.0
335,LEU,2.235250165245471,"(34, 4, 0.5459085645936924)","(33, 5, 0.0)",38.0
336,PRO,1.531930895221654,"(1, 27, 0.5555191888008589)","(3, 25, 0.0)",28.0
337,GLY,1.4910513737648343,"(5, 20, 1.2058184841430046)","(22, 3, 0.0)",25.0
338,ARG,1.4779669366915025,"(0, 25, 0.34686287678928535)","(0, 25, 0.0)",25.0
339,TRP,1.946731990218444,"(28, 2, 0.8426850135299199)","(23, 7, 0.0)",30.0
340,LYS,1.8957920546993663,"(0, 30, 0.5710040801210452)","(7, 23, 0.0)",30.0
341,PRO,1.7607343566428266,"(9, 21, 0.4153771841940507)","(3, 27, 0.0)",30.0
342,LYS,1.82661249981471,"(17, 16, 0.42663820613872483)","(24, 9, 0.0)",33.0
343,MET,1.745860302315278,"(8, 28, 0.6021012233557831)","(5, 31, 0.0)",36.0
344,ILE,4.5987144149540455,"(34, 15, 0.2726737375483005)","(35, 14, 0.0)",49.0
345,GLY,2.5597501937817877,"(9, 37, 0.42389085731466625)","(7, 39, 0.0)",46.0
346,GLY,2.456023617423939,"(41, 22, 1.000245308135145)","(44, 19, 0.0)",63.0
347,ILE,3.7100840845272822,"(36, 22, 0.5327658587618513)","(40, 18, 0.0)",58.0
348,GLY,1.7724114510125357,"(15, 28, 1.2722301409576546)","(25, 18, 0.0)",43.0
349,GLY,1.6922632873290335,"(6, 26, 1.381639939217631)","(9, 23, 0.0)",32.0
350,PHE,1.7479329869772804,"(16, 21, 0.5372063200917632)","(9, 28, 0.0)",37.0
351,ILE,2.229448483295144,"(25, 15, 0.29881798238719975)","(28, 12, 0.0)",40.0
352,LYS,1.6724614010429575,"(4, 31, 0.5802532145288654)","(1, 34, 0.0)",35.0
353,VAL,3.295686558487696,"(33, 10, 0.6230187921008828)","(34, 9, 0.0)",43.0
354,ARG,2.200323828273158,"(10, 27, 0.5745011457236082)","(13, 24, 0.0)",37.0
355,GLN,2.7609054770477566,"(21, 27, 0.3842575554438772)","(15, 33, 0.0)",48.0
356,TYR,2.829503067194478,"(19, 25, 0.47892937338578945)","(27, 17, 0.0)",44.0
357,ASP,1.6968259768482998,"(9, 32, 0.48077445983278483)","(5, 36, 0.0)",41.0
358,GLN,1.5370893287677727,"(4, 32, 0.8708882516433423)","(3, 33, 0.0)",36.0
359,ILE,2.323708827485316,"(35, 16, 0.49828531448621066)","(41, 10, 0.0)",51.0
360,ILE,1.7244093230719453,"(4, 46, 0.30064365664941756)","(5, 45, 0.0)",50.0
361,ILE,4.21893356187693,"(43, 13, 0.5293708819736832)","(40, 16, 0.0)",56.0
362,GLU,2.214766254893336,"(4, 44, 0.4915869285742046)","(8, 40, 0.0)",48.0
363,ILE,5.199819633972679,"(42, 13, 0.11626576544491303)","(41, 14, 0.0)",55.0
364,CYS,1.7474513959743125,"(19, 26, 0.42532808426064944)","(20, 25, 0.0)",45.0
365,GLY,1.4910589930255678,"(1, 34, 1.2941962526865873)","(6, 29, 0.0)",35.0
366,HIS,1.8130281315483683,"(18, 21, 0.4234975615183191)","(26, 13, 0.0)",39.0
367,LYS,1.6907011125755007,"(13, 28, 0.12295735903040388)","(13, 28, 0.0)",41.0
368,ALA,2.5986281437451337,"(24, 21, 0.7590069802656858)","(36, 9, 0.0)",45.0
369,ILE,1.9414750630645532,"(13, 29, 0.156577024579472)","(9, 33, 0.0)",42.0
370,GLY,2.26941076290862,"(6, 40, 1.2630593069591451)","(21, 25, 0.0)",46.0
371,THR,1.8496470735813022,"(14, 39, 0.3325245547152422)","(15, 38, 0.0)",53.0
372,VAL,4.793532330900189,"(43, 24, 0.5438416354015422)","(36, 31, 0.0)",67.0
373,LEU,3.5261881501360244,"(23, 39, 0.4419194032958859)","(32, 30, 0.0)",62.0
374,VAL,4.329478817624558,"(24, 35, 0.2659204553138267)","(23, 36, 0.0)",59.0
375,GLY,2.952506571979775,"(23, 26, 0.7328653819772225)","(32, 17, 0.0)",49.0
376,PRO,1.6176733597363653,"(1, 41, 0.5624707732648567)","(10, 32, 0.0)",42.0
377,THR,2.699799198596696,"(42, 8, 0.2755137227443746)","(41, 9, 0.0)",50.0
378,PRO,1.6337886201287994,"(10, 35, 0.9250654338382501)","(21, 24, 0.0)",45.0
379,VAL,2.0001597064825294,"(20, 33, 0.7668023995934226)","(31, 22, 0.0)",53.0
380,ASN,2.360399545940177,"(32, 31, 0.5978283839584794)","(30, 33, 0.0)",63.0
381,ILE,6.395626737467152,"(30, 43, 0.4828363495478332)","(36, 37, 0.0)",73.0
382,ILE,7.508139312756341,"(40, 42, 0.34365947133924096)","(42, 40, 0.0)",82.0
383,GLY,4.993995359537089,"(35, 46, 0.5067503307331607)","(32, 49, 0.0)",81.0
384,ARG,2.525268709279406,"(28, 33, 0.7344970135283192)","(22, 39, 0.0)",61.0
385,ASN,1.703644476348336,"(13, 41, 0.84594241905094)","(21, 33, 0.0)",54.0
386,LEU,4.000642252504938,"(34, 30, 0.8068038811025691)","(42, 22, 0.0)",64.0
387,LEU,5.342658156852558,"(41, 28, 0.779469412138414)","(44, 25, 0.0)",69.0
388,THR,1.9486726188367385,"(15, 34, 0.8840783616801049)","(16, 33, 0.0)",49.0
389,GLN,1.738075683117916,"(12, 34, 0.6703832055632021)","(26, 20, 0.0)",46.0
390,ILE,2.9891029968655247,"(24, 24, 0.6507520161084788)","(37, 11, 0.0)",48.0
391,GLY,1.5871970770306378,"(5, 36, 0.9960796285644644)","(6, 35, 0.0)",41.0
392,CYS,3.037126563029666,"(44, 16, 0.41763914683259296)","(46, 14, 0.0)",60.0
393,THR,2.543292986603451,"(9, 44, 0.4783574049505576)","(9, 44, 0.0)",53.0
394,LEU,5.710967555860471,"(46, 18, 0.5670986588613159)","(42, 22, 0.0)",64.0
395,ASN,1.996091075649168,"(11, 41, 0.45962531925388844)","(14, 38, 0.0)",52.0
396,PHE,2.5087352687432465,,,
