Position,Residue,Na,Nec,pI,Mass,Enc,Hidrofobicity,Polarity,Center_of_mass_x,Center_of_mass_y,Center_of_mass_z
1,ILE,19,0.0,6.02,113.2,5.58,4.5,5.2,22.012291,29.582994,0.7848611
2,ARG,24,1.0,10.76,156.2,-0.93,-4.5,10.5,18.295057,33.379375,2.904394
3,LYS,22,1.0,9.74,128.2,-4.18,-3.9,11.3,17.022629,27.949532,4.3202734
4,LYS,22,1.0,9.74,128.2,-4.18,-3.9,11.3,11.847192,29.629694,7.925504
5,LEU,19,0.0,5.98,113.2,5.01,3.8,4.9,14.561726,27.565664,11.975453
6,VAL,16,0.0,5.96,99.1,4.45,4.2,5.9,10.399537,26.925407,13.625185
7,ILE,19,0.0,6.02,113.2,5.58,4.5,5.2,11.793426,26.757322,18.269053
8,VAL,16,0.0,5.96,99.1,4.45,4.2,5.9,8.57918,23.915653,18.926247
9,GLY,7,0.0,5.97,57.0,-1.62,-0.4,9.0,7.6357536,23.692781,22.993689
10,ASP,12,-1.0,2.77,115.1,-4.12,-3.5,13.0,6.5297318,22.41739,26.650827
11,VAL,16,0.0,5.96,99.1,4.45,4.2,5.9,6.518049,26.239338,29.198345
12,ALA,10,0.0,6.0,71.1,-0.22,1.8,8.1,10.401526,26.587719,30.24109
13,CYS,11,0.0,5.05,103.1,4.66,2.5,5.5,11.954824,24.043087,27.055105
14,GLY,7,0.0,5.97,57.0,-1.62,-0.4,9.0,14.770347,26.724016,26.360332
15,LYS,22,1.0,9.74,128.2,-4.18,-3.9,11.3,11.994115,27.286816,23.304716
16,THR,14,0.0,5.66,101.1,-1.2,-0.7,8.6,14.6748295,31.598864,23.990871
17,CYS,11,0.0,5.05,103.1,4.66,2.5,5.5,17.998236,30.679955,26.313444
18,LEU,19,0.0,5.98,113.2,5.01,3.8,4.9,19.124023,27.419876,22.152401
19,LEU,19,0.0,5.98,113.2,5.01,3.8,4.9,17.547132,30.662384,19.406132
20,ILE,19,0.0,6.02,113.2,5.58,4.5,5.2,19.745,34.247387,22.304008
21,VAL,16,0.0,5.96,99.1,4.45,4.2,5.9,23.376392,31.292574,22.96812
22,PHE,20,0.0,5.48,147.2,5.27,2.8,5.2,23.55315,29.992569,17.302122
23,SER,11,0.0,5.68,87.1,-2.84,-0.8,9.2,22.61844,34.497314,17.827747
24,LYS,22,1.0,9.74,128.2,-4.18,-3.9,11.3,23.192917,37.43182,19.955568
25,ASP,12,-1.0,2.77,115.1,-4.12,-3.5,13.0,27.672977,34.097687,22.536856
26,GLN,17,0.0,5.65,128.1,-2.76,-3.5,10.5,23.893015,37.26186,25.102764
27,PHE,20,0.0,5.48,147.2,5.27,2.8,5.2,22.184162,32.376427,29.379848
28,PRO,14,0.0,6.3,97.1,-3.03,-1.6,8.0,19.41241,35.056114,28.666143
29,GLU,15,-1.0,3.22,129.1,-3.64,-3.5,12.3,20.417204,37.209095,33.223953
30,VAL,16,0.0,5.96,99.1,4.45,4.2,5.9,15.42698,37.992832,32.67627
31,TYR,21,0.0,5.66,163.2,2.15,-1.3,6.2,11.138325,33.112995,31.975502
32,VAL,16,0.0,5.96,99.1,4.45,4.2,5.9,10.690198,36.646885,29.313425
33,PRO,14,0.0,6.3,97.1,-3.03,-1.6,8.0,7.370175,34.66247,28.785742
34,THR,14,0.0,5.66,101.1,-1.2,-0.7,8.6,7.826487,33.984867,24.085617
35,VAL,16,0.0,5.96,99.1,4.45,4.2,5.9,4.4713683,36.19052,22.158339
36,PHE,20,0.0,5.48,147.2,5.27,2.8,5.2,5.963644,37.439934,18.321632
37,GLU,15,-1.0,3.22,129.1,-3.64,-3.5,12.3,10.935988,37.541126,18.557682
38,ASN,14,0.0,5.41,114.1,-2.65,-3.5,11.6,12.112757,36.944256,14.401374
39,TYR,21,0.0,5.66,163.2,2.15,-1.3,6.2,15.945261,36.04264,16.97679
40,VAL,16,0.0,5.96,99.1,4.45,4.2,5.9,19.667974,36.471764,12.055819
41,ALA,10,0.0,6.0,71.1,-0.22,1.8,8.1,22.28553,33.706127,11.723644
42,ASP,12,-1.0,2.77,115.1,-4.12,-3.5,13.0,25.353329,33.720856,9.442919
43,ILE,19,0.0,6.02,113.2,5.58,4.5,5.2,25.968376,28.466587,9.336374
44,GLU,15,-1.0,3.22,129.1,-3.64,-3.5,12.3,30.463741,28.27118,7.207887
45,VAL,16,0.0,5.96,99.1,4.45,4.2,5.9,27.7069,23.554018,6.7409844
46,ASP,12,-1.0,2.77,115.1,-4.12,-3.5,13.0,29.32324,20.841093,4.3791456
47,GLY,7,0.0,5.97,57.0,-1.62,-0.4,9.0,30.976187,25.184134,2.6179473
48,LYS,22,1.0,9.74,128.2,-4.18,-3.9,11.3,27.533356,24.956434,1.3790731
49,GLN,17,0.0,5.65,128.1,-2.76,-3.5,10.5,27.185114,31.039553,3.775344
50,VAL,16,0.0,5.96,99.1,4.45,4.2,5.9,23.433586,29.376236,5.3701687
51,GLU,15,-1.0,3.22,129.1,-3.64,-3.5,12.3,21.810863,33.172276,4.901436
52,LEU,19,0.0,5.98,113.2,5.01,3.8,4.9,19.56984,30.734436,9.571835
53,ALA,10,0.0,6.0,71.1,-0.22,1.8,8.1,15.545633,32.130398,10.090679
54,LEU,19,0.0,5.98,113.2,5.01,3.8,4.9,16.167633,32.07093,14.165073
55,TRP,24,0.0,5.89,186.2,5.2,-0.9,5.4,10.192718,32.781013,12.204729
56,ASP,12,-1.0,2.77,115.1,-4.12,-3.5,13.0,10.797865,32.29006,19.152864
57,THR,14,0.0,5.66,101.1,-1.2,-0.7,8.6,7.5226345,29.925304,19.480453
58,ALA,10,0.0,6.0,71.1,-0.22,1.8,8.1,4.9544287,30.047098,22.278948
59,GLY,7,0.0,5.97,57.0,-1.62,-0.4,9.0,4.2122107,27.385727,24.91948
60,GLN,17,0.0,5.65,128.1,-2.76,-3.5,10.5,1.9987439,30.132492,27.183855
61,GLU,15,-1.0,3.22,129.1,-3.64,-3.5,12.3,-2.2458544,26.37407,26.060999
62,ASP,12,-1.0,2.77,115.1,-4.12,-3.5,13.0,-2.6745687,31.511192,26.440325
63,TYR,21,0.0,5.66,163.2,2.15,-1.3,6.2,0.018579982,33.043404,23.506168
64,ASP,12,-1.0,2.77,115.1,-4.12,-3.5,13.0,-2.412454,27.544188,20.843872
65,ARG,24,1.0,10.76,156.2,-0.93,-4.5,10.5,-5.9446154,30.898462,18.90177
66,LEU,19,0.0,5.98,113.2,5.01,3.8,4.9,-0.45217806,33.3118,17.737965
67,ARG,24,1.0,10.76,156.2,-0.93,-4.5,10.5,1.7817289,28.281544,18.239008
68,PRO,14,0.0,6.3,97.1,-3.03,-1.6,8.0,-0.12054662,28.812195,13.678915
69,LEU,19,0.0,5.98,113.2,5.01,3.8,4.9,0.61806214,32.868824,11.889063
70,SER,11,0.0,5.68,87.1,-2.84,-0.8,9.2,5.164887,30.801992,12.019466
71,TYR,21,0.0,5.66,163.2,2.15,-1.3,6.2,4.0345793,26.652693,11.96498
72,PRO,14,0.0,6.3,97.1,-3.03,-1.6,8.0,3.991857,29.399935,6.7215486
73,ASP,12,-1.0,2.77,115.1,-4.12,-3.5,13.0,7.349445,29.387053,3.8449025
74,THR,14,0.0,5.66,101.1,-1.2,-0.7,8.6,9.17385,26.115795,7.56945
75,ASP,12,-1.0,2.77,115.1,-4.12,-3.5,13.0,12.932928,25.180569,5.3749747
76,VAL,16,0.0,5.96,99.1,4.45,4.2,5.9,13.886753,23.20132,9.695944
77,ILE,19,0.0,6.02,113.2,5.58,4.5,5.2,10.942991,22.030394,12.749272
78,LEU,19,0.0,5.98,113.2,5.01,3.8,4.9,14.332466,22.72487,16.295956
79,MET,17,0.0,5.74,131.2,3.51,1.9,5.7,9.896871,18.817156,18.056646
80,CYS,11,0.0,5.05,103.1,4.66,2.5,5.5,12.480581,21.467731,21.853905
81,PHE,20,0.0,5.48,147.2,5.27,2.8,5.2,13.003367,17.356453,25.353212
82,SER,11,0.0,5.68,87.1,-2.84,-0.8,9.2,13.414057,19.18184,29.422028
83,ILE,19,0.0,6.02,113.2,5.58,4.5,5.2,16.755259,16.427088,30.366014
84,ASP,12,-1.0,2.77,115.1,-4.12,-3.5,13.0,14.168962,18.81463,34.12362
85,SER,11,0.0,5.68,87.1,-2.84,-0.8,9.2,10.580024,17.563564,32.29981
86,PRO,14,0.0,6.3,97.1,-3.03,-1.6,8.0,9.787333,13.870366,32.295597
87,ASP,12,-1.0,2.77,115.1,-4.12,-3.5,13.0,5.336255,15.693075,30.90522
88,SER,11,0.0,5.68,87.1,-2.84,-0.8,9.2,8.337952,17.536535,28.181837
89,LEU,19,0.0,5.98,113.2,5.01,3.8,4.9,9.247384,13.373415,26.215736
90,GLU,15,-1.0,3.22,129.1,-3.64,-3.5,12.3,4.9315743,11.721005,27.240582
91,ASN,14,0.0,5.41,114.1,-2.65,-3.5,11.6,3.594835,16.594503,26.009998
92,ILE,19,0.0,6.02,113.2,5.58,4.5,5.2,6.604855,15.426089,21.899757
93,PRO,14,0.0,6.3,97.1,-3.03,-1.6,8.0,3.510531,12.597803,21.070164
94,GLU,15,-1.0,3.22,129.1,-3.64,-3.5,12.3,0.40512756,14.301156,23.942074
95,LYS,22,1.0,9.74,128.2,-4.18,-3.9,11.3,0.40577662,19.968603,22.006308
96,TRP,24,0.0,5.89,186.2,5.2,-0.9,5.4,4.1614347,20.792183,20.83951
97,THR,14,0.0,5.66,101.1,-1.2,-0.7,8.6,3.840094,15.618342,16.745697
98,PRO,14,0.0,6.3,97.1,-3.03,-1.6,8.0,0.19173537,16.508713,16.260618
99,GLU,15,-1.0,3.22,129.1,-3.64,-3.5,12.3,0.53586143,21.83462,16.19337
100,VAL,16,0.0,5.96,99.1,4.45,4.2,5.9,3.9834216,20.23343,13.3790245
101,LYS,22,1.0,9.74,128.2,-4.18,-3.9,11.3,1.9469119,15.719324,10.779368
102,HIS,17,0.1,7.59,137.1,1.28,-3.2,10.4,-2.1165535,19.93681,9.958524
103,PHE,20,0.0,5.48,147.2,5.27,2.8,5.2,-0.2100629,23.665298,10.656792
104,CYS,11,0.0,5.05,103.1,4.66,2.5,5.5,4.652704,21.87725,8.663812
105,PRO,14,0.0,6.3,97.1,-3.03,-1.6,8.0,3.8153882,18.567596,5.9315777
106,ASN,14,0.0,5.41,114.1,-2.65,-3.5,11.6,6.6905947,16.736788,3.6861198
107,VAL,16,0.0,5.96,99.1,4.45,4.2,5.9,9.174389,19.429634,7.2325063
108,PRO,14,0.0,6.3,97.1,-3.03,-1.6,8.0,12.593247,18.51966,8.373565
109,ILE,19,0.0,6.02,113.2,5.58,4.5,5.2,11.40946,16.89122,12.790899
110,ILE,19,0.0,6.02,113.2,5.58,4.5,5.2,15.761854,18.111088,14.675149
111,LEU,19,0.0,5.98,113.2,5.01,3.8,4.9,14.061731,15.471877,19.050825
112,VAL,16,0.0,5.96,99.1,4.45,4.2,5.9,16.207031,18.977577,21.005249
113,GLY,7,0.0,5.97,57.0,-1.62,-0.4,9.0,17.503187,18.025755,24.331589
114,ASN,14,0.0,5.41,114.1,-2.65,-3.5,11.6,17.037823,21.151537,26.03338
115,LYS,22,1.0,9.74,128.2,-4.18,-3.9,11.3,17.47897,22.208406,30.604748
116,LYS,22,1.0,9.74,128.2,-4.18,-3.9,11.3,23.25878,17.57336,28.665167
117,ASP,12,-1.0,2.77,115.1,-4.12,-3.5,13.0,23.079838,20.99575,32.73851
118,LEU,19,0.0,5.98,113.2,5.01,3.8,4.9,19.9282,20.005714,34.954098
119,ARG,24,1.0,10.76,156.2,-0.93,-4.5,10.5,21.201447,14.028643,32.322296
120,ASN,14,0.0,5.41,114.1,-2.65,-3.5,11.6,24.741276,15.296567,36.621574
121,ASP,12,-1.0,2.77,115.1,-4.12,-3.5,13.0,21.738031,19.049849,39.510498
122,GLU,15,-1.0,3.22,129.1,-3.64,-3.5,12.3,21.677307,16.99005,44.406906
123,HIS,17,0.1,7.59,137.1,1.28,-3.2,10.4,18.356262,20.874254,44.19789
124,THR,14,0.0,5.66,101.1,-1.2,-0.7,8.6,17.246323,18.102068,39.765564
125,ARG,24,1.0,10.76,156.2,-0.93,-4.5,10.5,19.026754,12.972676,39.961758
126,ARG,24,1.0,10.76,156.2,-0.93,-4.5,10.5,17.037178,16.72169,46.442593
127,GLU,15,-1.0,3.22,129.1,-3.64,-3.5,12.3,12.57539,18.220787,44.05049
128,LEU,19,0.0,5.98,113.2,5.01,3.8,4.9,12.425282,14.5598755,40.007305
129,ALA,10,0.0,6.0,71.1,-0.22,1.8,8.1,12.245575,11.706358,43.966167
130,LYS,22,1.0,9.74,128.2,-4.18,-3.9,11.3,10.054043,14.327096,46.019016
131,MET,17,0.0,5.74,131.2,3.51,1.9,5.7,7.099059,13.554215,42.049942
132,LYS,22,1.0,9.74,128.2,-4.18,-3.9,11.3,8.1067705,7.271718,41.90739
133,GLN,17,0.0,5.65,128.1,-2.76,-3.5,10.5,9.879808,11.337878,38.107376
134,GLU,15,-1.0,3.22,129.1,-3.64,-3.5,12.3,14.715755,9.310131,36.48656
135,PRO,14,0.0,6.3,97.1,-3.03,-1.6,8.0,16.333143,12.550936,34.863728
136,VAL,16,0.0,5.96,99.1,4.45,4.2,5.9,15.496713,12.178514,30.28073
137,LYS,22,1.0,9.74,128.2,-4.18,-3.9,11.3,17.283146,7.771826,30.674671
138,PRO,14,0.0,6.3,97.1,-3.03,-1.6,8.0,19.877916,9.35496,26.489252
139,GLU,15,-1.0,3.22,129.1,-3.64,-3.5,12.3,18.794453,5.825433,25.883167
140,GLU,15,-1.0,3.22,129.1,-3.64,-3.5,12.3,14.158126,7.6502304,27.329233
141,GLY,7,0.0,5.97,57.0,-1.62,-0.4,9.0,14.804457,10.117023,23.182724
142,ARG,24,1.0,10.76,156.2,-0.93,-4.5,10.5,18.544294,7.962383,20.89691
143,ASP,12,-1.0,2.77,115.1,-4.12,-3.5,13.0,12.367676,5.563485,21.274721
144,MET,17,0.0,5.74,131.2,3.51,1.9,5.7,9.720415,9.726322,21.294027
145,ALA,10,0.0,6.0,71.1,-0.22,1.8,8.1,12.75938,10.194783,17.564724
146,ASN,14,0.0,5.41,114.1,-2.65,-3.5,11.6,12.213431,6.1397405,15.571442
147,ARG,24,1.0,10.76,156.2,-0.93,-4.5,10.5,7.932342,6.3182864,19.229265
148,ILE,19,0.0,6.02,113.2,5.58,4.5,5.2,8.338743,11.212596,15.789059
149,GLY,7,0.0,5.97,57.0,-1.62,-0.4,9.0,10.42563,10.490591,12.411687
150,ALA,10,0.0,6.0,71.1,-0.22,1.8,8.1,13.083961,12.034375,13.321681
151,PHE,20,0.0,5.48,147.2,5.27,2.8,5.2,17.191711,14.022221,10.020424
152,GLY,7,0.0,5.97,57.0,-1.62,-0.4,9.0,17.16003,13.590747,14.668245
153,TYR,21,0.0,5.66,163.2,2.15,-1.3,6.2,18.149115,12.856605,20.338842
154,MET,17,0.0,5.74,131.2,3.51,1.9,5.7,21.286558,16.30272,18.902552
155,GLU,15,-1.0,3.22,129.1,-3.64,-3.5,12.3,21.348364,15.578312,24.203836
156,CYS,11,0.0,5.05,103.1,4.66,2.5,5.5,21.781868,20.748827,24.442654
157,SER,11,0.0,5.68,87.1,-2.84,-0.8,9.2,23.707758,23.181541,27.39145
158,ALA,10,0.0,6.0,71.1,-0.22,1.8,8.1,22.730087,26.842693,26.844372
159,LYS,22,1.0,9.74,128.2,-4.18,-3.9,11.3,24.079567,27.429502,31.774857
160,THR,14,0.0,5.66,101.1,-1.2,-0.7,8.6,27.530401,24.744413,29.268663
161,LYS,22,1.0,9.74,128.2,-4.18,-3.9,11.3,28.122639,27.296366,25.078428
162,ASP,12,-1.0,2.77,115.1,-4.12,-3.5,13.0,27.428263,20.751488,25.71476
163,GLY,7,0.0,5.97,57.0,-1.62,-0.4,9.0,26.175074,21.228798,21.626387
164,VAL,16,0.0,5.96,99.1,4.45,4.2,5.9,24.669441,24.623255,20.842981
165,ARG,24,1.0,10.76,156.2,-0.93,-4.5,10.5,27.644836,25.730392,16.281546
166,GLU,15,-1.0,3.22,129.1,-3.64,-3.5,12.3,26.979116,20.327635,17.536406
167,VAL,16,0.0,5.96,99.1,4.45,4.2,5.9,21.855507,21.553057,17.17762
168,PHE,20,0.0,5.48,147.2,5.27,2.8,5.2,21.57391,25.279476,15.283541
169,GLU,15,-1.0,3.22,129.1,-3.64,-3.5,12.3,26.27151,22.142866,12.254237
170,MET,17,0.0,5.74,131.2,3.51,1.9,5.7,21.523958,17.75388,12.576105
171,ALA,10,0.0,6.0,71.1,-0.22,1.8,8.1,19.53757,21.789215,10.845258
172,THR,14,0.0,5.66,101.1,-1.2,-0.7,8.6,21.679893,23.564182,8.116515
173,ARG,24,1.0,10.76,156.2,-0.93,-4.5,10.5,24.258623,18.758009,7.5430427
174,ALA,10,0.0,6.0,71.1,-0.22,1.8,8.1,18.325981,19.126085,6.8081484
175,ALA,10,0.0,6.0,71.1,-0.22,1.8,8.1,17.498016,22.348854,5.128383
176,LEU,19,0.0,5.98,113.2,5.01,3.8,4.9,20.40012,22.254988,2.4795666
177,GLN,17,0.0,5.65,128.1,-2.76,-3.5,10.5,19.667437,17.086819,2.830362
178,ALA,11,0.0,6.0,71.1,-0.22,1.8,8.1,15.506511,16.601889,1.5001101
