Res,SS,ASA,Phi,Psi,Theta(i-1=>i+1),Tau(i-2=>i+2)
1,-,0.6094674556213018,-,2.27,-,-
2,E,0.6935483870967742,-1.76,2.39,124.65,-
3,E,0.22926829268292684,-2.44,2.61,135.25,160.59
4,E,0.11707317073170732,-2.02,2.40,126.31,162.22
5,E,0.006097560975609756,-2.42,2.48,134.54,169.53
6,E,0.0,-2.08,2.34,127.08,172.30
7,E,0.0,-1.82,2.42,121.83,158.66
8,E,0.0,-2.56,2.67,139.62,166.11
9,E,0.0,2.81,3.08,145.48,120.43
10,S,0.1656441717791411,-1.00,3.04,127.68,105.32
11,T,0.5070422535211268,-1.22,2.37,116.03,65.87
12,T,0.4528301886792453,0.91,0.73,93.26,95.19
13,S,0.022222222222222223,-1.70,0.08,90.36,97.02
14,S,0.2619047619047619,1.68,0.13,100.89,102.33
15,H,0.05853658536585366,-0.80,-0.96,94.27,103.07
16,H,0.24647887323943662,-1.13,-0.98,101.30,68.75
17,H,0.25925925925925924,-0.84,-0.78,87.54,71.20
18,H,0.012195121951219513,-0.95,-0.97,93.54,68.84
19,H,0.0,-1.07,-0.61,94.18,64.50
20,H,0.08875739644970414,-1.28,-0.77,94.21,69.74
21,H,0.028169014084507043,-0.96,-1.01,91.58,69.12
22,H,0.08121827411167512,-0.94,-0.62,95.09,56.85
23,H,0.19230769230769232,-1.89,0.01,104.07,44.28
24,H,0.526829268292683,-2.50,-0.08,103.89,93.33
25,S,0.6993865030674846,1.11,-0.17,89.92,108.52
26,-,0.6616161616161617,-1.68,2.60,124.67,115.06
27,-,0.39593908629441626,-1.84,1.85,109.97,146.15
28,-,0.3088235294117647,-0.70,2.27,113.39,158.43
29,S,0.9432989690721649,-1.36,-0.89,101.63,105.10
30,S,0.8309859154929577,-1.80,2.24,121.74,100.43
31,-,0.6666666666666666,-1.39,2.04,110.67,149.77
32,-,0.704225352112676,-2.19,2.13,119.38,145.30
33,-,0.47794117647058826,-1.00,2.46,112.43,144.52
34,-,0.18309859154929578,-1.55,2.42,125.65,147.54
35,S,0.4647887323943662,-1.68,-0.91,91.57,103.64
36,E,0.7309644670050761,-3.11,2.68,138.04,117.60
37,E,0.4948453608247423,-2.85,2.80,143.02,163.35
38,E,0.4713375796178344,-2.32,2.53,133.31,160.57
39,E,0.21621621621621623,-2.51,2.89,141.11,165.34
40,E,0.647887323943662,-2.43,2.67,134.15,162.06
41,E,0.1320754716981132,-2.89,2.69,137.17,151.70
42,E,0.588957055214724,-1.89,2.72,128.57,154.48
43,E,0.029585798816568046,-2.77,2.50,140.31,159.25
44,E,0.7371134020618557,-1.99,2.18,117.82,155.87
45,E,0.056338028169014086,-2.44,2.24,124.77,109.13
46,T,0.6748466257668712,0.92,0.64,89.08,50.66
47,T,0.8333333333333334,1.54,-0.46,94.55,70.19
48,E,0.5365853658536586,-1.26,2.49,121.83,124.11
49,E,0.4444444444444444,-1.79,2.12,111.63,152.87
50,E,0.0,-2.28,2.18,131.37,157.86
51,E,0.1958762886597938,-1.50,2.31,110.19,153.96
52,E,0.03048780487804878,-2.01,2.29,129.72,167.46
53,E,0.2358490566037736,-1.70,1.98,109.18,165.19
54,E,0.0,-1.81,1.70,111.11,175.62
55,E,0.31277533039647576,-1.58,1.97,110.97,171.33
56,E,0.024539877300613498,-1.52,2.50,119.28,167.09
57,E,0.028169014084507043,-2.26,2.99,140.82,158.34
58,-,0.02830188679245283,-1.67,2.52,123.23,168.54
59,-,0.15476190476190477,-1.74,-0.10,92.88,120.56
60,S,0.2878787878787879,-1.30,2.56,122.55,108.53
61,G,0.6597938144329897,-1.03,-0.81,91.02,77.74
62,G,0.7177914110429447,-0.83,-0.34,88.67,79.51
63,G,0.30180180180180183,-1.92,0.15,102.38,110.60
64,T,0.294478527607362,-0.83,-0.58,89.92,102.20
65,T,0.8548387096774194,-1.29,-0.61,98.64,67.65
66,T,0.35365853658536583,-1.56,-0.48,99.27,81.70
67,G,0.03225806451612903,-0.88,-0.72,91.24,93.43
68,G,0.19117647058823528,-1.13,-0.05,89.84,94.19
69,G,0.7865853658536586,-1.46,-0.21,92.70,88.93
70,S,0.1076923076923077,-1.66,-0.33,95.49,89.29
71,-,0.013513513513513514,-1.11,-0.44,96.84,116.14
72,T,0.6544117647058824,-0.41,-1.38,105.61,84.99
73,T,0.8282208588957055,-1.94,0.84,101.87,94.34
74,-,0.09154929577464789,-1.28,2.37,119.54,156.44
75,S,0.3312883435582822,-1.68,-0.63,100.04,108.54
76,E,0.02112676056338028,-2.64,2.68,137.23,116.74
77,E,0.0,-2.26,2.41,131.94,174.55
78,E,0.0,-1.90,1.83,108.83,166.36
79,E,0.0,-1.61,1.82,105.85,159.85
80,E,0.0,-1.73,2.76,138.62,159.37
81,E,0.0,-2.59,3.05,136.65,146.77
82,E,0.023076923076923078,-1.98,2.49,129.23,172.27
83,S,0.0,-1.30,-0.49,94.68,78.00
84,S,0.26380368098159507,-1.43,-0.29,91.18,73.47
85,-,0.34615384615384615,-2.04,1.70,115.00,122.31
86,T,0.21323529411764705,-1.06,-0.48,91.16,97.41
87,H,0.5276073619631901,-1.17,-0.66,92.39,87.14
88,H,0.023076923076923078,-1.08,-0.33,86.05,75.01
89,H,0.10975609756097561,-1.48,-0.64,90.75,72.96
90,H,0.5103092783505154,-1.11,-0.67,90.67,77.65
91,H,0.1592356687898089,-1.30,0.15,90.09,95.84
92,I,0.0,-1.29,-0.97,97.20,79.33
93,I,0.34558823529411764,-1.31,-0.44,90.84,55.71
94,I,0.6030927835051546,-1.14,-1.18,104.59,51.91
95,I,0.25853658536585367,-1.69,-0.97,113.23,47.91
96,I,0.004405286343612335,-1.22,-0.75,102.27,70.09
97,H,0.1619718309859155,-1.03,-0.94,93.96,66.03
98,H,0.47794117647058826,-1.01,-0.89,94.72,64.46
99,H,0.15463917525773196,-0.94,-0.94,93.77,61.11
100,H,0.0,-1.13,-0.79,94.21,68.65
101,H,0.6634146341463415,-1.02,-0.42,88.08,69.26
102,H,0.7717391304347826,-1.44,-1.17,102.00,60.43
103,H,0.49746192893401014,-1.00,-0.61,96.05,48.88
104,S,0.08148148148148149,-2.34,1.32,115.86,107.39
105,T,0.5,-1.48,2.78,121.44,112.29
106,T,1.0,1.18,0.31,88.14,87.03
107,-,0.2323943661971831,-2.02,2.22,120.77,112.46
108,-,0.16911764705882354,-0.98,2.41,117.40,150.79
109,E,0.11834319526627218,-2.15,2.24,124.99,173.24
110,E,0.0,-1.91,1.93,111.98,164.02
111,E,0.0,-1.32,2.25,109.11,158.86
112,E,0.0,-2.20,2.02,128.74,163.14
113,E,0.0,-1.49,2.25,108.91,153.97
114,E,0.03821656050955414,-1.94,2.96,136.02,121.49
115,-,0.2731707317073171,1.06,0.66,90.44,119.07
116,G,0.3024390243902439,-0.87,-0.53,88.61,111.77
117,G,0.3128834355828221,-1.13,-0.56,93.31,91.61
118,G,0.18902439024390244,-1.26,-0.05,91.67,100.89
119,G,0.13709677419354838,-1.23,-0.53,89.48,78.04
120,T,0.9044585987261147,-1.67,-0.39,96.58,90.32
121,-,0.4049079754601227,-0.88,2.20,109.47,125.97
122,H,0.6391752577319587,-1.24,-0.69,94.96,86.72
123,H,0.6304347826086957,-1.03,-0.77,88.27,70.62
124,H,0.15492957746478872,-1.05,-0.94,95.36,69.93
125,H,0.4435483870967742,-1.03,-0.57,90.70,69.10
126,H,0.42338709677419356,-1.24,-0.77,95.61,71.01
127,H,0.5360824742268041,-1.12,-0.72,92.74,67.72
128,H,0.1402439024390244,-1.24,-0.35,90.80,82.56
129,H,0.5943396226415094,-1.16,-0.57,89.22,87.92
130,H,0.6048780487804878,-1.02,-0.88,87.73,72.77
131,T,0.6648936170212766,-1.28,0.10,88.22,62.41
132,T,0.9609756097560975,0.95,0.75,88.88,101.06
133,-,0.45454545454545453,-2.27,-3.08,138.73,130.47
134,-,0.4845360824742268,-2.80,2.83,138.26,141.89
135,-,0.022058823529411766,-0.96,2.79,119.06,114.81
136,-,0.014084507042253521,-1.25,2.35,115.75,139.05
137,-,0.3463414634146341,-1.53,2.48,117.51,161.44
138,H,0.25735294117647056,-0.88,-0.55,89.18,68.89
139,H,0.5979381443298969,-1.14,-1.00,97.51,76.72
140,H,0.4175257731958763,-0.98,-0.52,90.20,69.93
141,H,0.0,-1.26,-0.60,90.15,70.72
142,H,0.5564516129032258,-1.24,-0.65,90.99,70.52
143,H,0.48466257668711654,-1.07,-0.89,90.05,71.38
144,H,0.031914893617021274,-1.01,-0.65,89.28,71.73
145,H,0.05660377358490566,-1.15,-0.68,91.50,68.82
146,H,0.821656050955414,-1.25,-0.71,92.68,72.86
147,H,0.6169354838709677,-0.96,-0.67,91.08,67.25
148,T,0.17751479289940827,-1.77,0.24,94.45,64.19
149,T,0.7261904761904762,1.00,0.81,96.21,131.15
150,-,0.19811320754716982,-1.29,2.67,118.41,143.74
151,S,0.4263959390862944,-1.21,-0.48,87.57,95.14
152,E,0.16666666666666666,3.09,2.68,146.61,123.37
153,E,0.11711711711711711,-1.83,2.63,124.03,148.40
154,E,0.2393617021276596,-2.72,2.67,138.04,163.68
155,E,0.15979381443298968,-2.23,2.85,131.97,156.47
156,-,0.014814814814814815,-3.09,3.05,151.50,143.41
157,-,0.007692307692307693,-2.46,2.09,123.08,174.80
158,T,0.1509433962264151,-1.35,-0.38,88.27,88.26
159,T,0.6682926829268293,-1.25,-0.87,97.48,59.30
160,T,0.5985915492957746,-1.62,-0.25,94.05,77.45
161,-,0.5024390243902439,1.46,-0.04,89.53,127.23
162,T,0.50920245398773,-0.93,1.88,106.90,107.59
163,T,0.11904761904761904,1.37,0.05,98.56,86.77
164,H,0.06338028169014084,-1.05,-0.76,93.43,105.38
165,H,0.4435483870967742,-1.13,-0.65,94.53,73.61
166,H,0.5051546391752577,-1.15,-0.60,89.75,78.85
167,H,0.0,-0.97,-0.91,93.41,70.94
168,H,0.0,-1.26,-0.55,96.06,69.18
169,H,0.30927835051546393,-1.13,-0.74,88.44,71.30
170,H,0.23404255319148937,-1.10,-0.67,88.63,68.25
171,H,0.0,-1.09,-0.85,93.01,67.23
172,H,0.007042253521126761,-1.09,-0.78,91.70,69.68
173,H,0.34274193548387094,-0.98,-0.66,87.76,66.96
174,H,0.009433962264150943,-1.40,-0.50,95.42,71.53
175,H,0.09433962264150944,-1.32,-0.37,91.52,69.32
176,H,0.4146341463414634,-1.50,-0.97,101.47,62.66
177,-,0.5303030303030303,-1.47,-2.94,129.11,-
178,-,1.0,1.06,-,-,-
