Position,Residue,Na,Nec,pI,Mass,Enc,Hidrofobicity,Polarity,Center_of_mass
1,MET,17,0.0,5.74,131.2,3.51,1.9,5.7,"(29.867657, 40.56089, 50.01914)"
2,ASP,12,-1.0,2.77,115.1,-4.12,-3.5,13.0,"(25.97897, 37.716034, 51.14878)"
3,LYS,22,1.0,9.74,128.2,-4.18,-3.9,11.3,"(27.715715, 38.85404, 55.84464)"
4,PHE,20,0.0,5.48,147.2,5.27,2.8,5.2,"(27.021639, 32.642036, 56.71787)"
5,ARG,24,1.0,10.76,156.2,-0.93,-4.5,10.5,"(25.67661, 37.217262, 61.804012)"
6,VAL,16,0.0,5.96,99.1,4.45,4.2,5.9,"(27.657946, 31.877554, 63.208424)"
7,GLN,17,0.0,5.65,128.1,-2.76,-3.5,10.5,"(25.378124, 32.5044, 66.9366)"
8,GLY,7,0.0,5.97,57.0,-1.62,-0.4,9.0,"(27.985678, 29.903648, 69.75691)"
9,PRO,14,0.0,6.3,97.1,-3.03,-1.6,8.0,"(28.254667, 27.13693, 71.6885)"
10,THR,14,0.0,5.66,101.1,-1.2,-0.7,8.6,"(26.495527, 24.420732, 68.32879)"
11,LYS,22,1.0,9.74,128.2,-4.18,-3.9,11.3,"(26.099533, 19.085976, 69.532005)"
12,LEU,19,0.0,5.98,113.2,5.01,3.8,4.9,"(27.21129, 19.923574, 64.66131)"
13,GLN,17,0.0,5.65,128.1,-2.76,-3.5,10.5,"(23.791939, 15.565361, 66.49405)"
14,GLY,7,0.0,5.97,57.0,-1.62,-0.4,9.0,"(22.70254, 13.835325, 62.970364)"
15,GLU,15,-1.0,3.22,129.1,-3.64,-3.5,12.3,"(20.540785, 12.60159, 58.937828)"
16,VAL,16,0.0,5.96,99.1,4.45,4.2,5.9,"(23.800135, 14.6569605, 55.969242)"
17,THR,14,0.0,5.66,101.1,-1.2,-0.7,8.6,"(21.917171, 13.783661, 52.390335)"
18,ILE,19,0.0,6.02,113.2,5.58,4.5,5.2,"(26.139978, 13.487456, 50.799522)"
19,SER,11,0.0,5.68,87.1,-2.84,-0.8,9.2,"(25.777191, 15.946599, 47.20597)"
20,GLY,7,0.0,5.97,57.0,-1.62,-0.4,9.0,"(27.461304, 15.671377, 44.282524)"
21,ALA,10,0.0,6.0,71.1,-0.22,1.8,8.1,"(30.720583, 15.721202, 42.916283)"
22,LYS,22,1.0,9.74,128.2,-4.18,-3.9,11.3,"(32.679028, 20.680773, 42.767014)"
23,ASN,14,0.0,5.41,114.1,-2.65,-3.5,11.6,"(35.4729, 18.338057, 41.693024)"
24,ALA,10,0.0,6.0,71.1,-0.22,1.8,8.1,"(32.71163, 15.298774, 38.925034)"
25,ALA,10,0.0,6.0,71.1,-0.22,1.8,8.1,"(30.368029, 17.591515, 37.76673)"
26,LEU,19,0.0,5.98,113.2,5.01,3.8,4.9,"(32.66792, 20.784435, 37.05565)"
27,PRO,14,0.0,6.3,97.1,-3.03,-1.6,8.0,"(34.558132, 17.36135, 34.944443)"
28,ILE,19,0.0,6.02,113.2,5.58,4.5,5.2,"(31.123173, 15.076576, 33.56948)"
29,LEU,19,0.0,5.98,113.2,5.01,3.8,4.9,"(29.16253, 19.419273, 32.592762)"
30,PHE,20,0.0,5.48,147.2,5.27,2.8,5.2,"(33.109623, 21.374645, 30.64356)"
31,ALA,10,0.0,6.0,71.1,-0.22,1.8,8.1,"(32.948353, 16.11967, 28.457268)"
32,ALA,10,0.0,6.0,71.1,-0.22,1.8,8.1,"(29.663239, 16.769686, 26.940733)"
33,LEU,19,0.0,5.98,113.2,5.01,3.8,4.9,"(31.42448, 19.779985, 24.765892)"
34,LEU,19,0.0,5.98,113.2,5.01,3.8,4.9,"(33.07527, 14.962917, 23.313276)"
35,ALA,10,0.0,6.0,71.1,-0.22,1.8,8.1,"(28.367043, 14.4610615, 22.812706)"
36,GLU,15,-1.0,3.22,129.1,-3.64,-3.5,12.3,"(27.89875, 13.461127, 18.46044)"
37,GLU,9,-1.0,3.22,129.1,-3.64,-3.5,12.3,"(23.94, 12.283514, 21.66868)"
38,PRO,14,0.0,6.3,97.1,-3.03,-1.6,8.0,"(21.359901, 13.390861, 23.79357)"
39,VAL,16,0.0,5.96,99.1,4.45,4.2,5.9,"(23.762812, 13.830984, 27.94041)"
40,GLU,15,-1.0,3.22,129.1,-3.64,-3.5,12.3,"(20.400093, 12.173395, 32.079613)"
41,ILE,19,0.0,6.02,113.2,5.58,4.5,5.2,"(24.407644, 14.5309725, 33.928673)"
42,GLN,17,0.0,5.65,128.1,-2.76,-3.5,10.5,"(21.421213, 11.265767, 37.04926)"
43,ASN,14,0.0,5.41,114.1,-2.65,-3.5,11.6,"(23.792715, 13.513858, 41.753166)"
44,VAL,16,0.0,5.96,99.1,4.45,4.2,5.9,"(24.05531, 17.627056, 39.350445)"
45,PRO,14,0.0,6.3,97.1,-3.03,-1.6,8.0,"(25.479357, 19.524033, 42.174953)"
46,LYS,22,1.0,9.74,128.2,-4.18,-3.9,11.3,"(21.47728, 23.044739, 42.754982)"
47,LEU,19,0.0,5.98,113.2,5.01,3.8,4.9,"(27.34931, 24.199125, 42.89443)"
48,LYS,22,1.0,9.74,128.2,-4.18,-3.9,11.3,"(28.235275, 29.984526, 40.922794)"
49,ASP,12,-1.0,2.77,115.1,-4.12,-3.5,13.0,"(31.122658, 26.752934, 39.246323)"
50,VAL,16,0.0,5.96,99.1,4.45,4.2,5.9,"(27.149702, 23.869255, 37.73218)"
51,ASP,12,-1.0,2.77,115.1,-4.12,-3.5,13.0,"(24.820745, 28.057005, 36.842896)"
52,THR,14,0.0,5.66,101.1,-1.2,-0.7,8.6,"(28.99742, 29.345287, 35.13115)"
53,SER,11,0.0,5.68,87.1,-2.84,-0.8,9.2,"(29.30642, 25.493168, 33.25865)"
54,MET,17,0.0,5.74,131.2,3.51,1.9,5.7,"(24.478876, 24.997131, 32.96427)"
55,LYS,22,1.0,9.74,128.2,-4.18,-3.9,11.3,"(24.919634, 30.246887, 32.062412)"
56,LEU,19,0.0,5.98,113.2,5.01,3.8,4.9,"(30.00962, 28.054811, 28.664766)"
57,LEU,19,0.0,5.98,113.2,5.01,3.8,4.9,"(27.807878, 24.18001, 27.70131)"
58,SER,11,0.0,5.68,87.1,-2.84,-0.8,9.2,"(24.539368, 27.645597, 26.074478)"
59,GLN,17,0.0,5.65,128.1,-2.76,-3.5,10.5,"(27.097498, 31.326529, 25.378206)"
60,LEU,19,0.0,5.98,113.2,5.01,3.8,4.9,"(29.541517, 26.856865, 23.06547)"
61,GLY,7,0.0,5.97,57.0,-1.62,-0.4,9.0,"(25.26213, 25.503544, 21.49146)"
62,ALA,10,0.0,6.0,71.1,-0.22,1.8,8.1,"(24.304003, 23.696165, 23.77126)"
63,LYS,22,1.0,9.74,128.2,-4.18,-3.9,11.3,"(20.282658, 21.95484, 22.993755)"
64,VAL,16,0.0,5.96,99.1,4.45,4.2,5.9,"(21.277456, 23.249228, 28.608046)"
65,GLU,15,-1.0,3.22,129.1,-3.64,-3.5,12.3,"(17.01434, 21.247005, 30.64466)"
66,ARG,24,1.0,10.76,156.2,-0.93,-4.5,10.5,"(19.533863, 21.46357, 36.695553)"
67,ASN,14,0.0,5.41,114.1,-2.65,-3.5,11.6,"(16.707726, 20.915337, 38.698944)"
68,GLY,7,0.0,5.97,57.0,-1.62,-0.4,9.0,"(18.772785, 17.089294, 39.34978)"
69,SER,11,0.0,5.68,87.1,-2.84,-0.8,9.2,"(19.379486, 16.196661, 36.28942)"
70,VAL,16,0.0,5.96,99.1,4.45,4.2,5.9,"(22.126842, 18.512562, 33.856625)"
71,HIS,17,0.1,7.59,137.1,1.28,-3.2,10.4,"(18.922462, 17.23076, 30.820492)"
72,ILE,19,0.0,6.02,113.2,5.58,4.5,5.2,"(23.759127, 18.446627, 27.920269)"
73,ASP,12,-1.0,2.77,115.1,-4.12,-3.5,13.0,"(21.758802, 18.48616, 22.891619)"
74,ALA,10,0.0,6.0,71.1,-0.22,1.8,8.1,"(25.825699, 18.854239, 21.986435)"
75,ARG,24,1.0,10.76,156.2,-0.93,-4.5,10.5,"(22.663721, 16.892817, 18.534687)"
76,ASP,12,-1.0,2.77,115.1,-4.12,-3.5,13.0,"(23.837275, 21.879654, 17.168312)"
77,VAL,16,0.0,5.96,99.1,4.45,4.2,5.9,"(28.363356, 22.98597, 19.318178)"
78,ASN,14,0.0,5.41,114.1,-2.65,-3.5,11.6,"(27.964693, 26.730938, 17.01503)"
79,VAL,16,0.0,5.96,99.1,4.45,4.2,5.9,"(30.646757, 28.749504, 19.529528)"
80,PHE,20,0.0,5.48,147.2,5.27,2.8,5.2,"(34.06021, 26.499468, 18.388027)"
81,CYS,11,0.0,5.05,103.1,4.66,2.5,5.5,"(35.06536, 31.49016, 22.141832)"
82,ALA,10,0.0,6.0,71.1,-0.22,1.8,8.1,"(34.818592, 31.288221, 25.556236)"
83,PRO,14,0.0,6.3,97.1,-3.03,-1.6,8.0,"(32.708946, 33.745796, 26.841856)"
84,TYR,21,0.0,5.66,163.2,2.15,-1.3,6.2,"(34.505882, 38.14879, 28.796368)"
85,ASP,12,-1.0,2.77,115.1,-4.12,-3.5,13.0,"(31.40317, 36.80742, 30.384932)"
86,LEU,19,0.0,5.98,113.2,5.01,3.8,4.9,"(30.821804, 32.866142, 31.441912)"
87,VAL,16,0.0,5.96,99.1,4.45,4.2,5.9,"(35.728535, 31.98593, 31.784513)"
88,LYS,22,1.0,9.74,128.2,-4.18,-3.9,11.3,"(35.61162, 36.375164, 34.841446)"
89,THR,14,0.0,5.66,101.1,-1.2,-0.7,8.6,"(33.73106, 32.902317, 37.516693)"
90,MET,17,0.0,5.74,131.2,3.51,1.9,5.7,"(34.398106, 28.626326, 35.762596)"
91,ARG,24,1.0,10.76,156.2,-0.93,-4.5,10.5,"(40.230534, 25.753548, 37.031647)"
92,ALA,10,0.0,6.0,71.1,-0.22,1.8,8.1,"(36.59414, 24.849688, 34.89738)"
93,SER,11,0.0,5.68,87.1,-2.84,-0.8,9.2,"(36.60958, 26.920706, 31.61541)"
94,ILE,19,0.0,6.02,113.2,5.58,4.5,5.2,"(40.69599, 24.939926, 30.830261)"
95,TRP,24,0.0,5.89,186.2,5.2,-0.9,5.4,"(38.303932, 20.79894, 32.778244)"
96,ALA,10,0.0,6.0,71.1,-0.22,1.8,8.1,"(36.5282, 23.204855, 26.884312)"
97,LEU,19,0.0,5.98,113.2,5.01,3.8,4.9,"(40.493954, 23.730515, 25.190382)"
98,GLY,7,0.0,5.97,57.0,-1.62,-0.4,9.0,"(39.6611, 19.640514, 24.466042)"
99,PRO,14,0.0,6.3,97.1,-3.03,-1.6,8.0,"(36.69803, 19.040245, 24.312845)"
100,LEU,19,0.0,5.98,113.2,5.01,3.8,4.9,"(36.209843, 22.50175, 21.628876)"
101,VAL,16,0.0,5.96,99.1,4.45,4.2,5.9,"(40.67068, 20.538475, 19.994461)"
102,ALA,10,0.0,6.0,71.1,-0.22,1.8,8.1,"(38.91891, 16.836222, 19.508324)"
103,ARG,24,1.0,10.76,156.2,-0.93,-4.5,10.5,"(32.968983, 17.555838, 18.51357)"
104,PHE,20,0.0,5.48,147.2,5.27,2.8,5.2,"(34.447285, 20.982798, 17.098137)"
105,GLY,7,0.0,5.97,57.0,-1.62,-0.4,9.0,"(40.02387, 21.789188, 15.759264)"
106,GLN,17,0.0,5.65,128.1,-2.76,-3.5,10.5,"(38.464935, 25.5205, 16.844114)"
107,GLY,7,0.0,5.97,57.0,-1.62,-0.4,9.0,"(39.79737, 26.54233, 20.732256)"
108,GLN,17,0.0,5.65,128.1,-2.76,-3.5,10.5,"(38.88444, 29.686674, 21.318254)"
109,VAL,16,0.0,5.96,99.1,4.45,4.2,5.9,"(39.761414, 29.088398, 26.82275)"
110,SER,11,0.0,5.68,87.1,-2.84,-0.8,9.2,"(40.16992, 32.275436, 28.955948)"
111,LEU,19,0.0,5.98,113.2,5.01,3.8,4.9,"(44.411472, 32.28823, 30.558844)"
112,PRO,14,0.0,6.3,97.1,-3.03,-1.6,8.0,"(42.79172, 30.974554, 34.219765)"
113,GLY,7,0.0,5.97,57.0,-1.62,-0.4,9.0,"(41.478836, 34.23819, 36.708286)"
114,GLY,7,0.0,5.97,57.0,-1.62,-0.4,9.0,"(42.419823, 34.213215, 39.791267)"
115,ALA,10,0.0,6.0,71.1,-0.22,1.8,8.1,"(44.291924, 33.29832, 42.46077)"
116,THR,14,0.0,5.66,101.1,-1.2,-0.7,8.6,"(43.55649, 32.067017, 45.952423)"
117,ILE,19,0.0,6.02,113.2,5.58,4.5,5.2,"(45.029907, 27.773474, 46.54935)"
118,GLY,7,0.0,5.97,57.0,-1.62,-0.4,9.0,"(47.99016, 29.543198, 43.952297)"
119,ALA,10,0.0,6.0,71.1,-0.22,1.8,8.1,"(49.591568, 29.855888, 40.723335)"
120,ARG,24,1.0,10.76,156.2,-0.93,-4.5,10.5,"(45.336594, 26.652866, 40.412342)"
121,PRO,14,0.0,6.3,97.1,-3.03,-1.6,8.0,"(49.686424, 26.515926, 36.50026)"
122,VAL,16,0.0,5.96,99.1,4.45,4.2,5.9,"(47.343906, 25.437744, 32.58914)"
123,ASP,12,-1.0,2.77,115.1,-4.12,-3.5,13.0,"(51.7833, 23.794668, 32.361073)"
124,LEU,19,0.0,5.98,113.2,5.01,3.8,4.9,"(50.472843, 20.105186, 32.638485)"
125,HIS,17,0.1,7.59,137.1,1.28,-3.2,10.4,"(46.048103, 21.367477, 30.98886)"
126,ILE,19,0.0,6.02,113.2,5.58,4.5,5.2,"(49.16111, 23.650652, 27.143248)"
127,SER,11,0.0,5.68,87.1,-2.84,-0.8,9.2,"(51.83619, 19.738293, 27.09779)"
128,GLY,7,0.0,5.97,57.0,-1.62,-0.4,9.0,"(49.224037, 17.532803, 25.931545)"
129,LEU,19,0.0,5.98,113.2,5.01,3.8,4.9,"(46.325336, 19.338995, 24.1888)"
130,GLU,15,-1.0,3.22,129.1,-3.64,-3.5,12.3,"(51.31129, 20.824, 22.719)"
131,GLN,17,0.0,5.65,128.1,-2.76,-3.5,10.5,"(52.366646, 15.816106, 23.960775)"
132,LEU,19,0.0,5.98,113.2,5.01,3.8,4.9,"(47.533527, 14.628934, 21.642141)"
133,GLY,7,0.0,5.97,57.0,-1.62,-0.4,9.0,"(48.828506, 17.927761, 18.245932)"
134,ALA,10,0.0,6.0,71.1,-0.22,1.8,8.1,"(47.98732, 20.699203, 19.368605)"
135,THR,14,0.0,5.66,101.1,-1.2,-0.7,8.6,"(48.64314, 24.547224, 17.794613)"
136,ILE,19,0.0,6.02,113.2,5.58,4.5,5.2,"(48.6241, 25.890528, 22.12043)"
137,LYS,22,1.0,9.74,128.2,-4.18,-3.9,11.3,"(47.64102, 31.035881, 19.74173)"
138,LEU,19,0.0,5.98,113.2,5.01,3.8,4.9,"(49.17998, 31.91603, 24.904558)"
139,GLU,15,-1.0,3.22,129.1,-3.64,-3.5,12.3,"(46.92241, 35.55665, 21.539154)"
140,GLU,15,-1.0,3.22,129.1,-3.64,-3.5,12.3,"(44.009117, 38.563145, 23.066547)"
141,GLY,7,0.0,5.97,57.0,-1.62,-0.4,9.0,"(44.0096, 36.034782, 27.483967)"
142,TYR,21,0.0,5.66,163.2,2.15,-1.3,6.2,"(41.41123, 34.36114, 25.149975)"
143,VAL,16,0.0,5.96,99.1,4.45,4.2,5.9,"(44.121765, 29.35801, 25.482695)"
144,LYS,22,1.0,9.74,128.2,-4.18,-3.9,11.3,"(44.12024, 31.170328, 20.955051)"
145,ALA,10,0.0,6.0,71.1,-0.22,1.8,8.1,"(43.526833, 25.779324, 20.329126)"
146,SER,11,0.0,5.68,87.1,-2.84,-0.8,9.2,"(44.63584, 24.508202, 16.90411)"
147,VAL,16,0.0,5.96,99.1,4.45,4.2,5.9,"(44.03232, 20.377747, 15.138246)"
148,ASP,12,-1.0,2.77,115.1,-4.12,-3.5,13.0,"(44.352974, 20.296707, 10.299405)"
149,GLY,7,0.0,5.97,57.0,-1.62,-0.4,9.0,"(42.47734, 17.49508, 12.242951)"
150,ARG,24,1.0,10.76,156.2,-0.93,-4.5,10.5,"(40.40187, 13.068642, 14.350867)"
151,LEU,19,0.0,5.98,113.2,5.01,3.8,4.9,"(44.173832, 14.861858, 18.035622)"
152,LYS,22,1.0,9.74,128.2,-4.18,-3.9,11.3,"(47.917656, 10.550126, 16.735119)"
153,GLY,7,0.0,5.97,57.0,-1.62,-0.4,9.0,"(48.03311, 9.679605, 19.891748)"
154,ALA,10,0.0,6.0,71.1,-0.22,1.8,8.1,"(50.222862, 9.701665, 22.836979)"
155,HIS,18,0.1,7.59,137.1,1.28,-3.2,10.4,"(53.522484, 7.286319, 26.038746)"
156,ILE,19,0.0,6.02,113.2,5.58,4.5,5.2,"(51.239094, 11.545362, 27.595673)"
157,VAL,16,0.0,5.96,99.1,4.45,4.2,5.9,"(54.96763, 11.025879, 30.873718)"
158,MET,17,0.0,5.74,131.2,3.51,1.9,5.7,"(51.538895, 13.723269, 33.409744)"
159,ASP,12,-1.0,2.77,115.1,-4.12,-3.5,13.0,"(56.2505, 16.245556, 35.302902)"
160,LYS,22,1.0,9.74,128.2,-4.18,-3.9,11.3,"(53.452984, 18.057001, 38.249027)"
161,VAL,16,0.0,5.96,99.1,4.45,4.2,5.9,"(50.006638, 14.511912, 39.9063)"
162,SER,11,0.0,5.68,87.1,-2.84,-0.8,9.2,"(47.194447, 16.733416, 37.435974)"
163,VAL,16,0.0,5.96,99.1,4.45,4.2,5.9,"(43.218582, 16.098766, 38.547)"
164,GLY,7,0.0,5.97,57.0,-1.62,-0.4,9.0,"(43.122437, 18.159645, 35.25532)"
165,ALA,10,0.0,6.0,71.1,-0.22,1.8,8.1,"(45.498608, 17.437502, 33.108803)"
166,THR,14,0.0,5.66,101.1,-1.2,-0.7,8.6,"(44.46612, 13.688969, 33.716965)"
167,VAL,16,0.0,5.96,99.1,4.45,4.2,5.9,"(40.61691, 15.5241785, 32.572357)"
168,THR,14,0.0,5.66,101.1,-1.2,-0.7,8.6,"(42.502983, 17.790272, 29.236645)"
169,ILE,19,0.0,6.02,113.2,5.58,4.5,5.2,"(45.145584, 14.446534, 28.301744)"
170,MET,17,0.0,5.74,131.2,3.51,1.9,5.7,"(40.661415, 11.170093, 29.9564)"
171,CYS,11,0.0,5.05,103.1,4.66,2.5,5.5,"(38.517975, 14.151195, 27.597248)"
172,ALA,10,0.0,6.0,71.1,-0.22,1.8,8.1,"(41.077602, 14.686412, 24.004898)"
173,ALA,10,0.0,6.0,71.1,-0.22,1.8,8.1,"(42.075924, 11.112484, 23.67847)"
174,THR,14,0.0,5.66,101.1,-1.2,-0.7,8.6,"(38.282875, 10.179425, 23.297262)"
175,LEU,19,0.0,5.98,113.2,5.01,3.8,4.9,"(37.715393, 12.045546, 19.430693)"
176,ALA,10,0.0,6.0,71.1,-0.22,1.8,8.1,"(42.034435, 10.222427, 18.78483)"
177,GLU,15,-1.0,3.22,129.1,-3.64,-3.5,12.3,"(44.39898, 9.154528, 14.715406)"
178,GLY,7,0.0,5.97,57.0,-1.62,-0.4,9.0,"(44.477127, 6.201903, 18.825266)"
179,THR,14,0.0,5.66,101.1,-1.2,-0.7,8.6,"(46.763283, 4.5930877, 21.64703)"
180,THR,14,0.0,5.66,101.1,-1.2,-0.7,8.6,"(46.499138, 7.7854996, 24.649426)"
181,ILE,19,0.0,6.02,113.2,5.58,4.5,5.2,"(49.685963, 5.873208, 27.1413)"
182,ILE,19,0.0,6.02,113.2,5.58,4.5,5.2,"(47.96771, 9.042287, 30.753727)"
183,GLU,15,-1.0,3.22,129.1,-3.64,-3.5,12.3,"(52.50471, 6.91561, 32.290245)"
184,ASN,14,0.0,5.41,114.1,-2.65,-3.5,11.6,"(51.823692, 10.186694, 36.948925)"
185,ALA,10,0.0,6.0,71.1,-0.22,1.8,8.1,"(47.791107, 9.360794, 36.402115)"
186,ALA,10,0.0,6.0,71.1,-0.22,1.8,8.1,"(45.38478, 11.072745, 38.30271)"
187,ARG,24,1.0,10.76,156.2,-0.93,-4.5,10.5,"(46.154533, 7.315888, 41.67539)"
188,GLU,15,-1.0,3.22,129.1,-3.64,-3.5,12.3,"(41.947453, 11.467251, 42.130756)"
189,PRO,14,0.0,6.3,97.1,-3.03,-1.6,8.0,"(37.615444, 9.636148, 42.533653)"
190,GLU,15,-1.0,3.22,129.1,-3.64,-3.5,12.3,"(36.612404, 12.783064, 40.91741)"
191,ILE,19,0.0,6.02,113.2,5.58,4.5,5.2,"(39.742065, 11.089012, 37.20825)"
192,VAL,16,0.0,5.96,99.1,4.45,4.2,5.9,"(37.36337, 7.077371, 37.808735)"
193,ASP,12,-1.0,2.77,115.1,-4.12,-3.5,13.0,"(33.09704, 9.319113, 37.675728)"
194,THR,14,0.0,5.66,101.1,-1.2,-0.7,8.6,"(35.114197, 11.477433, 34.156105)"
195,ALA,10,0.0,6.0,71.1,-0.22,1.8,8.1,"(36.04166, 7.8271995, 32.485786)"
196,ASN,14,0.0,5.41,114.1,-2.65,-3.5,11.6,"(33.183956, 5.5735955, 33.99883)"
197,PHE,20,0.0,5.48,147.2,5.27,2.8,5.2,"(30.31932, 10.463405, 30.918497)"
198,LEU,19,0.0,5.98,113.2,5.01,3.8,4.9,"(34.045395, 9.418149, 28.580566)"
199,ILE,19,0.0,6.02,113.2,5.58,4.5,5.2,"(33.22869, 4.503214, 29.138037)"
200,THR,14,0.0,5.66,101.1,-1.2,-0.7,8.6,"(28.566425, 5.697827, 29.004713)"
201,LEU,19,0.0,5.98,113.2,5.01,3.8,4.9,"(29.432364, 8.763052, 25.930344)"
202,GLY,7,0.0,5.97,57.0,-1.62,-0.4,9.0,"(31.993109, 5.2037063, 24.081774)"
203,ALA,10,0.0,6.0,71.1,-0.22,1.8,8.1,"(34.783676, 5.487071, 25.281637)"
204,LYS,22,1.0,9.74,128.2,-4.18,-3.9,11.3,"(37.730064, 2.434534, 23.120485)"
205,ILE,19,0.0,6.02,113.2,5.58,4.5,5.2,"(38.793316, 4.64595, 28.764397)"
206,SER,11,0.0,5.68,87.1,-2.84,-0.8,9.2,"(41.709248, 1.2336888, 30.715073)"
207,GLY,7,0.0,5.97,57.0,-1.62,-0.4,9.0,"(43.043007, 2.4280431, 34.22531)"
208,GLN,17,0.0,5.65,128.1,-2.76,-3.5,10.5,"(40.12232, 4.1841874, 34.943104)"
209,GLY,7,0.0,5.97,57.0,-1.62,-0.4,9.0,"(42.801353, 4.776834, 39.227184)"
210,THR,14,0.0,5.66,101.1,-1.2,-0.7,8.6,"(45.599945, 3.359777, 37.476574)"
211,ASP,12,-1.0,2.77,115.1,-4.12,-3.5,13.0,"(49.678257, 4.82386, 37.443695)"
212,ARG,24,1.0,10.76,156.2,-0.93,-4.5,10.5,"(49.021553, 2.363884, 32.59561)"
213,ILE,19,0.0,6.02,113.2,5.58,4.5,5.2,"(44.950333, 6.348726, 32.031242)"
214,VAL,16,0.0,5.96,99.1,4.45,4.2,5.9,"(44.779278, 3.429195, 28.310087)"
215,ILE,19,0.0,6.02,113.2,5.58,4.5,5.2,"(42.630035, 6.5566773, 25.767187)"
216,GLU,15,-1.0,3.22,129.1,-3.64,-3.5,12.3,"(41.321735, 2.98401, 21.380297)"
217,GLY,7,0.0,5.97,57.0,-1.62,-0.4,9.0,"(40.149193, 6.171468, 19.713974)"
218,VAL,16,0.0,5.96,99.1,4.45,4.2,5.9,"(36.70824, 6.8259926, 18.9346)"
219,GLU,15,-1.0,3.22,129.1,-3.64,-3.5,12.3,"(34.226765, 8.597422, 14.423084)"
220,ARG,24,1.0,10.76,156.2,-0.93,-4.5,10.5,"(29.604492, 9.391161, 17.266108)"
221,LEU,19,0.0,5.98,113.2,5.01,3.8,4.9,"(31.342207, 10.092438, 21.64194)"
222,GLY,7,0.0,5.97,57.0,-1.62,-0.4,9.0,"(27.30458, 9.804881, 22.323317)"
223,GLY,7,0.0,5.97,57.0,-1.62,-0.4,9.0,"(25.032896, 8.975551, 24.87961)"
224,GLY,7,0.0,5.97,57.0,-1.62,-0.4,9.0,"(23.243542, 9.209552, 28.091469)"
225,VAL,16,0.0,5.96,99.1,4.45,4.2,5.9,"(22.20085, 8.060544, 31.680464)"
226,TYR,21,0.0,5.66,163.2,2.15,-1.3,6.2,"(27.48215, 8.757164, 34.908928)"
227,ARG,24,1.0,10.76,156.2,-0.93,-4.5,10.5,"(23.761507, 9.161269, 40.229935)"
228,VAL,16,0.0,5.96,99.1,4.45,4.2,5.9,"(27.502058, 12.076339, 40.02038)"
229,LEU,19,0.0,5.98,113.2,5.01,3.8,4.9,"(30.71352, 10.471673, 42.741215)"
230,PRO,14,0.0,6.3,97.1,-3.03,-1.6,8.0,"(29.356703, 10.542079, 46.108265)"
231,ASP,12,-1.0,2.77,115.1,-4.12,-3.5,13.0,"(31.18655, 15.352544, 47.499325)"
232,ARG,24,1.0,10.76,156.2,-0.93,-4.5,10.5,"(36.271362, 13.118539, 48.023754)"
233,ILE,19,0.0,6.02,113.2,5.58,4.5,5.2,"(35.44279, 16.997778, 50.219887)"
234,GLU,15,-1.0,3.22,129.1,-3.64,-3.5,12.3,"(29.667885, 17.477173, 51.230793)"
235,THR,14,0.0,5.66,101.1,-1.2,-0.7,8.6,"(31.447327, 13.704509, 53.218567)"
236,GLY,7,0.0,5.97,57.0,-1.62,-0.4,9.0,"(34.28953, 15.414292, 55.409164)"
237,THR,14,0.0,5.66,101.1,-1.2,-0.7,8.6,"(33.111877, 18.86677, 55.81123)"
238,PHE,20,0.0,5.48,147.2,5.27,2.8,5.2,"(28.896418, 17.791386, 56.88627)"
239,LEU,19,0.0,5.98,113.2,5.01,3.8,4.9,"(32.444725, 13.4440365, 59.166584)"
240,VAL,16,0.0,5.96,99.1,4.45,4.2,5.9,"(35.02951, 17.551458, 60.669704)"
241,ALA,10,0.0,6.0,71.1,-0.22,1.8,8.1,"(31.389854, 19.095184, 62.03983)"
242,ALA,10,0.0,6.0,71.1,-0.22,1.8,8.1,"(30.927532, 16.204569, 64.37709)"
243,ALA,10,0.0,6.0,71.1,-0.22,1.8,8.1,"(34.37687, 15.902742, 65.64734)"
244,ILE,19,0.0,6.02,113.2,5.58,4.5,5.2,"(34.909492, 19.911348, 65.75395)"
245,SER,11,0.0,5.68,87.1,-2.84,-0.8,9.2,"(31.044443, 19.104452, 67.8574)"
246,ARG,24,1.0,10.76,156.2,-0.93,-4.5,10.5,"(33.128925, 17.852425, 72.016)"
247,GLY,7,0.0,5.97,57.0,-1.62,-0.4,9.0,"(29.38075, 14.346134, 68.016785)"
248,LYS,22,1.0,9.74,128.2,-4.18,-3.9,11.3,"(26.38493, 11.086582, 65.90745)"
249,ILE,19,0.0,6.02,113.2,5.58,4.5,5.2,"(26.863134, 12.478586, 61.739063)"
250,ILE,19,0.0,6.02,113.2,5.58,4.5,5.2,"(24.387024, 9.308785, 59.775166)"
251,CYS,11,0.0,5.05,103.1,4.66,2.5,5.5,"(26.977633, 10.562606, 56.222786)"
252,ARG,24,1.0,10.76,156.2,-0.93,-4.5,10.5,"(20.919737, 9.704012, 54.24409)"
253,ASN,14,0.0,5.41,114.1,-2.65,-3.5,11.6,"(23.69187, 9.43073, 49.430714)"
254,ALA,10,0.0,6.0,71.1,-0.22,1.8,8.1,"(27.940763, 7.660845, 50.47372)"
255,GLN,17,0.0,5.65,128.1,-2.76,-3.5,10.5,"(31.80645, 6.279411, 47.556175)"
256,PRO,14,0.0,6.3,97.1,-3.03,-1.6,8.0,"(32.91788, 4.9044824, 51.994045)"
257,ASP,12,-1.0,2.77,115.1,-4.12,-3.5,13.0,"(35.6367, 3.9311082, 48.327473)"
258,THR,14,0.0,5.66,101.1,-1.2,-0.7,8.6,"(36.122967, 8.132594, 48.36006)"
259,LEU,19,0.0,5.98,113.2,5.01,3.8,4.9,"(36.822838, 9.101285, 52.45925)"
260,ASP,12,-1.0,2.77,115.1,-4.12,-3.5,13.0,"(39.944763, 4.951734, 52.960663)"
261,ALA,10,0.0,6.0,71.1,-0.22,1.8,8.1,"(42.45554, 8.706357, 54.69678)"
262,VAL,16,0.0,5.96,99.1,4.45,4.2,5.9,"(39.713615, 11.034428, 56.1693)"
263,LEU,19,0.0,5.98,113.2,5.01,3.8,4.9,"(37.660522, 7.635241, 57.66079)"
264,ALA,10,0.0,6.0,71.1,-0.22,1.8,8.1,"(41.945145, 7.038581, 59.599953)"
265,LYS,22,1.0,9.74,128.2,-4.18,-3.9,11.3,"(43.967316, 10.9156885, 60.194958)"
266,LEU,19,0.0,5.98,113.2,5.01,3.8,4.9,"(38.530018, 11.052592, 61.762665)"
267,ARG,24,1.0,10.76,156.2,-0.93,-4.5,10.5,"(39.070904, 5.408921, 62.177525)"
268,ASP,12,-1.0,2.77,115.1,-4.12,-3.5,13.0,"(43.698147, 8.589301, 64.49129)"
269,ALA,10,0.0,6.0,71.1,-0.22,1.8,8.1,"(40.905216, 11.953901, 66.61825)"
270,GLY,7,0.0,5.97,57.0,-1.62,-0.4,9.0,"(38.730007, 9.46707, 68.19839)"
271,ALA,10,0.0,6.0,71.1,-0.22,1.8,8.1,"(36.504387, 8.532553, 65.987144)"
272,ASP,12,-1.0,2.77,115.1,-4.12,-3.5,13.0,"(32.88876, 5.4791427, 66.487)"
273,ILE,19,0.0,6.02,113.2,5.58,4.5,5.2,"(34.17535, 5.7218976, 61.897434)"
274,GLU,15,-1.0,3.22,129.1,-3.64,-3.5,12.3,"(29.837656, 2.1225502, 61.28364)"
275,VAL,16,0.0,5.96,99.1,4.45,4.2,5.9,"(31.098, 1.9193612, 57.117336)"
276,GLY,7,0.0,5.97,57.0,-1.62,-0.4,9.0,"(28.4984, 1.4962391, 54.79499)"
277,GLU,15,-1.0,3.22,129.1,-3.64,-3.5,12.3,"(26.927423, 0.03215837, 50.15686)"
278,ASP,12,-1.0,2.77,115.1,-4.12,-3.5,13.0,"(24.942814, 4.030725, 50.96042)"
279,TRP,24,0.0,5.89,186.2,5.2,-0.9,5.4,"(26.297613, 3.6348433, 56.32812)"
280,ILE,19,0.0,6.02,113.2,5.58,4.5,5.2,"(29.77323, 7.377759, 56.65293)"
281,SER,11,0.0,5.68,87.1,-2.84,-0.8,9.2,"(28.941992, 6.72241, 61.12056)"
282,LEU,19,0.0,5.98,113.2,5.01,3.8,4.9,"(31.284073, 10.34711, 63.45031)"
283,ASP,12,-1.0,2.77,115.1,-4.12,-3.5,13.0,"(30.172342, 8.668313, 67.73644)"
284,MET,17,0.0,5.74,131.2,3.51,1.9,5.7,"(33.601776, 11.943834, 68.644875)"
285,HIS,17,0.1,7.59,137.1,1.28,-3.2,10.4,"(31.042772, 8.349639, 71.93553)"
286,GLY,7,0.0,5.97,57.0,-1.62,-0.4,9.0,"(31.474749, 13.656394, 73.61163)"
287,LYS,22,1.0,9.74,128.2,-4.18,-3.9,11.3,"(35.41639, 11.820003, 73.96558)"
288,ARG,24,1.0,10.76,156.2,-0.93,-4.5,10.5,"(39.17053, 18.014261, 73.07011)"
289,PRO,14,0.0,6.3,97.1,-3.03,-1.6,8.0,"(39.182365, 16.174543, 69.19876)"
290,LYS,22,1.0,9.74,128.2,-4.18,-3.9,11.3,"(42.49678, 13.524659, 70.71386)"
291,ALA,10,0.0,6.0,71.1,-0.22,1.8,8.1,"(45.986576, 15.502764, 67.65885)"
292,VAL,16,0.0,5.96,99.1,4.45,4.2,5.9,"(46.02139, 14.502936, 63.94111)"
293,ASN,14,0.0,5.41,114.1,-2.65,-3.5,11.6,"(50.128395, 14.3871155, 62.571304)"
294,VAL,16,0.0,5.96,99.1,4.45,4.2,5.9,"(48.309566, 15.759597, 58.11124)"
295,ARG,24,1.0,10.76,156.2,-0.93,-4.5,10.5,"(53.137493, 15.017291, 55.688396)"
296,THR,14,0.0,5.66,101.1,-1.2,-0.7,8.6,"(48.71437, 16.889196, 51.77963)"
297,ALA,10,0.0,6.0,71.1,-0.22,1.8,8.1,"(48.623405, 14.291096, 48.693623)"
298,PRO,14,0.0,6.3,97.1,-3.03,-1.6,8.0,"(48.08346, 12.887415, 45.6428)"
299,HIS,17,0.1,7.59,137.1,1.28,-3.2,10.4,"(43.36801, 9.444956, 45.678352)"
300,PRO,14,0.0,6.3,97.1,-3.03,-1.6,8.0,"(45.31468, 7.4422293, 47.727512)"
301,ALA,10,0.0,6.0,71.1,-0.22,1.8,8.1,"(46.17902, 10.4409, 50.134663)"
302,PHE,20,0.0,5.48,147.2,5.27,2.8,5.2,"(44.60937, 14.081489, 53.753258)"
303,PRO,14,0.0,6.3,97.1,-3.03,-1.6,8.0,"(42.62442, 15.049843, 50.881477)"
304,THR,14,0.0,5.66,101.1,-1.2,-0.7,8.6,"(44.353077, 19.465818, 49.690887)"
305,ASP,12,-1.0,2.77,115.1,-4.12,-3.5,13.0,"(40.3501, 19.65821, 49.00829)"
306,MET,17,0.0,5.74,131.2,3.51,1.9,5.7,"(39.393112, 17.656317, 54.16587)"
307,GLN,17,0.0,5.65,128.1,-2.76,-3.5,10.5,"(44.44554, 21.708054, 54.92291)"
308,ALA,10,0.0,6.0,71.1,-0.22,1.8,8.1,"(41.212704, 23.433516, 56.343098)"
309,GLN,17,0.0,5.65,128.1,-2.76,-3.5,10.5,"(38.484035, 21.159227, 56.685963)"
310,PHE,20,0.0,5.48,147.2,5.27,2.8,5.2,"(41.517555, 17.459272, 59.543205)"
311,THR,14,0.0,5.66,101.1,-1.2,-0.7,8.6,"(43.46807, 23.143774, 60.428593)"
312,LEU,19,0.0,5.98,113.2,5.01,3.8,4.9,"(39.250797, 23.682835, 62.84385)"
313,LEU,19,0.0,5.98,113.2,5.01,3.8,4.9,"(40.232986, 18.849623, 64.08267)"
314,ASN,14,0.0,5.41,114.1,-2.65,-3.5,11.6,"(44.42084, 19.721077, 64.90547)"
315,LEU,19,0.0,5.98,113.2,5.01,3.8,4.9,"(43.491615, 24.622416, 66.04931)"
316,VAL,16,0.0,5.96,99.1,4.45,4.2,5.9,"(39.752575, 22.267103, 68.63097)"
317,ALA,10,0.0,6.0,71.1,-0.22,1.8,8.1,"(42.428417, 19.274548, 69.825134)"
318,GLU,15,-1.0,3.22,129.1,-3.64,-3.5,12.3,"(43.710606, 16.450048, 73.602295)"
319,GLY,7,0.0,5.97,57.0,-1.62,-0.4,9.0,"(47.245213, 18.959797, 71.091446)"
320,THR,14,0.0,5.66,101.1,-1.2,-0.7,8.6,"(50.64365, 19.27353, 68.988525)"
321,GLY,7,0.0,5.97,57.0,-1.62,-0.4,9.0,"(49.427773, 19.240242, 65.31677)"
322,PHE,20,0.0,5.48,147.2,5.27,2.8,5.2,"(53.05843, 19.00775, 63.09433)"
323,ILE,19,0.0,6.02,113.2,5.58,4.5,5.2,"(48.829765, 20.01734, 58.90439)"
324,THR,14,0.0,5.66,101.1,-1.2,-0.7,8.6,"(52.329735, 19.14846, 55.56257)"
325,GLU,15,-1.0,3.22,129.1,-3.64,-3.5,12.3,"(49.600132, 21.409998, 51.770336)"
326,THR,14,0.0,5.66,101.1,-1.2,-0.7,8.6,"(52.286873, 19.0657, 49.45704)"
327,VAL,16,0.0,5.96,99.1,4.45,4.2,5.9,"(49.2922, 19.880432, 46.497467)"
328,PHE,20,0.0,5.48,147.2,5.27,2.8,5.2,"(47.43004, 23.58744, 46.19476)"
329,GLU,15,-1.0,3.22,129.1,-3.64,-3.5,12.3,"(51.712437, 27.30515, 46.54522)"
330,ASN,14,0.0,5.41,114.1,-2.65,-3.5,11.6,"(48.362595, 30.246857, 49.122765)"
331,ARG,24,1.0,10.76,156.2,-0.93,-4.5,10.5,"(44.61651, 25.121597, 50.30074)"
332,PHE,20,0.0,5.48,147.2,5.27,2.8,5.2,"(48.26499, 27.21614, 55.272263)"
333,MET,17,0.0,5.74,131.2,3.51,1.9,5.7,"(44.572792, 32.117256, 52.727196)"
334,HIS,17,0.1,7.59,137.1,1.28,-3.2,10.4,"(42.926807, 28.476032, 56.82758)"
335,VAL,16,0.0,5.96,99.1,4.45,4.2,5.9,"(45.530846, 30.052906, 59.886753)"
336,PRO,14,0.0,6.3,97.1,-3.03,-1.6,8.0,"(45.097397, 33.902985, 59.885197)"
337,GLU,15,-1.0,3.22,129.1,-3.64,-3.5,12.3,"(40.981613, 34.614357, 59.50897)"
338,LEU,19,0.0,5.98,113.2,5.01,3.8,4.9,"(41.03129, 30.02607, 62.598)"
339,SER,11,0.0,5.68,87.1,-2.84,-0.8,9.2,"(44.12042, 33.138355, 64.937904)"
340,ARG,24,1.0,10.76,156.2,-0.93,-4.5,10.5,"(41.425117, 37.372555, 63.16177)"
341,MET,17,0.0,5.74,131.2,3.51,1.9,5.7,"(38.056595, 32.465904, 65.82543)"
342,GLY,7,0.0,5.97,57.0,-1.62,-0.4,9.0,"(42.185863, 31.895142, 69.32909)"
343,ALA,10,0.0,6.0,71.1,-0.22,1.8,8.1,"(44.174015, 29.98039, 67.556885)"
344,HIS,17,0.1,7.59,137.1,1.28,-3.2,10.4,"(47.047607, 28.596134, 69.95856)"
345,ALA,10,0.0,6.0,71.1,-0.22,1.8,8.1,"(49.21505, 28.583899, 64.992294)"
346,GLU,15,-1.0,3.22,129.1,-3.64,-3.5,12.3,"(54.71759, 27.92317, 64.48028)"
347,ILE,19,0.0,6.02,113.2,5.58,4.5,5.2,"(52.874493, 28.845566, 59.554245)"
348,GLU,15,-1.0,3.22,129.1,-3.64,-3.5,12.3,"(57.444077, 26.063046, 60.575954)"
349,SER,11,0.0,5.68,87.1,-2.84,-0.8,9.2,"(57.144703, 26.308794, 55.333233)"
350,ASN,14,0.0,5.41,114.1,-2.65,-3.5,11.6,"(55.076805, 23.046444, 54.02292)"
351,THR,14,0.0,5.66,101.1,-1.2,-0.7,8.6,"(54.036896, 23.025408, 58.227753)"
352,VAL,16,0.0,5.96,99.1,4.45,4.2,5.9,"(50.127777, 24.267105, 60.269005)"
353,ILE,19,0.0,6.02,113.2,5.58,4.5,5.2,"(52.745094, 23.947815, 64.03323)"
354,CYS,11,0.0,5.05,103.1,4.66,2.5,5.5,"(48.392616, 22.685652, 65.218834)"
355,HIS,17,0.1,7.59,137.1,1.28,-3.2,10.4,"(49.669598, 24.409054, 69.352036)"
356,GLY,7,0.0,5.97,57.0,-1.62,-0.4,9.0,"(45.03795, 22.78831, 71.06465)"
357,VAL,16,0.0,5.96,99.1,4.45,4.2,5.9,"(42.36743, 25.358059, 71.94476)"
358,GLU,15,-1.0,3.22,129.1,-3.64,-3.5,12.3,"(38.243626, 23.755909, 75.28094)"
359,LYS,22,1.0,9.74,128.2,-4.18,-3.9,11.3,"(35.772762, 27.491148, 73.508644)"
360,LEU,19,0.0,5.98,113.2,5.01,3.8,4.9,"(37.600765, 28.939486, 69.40636)"
361,SER,11,0.0,5.68,87.1,-2.84,-0.8,9.2,"(36.471508, 32.986553, 70.465576)"
362,GLY,7,0.0,5.97,57.0,-1.62,-0.4,9.0,"(33.89282, 34.57677, 68.52035)"
363,ALA,10,0.0,6.0,71.1,-0.22,1.8,8.1,"(34.705227, 36.194756, 65.119194)"
364,GLN,17,0.0,5.65,128.1,-2.76,-3.5,10.5,"(34.279472, 40.064926, 62.345585)"
365,VAL,16,0.0,5.96,99.1,4.45,4.2,5.9,"(36.003223, 35.928734, 59.838463)"
366,MET,17,0.0,5.74,131.2,3.51,1.9,5.7,"(37.452293, 37.387108, 55.02484)"
367,ALA,10,0.0,6.0,71.1,-0.22,1.8,8.1,"(36.48416, 34.241123, 53.1242)"
368,THR,14,0.0,5.66,101.1,-1.2,-0.7,8.6,"(40.086132, 33.1428, 51.514088)"
369,ASP,12,-1.0,2.77,115.1,-4.12,-3.5,13.0,"(39.12333, 29.511896, 50.134182)"
370,LEU,19,0.0,5.98,113.2,5.01,3.8,4.9,"(35.461815, 26.398466, 48.886246)"
371,ARG,24,1.0,10.76,156.2,-0.93,-4.5,10.5,"(36.69317, 23.34426, 50.355347)"
372,ALA,10,0.0,6.0,71.1,-0.22,1.8,8.1,"(38.06686, 28.192019, 54.073788)"
373,SER,11,0.0,5.68,87.1,-2.84,-0.8,9.2,"(34.407642, 28.928577, 53.734123)"
374,ALA,10,0.0,6.0,71.1,-0.22,1.8,8.1,"(33.623795, 25.82576, 55.57232)"
375,SER,11,0.0,5.68,87.1,-2.84,-0.8,9.2,"(36.3898, 25.879662, 57.89315)"
376,LEU,19,0.0,5.98,113.2,5.01,3.8,4.9,"(35.854607, 30.072405, 58.905468)"
377,VAL,16,0.0,5.96,99.1,4.45,4.2,5.9,"(30.996717, 28.196018, 59.066475)"
378,LEU,19,0.0,5.98,113.2,5.01,3.8,4.9,"(32.39017, 24.266502, 60.836216)"
379,ALA,10,0.0,6.0,71.1,-0.22,1.8,8.1,"(34.29322, 27.439129, 63.66941)"
380,GLY,7,0.0,5.97,57.0,-1.62,-0.4,9.0,"(31.329252, 29.159996, 64.63691)"
381,CYS,11,0.0,5.05,103.1,4.66,2.5,5.5,"(29.039463, 26.407564, 64.54815)"
382,ILE,19,0.0,6.02,113.2,5.58,4.5,5.2,"(32.666748, 25.382738, 67.49108)"
383,ALA,10,0.0,6.0,71.1,-0.22,1.8,8.1,"(32.353783, 29.278154, 68.92063)"
384,GLU,15,-1.0,3.22,129.1,-3.64,-3.5,12.3,"(31.46587, 31.690575, 73.028145)"
385,GLY,7,0.0,5.97,57.0,-1.62,-0.4,9.0,"(29.346016, 33.183723, 69.9644)"
386,THR,14,0.0,5.66,101.1,-1.2,-0.7,8.6,"(29.093004, 36.09609, 67.13852)"
387,THR,14,0.0,5.66,101.1,-1.2,-0.7,8.6,"(31.134682, 34.089817, 63.842804)"
388,VAL,16,0.0,5.96,99.1,4.45,4.2,5.9,"(30.775787, 37.32654, 60.991722)"
389,VAL,16,0.0,5.96,99.1,4.45,4.2,5.9,"(31.712206, 34.452705, 57.58626)"
390,ASP,12,-1.0,2.77,115.1,-4.12,-3.5,13.0,"(32.776604, 38.496292, 54.883453)"
391,ARG,24,1.0,10.76,156.2,-0.93,-4.5,10.5,"(34.483852, 37.90313, 50.844173)"
392,ILE,19,0.0,6.02,113.2,5.58,4.5,5.2,"(29.622025, 33.12134, 52.345535)"
393,TYR,21,0.0,5.66,163.2,2.15,-1.3,6.2,"(31.784834, 34.513412, 47.38978)"
394,HIS,17,0.1,7.59,137.1,1.28,-3.2,10.4,"(34.212723, 31.787788, 48.448425)"
395,ILE,19,0.0,6.02,113.2,5.58,4.5,5.2,"(30.368189, 28.094242, 50.923374)"
396,ASP,12,-1.0,2.77,115.1,-4.12,-3.5,13.0,"(27.678654, 29.173485, 47.36064)"
397,ARG,24,1.0,10.76,156.2,-0.93,-4.5,10.5,"(33.000916, 27.464016, 44.28299)"
398,GLY,7,0.0,5.97,57.0,-1.62,-0.4,9.0,"(30.530735, 23.247042, 46.950775)"
399,TYR,21,0.0,5.66,163.2,2.15,-1.3,6.2,"(30.057638, 23.085855, 50.55931)"
400,GLU,15,-1.0,3.22,129.1,-3.64,-3.5,12.3,"(23.55133, 21.697397, 47.332603)"
401,ARG,24,1.0,10.76,156.2,-0.93,-4.5,10.5,"(19.911919, 22.932337, 50.82879)"
402,ILE,19,0.0,6.02,113.2,5.58,4.5,5.2,"(25.67223, 24.4228, 53.885548)"
403,GLU,15,-1.0,3.22,129.1,-3.64,-3.5,12.3,"(21.913248, 27.998734, 55.75141)"
404,ASP,12,-1.0,2.77,115.1,-4.12,-3.5,13.0,"(19.514437, 24.264582, 54.8937)"
405,LYS,22,1.0,9.74,128.2,-4.18,-3.9,11.3,"(22.893494, 20.263262, 54.490353)"
406,LEU,19,0.0,5.98,113.2,5.01,3.8,4.9,"(25.102718, 23.004126, 59.07277)"
407,ARG,24,1.0,10.76,156.2,-0.93,-4.5,10.5,"(19.592808, 25.654274, 59.87748)"
408,ALA,10,0.0,6.0,71.1,-0.22,1.8,8.1,"(19.682316, 20.024921, 60.548264)"
409,LEU,19,0.0,5.98,113.2,5.01,3.8,4.9,"(23.271858, 19.05624, 62.081654)"
410,GLY,7,0.0,5.97,57.0,-1.62,-0.4,9.0,"(21.754717, 22.688084, 64.98304)"
411,ALA,10,0.0,6.0,71.1,-0.22,1.8,8.1,"(22.916517, 25.105783, 63.42774)"
412,ASN,14,0.0,5.41,114.1,-2.65,-3.5,11.6,"(22.42771, 29.414362, 64.88082)"
413,ILE,19,0.0,6.02,113.2,5.58,4.5,5.2,"(23.644741, 29.517025, 60.255875)"
414,GLU,15,-1.0,3.22,129.1,-3.64,-3.5,12.3,"(21.809145, 34.799366, 60.266933)"
415,ARG,24,1.0,10.76,156.2,-0.93,-4.5,10.5,"(23.294138, 34.092346, 53.327366)"
416,VAL,16,0.0,5.96,99.1,4.45,4.2,5.9,"(23.717772, 38.69632, 56.448494)"
417,LYS,22,1.0,9.74,128.2,-4.18,-3.9,11.3,"(21.885603, 42.933002, 53.13084)"
418,GLY,7,0.0,5.97,57.0,-1.62,-0.4,9.0,"(25.632341, 43.492126, 53.578854)"
