Res,Concavity,Distance_to_Core,Na,Nec,pI,Mass,Enc,Hidrofobicity,Polarity,Center_of_mass_x,Center_of_mass_y,Center_of_mass_z,A,R,N,D,C,Q,E,G,H,I,L,K,M,F,P,S,T,W,Y,V,MI,DI,SASA,Total_SASA,Main-chain_SASA,Side-chain_SASA,Polar_SASA,Non-polar_SASA,SS,ASA,Phi,Psi,Theta(i-1=>i+1),Tau(i-2=>i+2),Residue_Depth,CN,Binding_Site
1,-,22.824276158212008,19,0.0,6.02,113.2,5.58,4.5,5.2,22.012291,29.582994,0.7848611,-4,-6,-6,-6,-4,-5,-6,-6,-6,6,-1,-5,-2,-3,-6,-5,-3,-6,-4,5,-73,0,112.04385898151895,23.697247014328255,15.243849502048839,8.453397512279414,15.243849502048839,8.453397512279414,-,0.6568047337278107,-,2.27,-,-,1.770783183922754,,0
2,0.14319615,20.466160989443175,24,1.0,10.76,156.2,-0.93,-4.5,10.5,18.295057,33.379375,2.904394,-2,-2,-4,-4,1,-3,-4,-5,-4,2,3,-4,1,1,-4,-1,2,-4,-2,2,-31,42,177.85161711035428,44.48221250603754,13.928967312815365,30.553245193222175,33.613558561678296,10.868653944359247,-,0.6935483870967742,-1.76,2.39,124.65,-,1.5989527108137702,28.0,0
3,0.11069569,17.14406177876051,22,1.0,9.74,128.2,-4.18,-3.9,11.3,17.022629,27.949532,4.3202734,-2,-5,-6,-6,-4,-5,-5,-6,-5,3,5,-3,2,-2,-5,-5,-3,-4,-4,2,-58,27,42.47433267653399,0.0,0.0,0.0,0.0,0.0,B,0.24390243902439024,-2.44,2.61,135.25,157.68,2.2850381116994622,37.0,0
4,0.024937011,14.753866027560408,22,1.0,9.74,128.2,-4.18,-3.9,11.3,11.847192,29.629694,7.925504,-4,-7,-5,-6,-7,-6,-7,8,-7,-8,-8,-4,-7,-8,-7,-5,-6,-7,-8,-8,-117,59,32.73036890215989,7.245769296239498,7.245769296239498,0.0,0.0,7.245769296239498,-,0.18048780487804877,-2.02,-,145.51,153.57,2.2568842535021343,,0
10,0.057367742,9.213936232358472,12,-1.0,2.77,115.1,-4.12,-3.5,13.0,6.5297318,22.41739,26.650827,-6,-4,1,8,-8,-4,2,-6,-5,-8,-8,-5,-7,-8,-6,-3,-5,-9,-7,-8,-96,21,34.55446556142844,21.812165758468232,5.467942013573036,16.3442237448952,19.396909326388403,2.4152564320798326,-,0.2392638036809816,-,3.04,106.72,96.90,2.0485004759291825,,1
11,0.17249455,11.205452118437691,16,0.0,5.96,99.1,4.45,4.2,5.9,6.518049,26.239338,29.198345,0,-1,-1,-2,-4,0,-1,3,-4,-4,-4,-2,-1,-5,-1,4,-2,-2,1,-3,-29,67,74.33425421897846,19.967108393014946,13.928967312815365,6.038141080199582,13.928967312815365,6.038141080199582,T,0.5070422535211268,-1.22,2.37,116.03,72.15,1.528372968375431,38.0,1
12,0.2726066,10.854308047913332,10,0.0,6.0,71.1,-0.22,1.8,8.1,10.401526,26.587719,30.24109,3,-2,0,-1,-2,-1,-2,5,-5,-6,-5,-1,-1,-6,-5,0,-2,-6,-3,-5,-45,16,46.22438899527106,11.395436200513185,5.357295120313602,6.038141080199582,5.357295120313602,6.038141080199582,T,0.4528301886792453,0.91,0.73,93.26,95.19,1.5212674121399694,42.0,1
13,0.28912264,7.841482626473838,11,0.0,5.05,103.1,4.66,2.5,5.5,11.954824,24.043087,27.055105,-3,-6,-6,-7,4,-6,-6,-7,-7,-1,-4,-6,-4,-5,-6,-2,2,-7,-5,7,-75,30,17.577839215365614,16.728352561834935,0.0,16.728352561834935,0.0,0.0,S,0.14074074074074075,-1.70,0.08,90.36,97.02,2.0821356524313774,51.0,1
14,0.23494774,7.356177367804497,7,0.0,5.97,57.0,-1.62,-0.4,9.0,14.770347,26.724016,26.360332,-4,-8,-6,-7,-8,-7,-7,8,-7,-9,-9,-7,-8,-8,-7,-5,-7,-8,-8,-8,-130,55,20.967793617777595,2.279087240102637,2.279087240102637,0.0,1.0714590240627204,1.2076282160399163,S,0.2619047619047619,1.68,0.13,100.89,102.33,1.5427336305447041,54.0,1
15,0.26832828,5.416581558748431,22,1.0,9.74,128.2,-4.18,-3.9,11.3,11.994115,27.286816,23.304716,-7,-4,-6,-7,-9,-5,-5,-8,-7,-9,-9,9,-7,-9,-7,-6,-7,-9,-8,-8,-128,2,63.335362409572,14.06513650479256,12.857508288752644,1.2076282160399163,12.857508288752644,1.2076282160399163,T,0.33658536585365856,-0.80,-0.96,94.27,103.07,2.5216030075847393,55.0,1
16,0.23386729,8.835017187057224,14,0.0,5.66,101.1,-1.2,-0.7,8.6,14.6748295,31.598864,23.990871,-5,-6,-5,-6,-6,-6,-6,-3,-7,-7,-4,-6,-6,-8,-6,5,7,-8,-7,-6,-96,32,31.60557820120983,4.422005288228077,3.214377072188161,1.2076282160399163,3.214377072188161,1.2076282160399163,T,0.2676056338028169,-1.13,-0.98,101.30,68.75,2.1287487723631715,46.0,1
17,0.3070865,10.142778295486949,11,0.0,5.05,103.1,4.66,2.5,5.5,17.998236,30.679955,26.313444,2,-5,0,-5,6,-2,-2,-5,-5,-6,-4,-3,-5,-3,-5,5,2,-6,-6,-5,-52,44,32.11964329030205,27.022723369117973,0.0,27.022723369117973,0.0,0.0,T,0.25925925925925924,-0.84,-0.78,87.54,109.41,2.2470889397082874,51.0,1
18,0.3925802,7.767440655588045,19,0.0,5.98,113.2,5.01,3.8,4.9,19.124023,27.419876,22.152401,-5,-6,-4,-7,-5,-6,-7,-7,-6,4,6,-6,1,1,-7,-6,-4,-6,-3,0,-73,21,67.73982504442243,16.770625832581633,8.317228320302219,8.453397512279414,1.0714590240627204,15.699166808518912,-,0.39634146341463417,-0.95,-,63.51,105.86,2.6793095748193383,,1
20,0.3696193,12.421879654808365,19,0.0,6.02,113.2,5.58,4.5,5.2,19.745,34.247387,22.304008,-1,-5,-6,-6,-2,-5,-6,-6,-6,3,4,-4,3,0,-6,-4,1,-5,-4,2,-53,20,22.56857330485835,8.976786848367476,6.561530416287644,2.4152564320798326,6.561530416287644,2.4152564320798326,-,0.14201183431952663,-,-0.77,66.43,106.57,2.670373027722903,,0
21,0.28380248,12.947407551993832,16,0.0,5.96,99.1,4.45,4.2,5.9,23.376392,31.292574,22.96812,-2,2,-2,0,0,1,-1,-4,-2,2,1,-1,2,-1,-4,0,1,-4,0,2,-10,43,2.5484599605920395,0.0,0.0,0.0,0.0,0.0,H,0.028169014084507043,-0.96,-1.01,91.58,107.34,2.65829353387281,43.0,0
22,0.26396933,12.437278450771483,20,0.0,5.48,147.2,5.27,2.8,5.2,23.55315,29.992569,17.302122,-4,-1,-6,-7,-6,-3,-4,-7,-2,-2,0,-3,-4,7,-7,-2,-3,-3,6,-4,-55,45,55.029896212164815,31.244269913305782,10.714590240627205,20.529679672678576,10.714590240627205,20.529679672678576,H,0.3096446700507614,-0.94,-0.62,95.09,56.85,2.3088839746917706,43.0,0
23,0.21990916,14.792740221498395,11,0.0,5.68,87.1,-2.84,-0.8,9.2,22.61844,34.497314,17.827747,0,-3,-2,-3,3,-3,-4,-3,0,2,1,-2,2,-1,-3,0,2,-5,-3,3,-19,36,32.03152789955415,21.837688057185993,21.837688057185993,0.0,18.214803409066246,3.622884648119749,H,0.26153846153846155,-1.89,0.01,104.07,44.28,2.2379149313491364,37.0,0
24,0.22092083,17.166750438273436,22,1.0,9.74,128.2,-4.18,-3.9,11.3,23.192917,37.43182,19.955568,-3,2,0,2,-3,3,1,-1,1,-4,-3,3,-1,-4,-4,0,2,-5,0,-3,-17,2,114.34889577694025,23.4538238491575,17.415682768957918,6.038141080199582,15.000426336878085,8.453397512279414,H,0.526829268292683,-2.50,-0.08,103.89,93.33,1.688644622902259,31.0,0
25,0.2922891,17.21513125496226,12,-1.0,2.77,115.1,-4.12,-3.5,13.0,27.672977,34.097687,22.536856,-3,0,5,4,-4,-1,-1,3,-2,-5,-4,2,-6,-7,-6,-2,-4,-7,-2,-4,-44,27,98.26394139056052,77.02677505229352,10.714590240627205,66.31218481166633,68.5733775400141,8.453397512279414,S,0.6993865030674846,1.11,-0.17,89.92,108.52,1.589061899863462,30.0,0
26,0.14320382,17.66414434210501,17,0.0,5.65,128.1,-2.76,-3.5,10.5,23.893015,37.26186,25.102764,0,2,-2,-1,-2,2,3,0,2,-1,-4,1,-1,-4,-3,1,1,-5,-2,-2,-15,29,122.98904212291966,54.18062318693459,0.0,54.18062318693459,50.55773853881484,3.622884648119749,-,0.6616161616161617,-1.68,2.60,124.67,115.06,1.7634595073222823,27.0,0
27,0.19460317,15.805340939962827,20,0.0,5.48,147.2,5.27,2.8,5.2,22.184162,32.376427,29.379848,-4,-3,-2,-4,-4,-7,-3,-8,-6,-1,-3,-2,-3,9,-8,-5,-5,1,2,-4,-60,45,83.02465348104468,11.667774584467574,3.214377072188161,8.453397512279414,3.214377072188161,8.453397512279414,-,0.39593908629441626,-1.84,1.85,109.97,146.15,1.733303849730465,33.0,1
28,0.18146206,16.328920338961957,14,0.0,6.3,97.1,-3.03,-1.6,8.0,19.41241,35.056114,28.666143,-1,-1,1,1,-2,0,0,-2,-2,0,-2,-2,-2,-2,3,1,0,-5,-2,3,-14,46,40.49698912762335,9.915469600518875,7.500213168439043,2.4152564320798326,7.500213168439043,2.4152564320798326,-,0.3088235294117647,-0.70,2.27,113.39,158.43,1.9367571778859385,30.0,1
29,0.23143691,19.167763442341645,15,-1.0,3.22,129.1,-3.64,-3.5,12.3,20.417204,37.209095,33.223953,0,-2,0,2,-3,1,4,-1,0,-3,-3,1,-1,-4,2,0,0,-3,-3,-2,-15,1,171.3072774890671,114.39167170251153,30.00085267375617,84.39081902875537,107.14590240627203,7.245769296239498,S,0.9432989690721649,-1.36,-0.89,101.63,105.10,1.518730061190068,21.0,1
30,0.15295543,19.14535052308899,16,0.0,5.96,99.1,4.45,4.2,5.9,15.42698,37.992832,32.67627,0,-1,2,3,-1,1,2,-2,1,-3,-2,0,-4,-3,-2,1,1,-1,-1,-1,-10,5,120.22442802139003,19.985002904769793,5.493464312290798,14.491538592478996,4.285836096250882,15.699166808518912,S,0.8309859154929577,-1.80,2.24,121.74,100.43,1.5071291384110248,20.0,1
31,0.19354658,16.37452524336348,21,0.0,5.66,163.2,2.15,-1.3,6.2,11.138325,33.112995,31.975502,-4,-1,-5,-5,-1,0,-2,0,3,-2,-3,-3,-1,0,-4,0,0,-3,7,-2,-26,16,149.3078853748155,49.06846025819529,18.214803409066246,30.853656849129045,22.500639505317128,26.567820752878163,-,0.6666666666666666,-1.39,2.04,110.67,149.77,1.5795576698775105,30.0,1
32,0.16078788,16.878084967036703,16,0.0,5.96,99.1,4.45,4.2,5.9,10.690198,36.646885,29.313425,-1,-1,-1,1,-2,1,2,-3,-1,3,-1,1,-1,-3,-2,-1,-1,-5,-2,2,-15,11,101.36114962314039,15.562997616541717,1.0714590240627204,14.491538592478996,1.0714590240627204,14.491538592478996,-,0.704225352112676,-2.19,2.13,119.38,145.30,1.5579900463795802,27.0,1
33,0.18612896,15.0868420959944,14,0.0,6.3,97.1,-3.03,-1.6,8.0,7.370175,34.66247,28.785742,2,-3,-2,-5,-2,0,-3,-5,0,-4,-3,-4,-2,-5,6,2,0,-7,-4,-4,-43,28,68.74598920677293,21.17473660905486,13.928967312815365,7.245769296239498,13.928967312815365,7.245769296239498,-,0.47794117647058826,-1.00,2.46,112.43,144.52,1.56975343880191,32.0,1
34,0.14005283,13.970541347725094,14,0.0,5.66,101.1,-1.2,-0.7,8.6,7.826487,33.984867,24.085617,-3,-2,0,-6,-6,-2,-4,-2,-6,-2,-4,-5,-3,-7,-2,0,7,-7,-6,-5,-65,22,10.415812212900198,1.0714590240627204,1.0714590240627204,0.0,1.0714590240627204,0.0,-,0.18309859154929578,-1.55,2.42,125.65,147.54,1.6879680605437206,37.0,1
35,0.2819779,16.159672546778744,16,0.0,5.96,99.1,4.45,4.2,5.9,4.4713683,36.19052,22.158339,-1,-3,-3,-6,-5,-3,-3,0,0,6,0,-4,-2,-4,-4,-2,-2,-6,-5,3,-44,21,64.83025785785617,13.011571992484688,2.142918048125441,10.868653944359247,2.142918048125441,10.868653944359247,S,0.4647887323943662,-1.68,-0.91,91.57,103.64,1.682697372695175,33.0,1
36,0.102472216,14.932946715894511,20,0.0,5.48,147.2,5.27,2.8,5.2,5.963644,37.439934,18.321632,-3,-6,-5,-5,-6,-2,2,6,-5,-1,-2,-5,-2,3,-3,-5,-5,0,-2,-2,-48,4,139.72095096763843,59.019718882223856,10.714590240627205,48.30512864159665,10.714590240627205,48.30512864159665,E,0.7309644670050761,-3.11,2.68,138.04,117.60,1.6864830870312282,38.0,0
37,0.08922715,14.922190135040655,15,-1.0,3.22,129.1,-3.64,-3.5,12.3,10.935988,37.541126,18.557682,1,-2,0,4,-2,-3,1,-1,-1,1,-2,-2,-3,-1,-3,-3,0,-5,-3,3,-21,27,81.05826780730976,65.76750804375753,0.0,65.76750804375753,62.14462339563778,3.622884648119749,E,0.4948453608247423,-2.85,2.80,143.02,163.35,1.9121079001521433,38.0,0
38,0.11686046,15.237501448511006,14,0.0,5.41,114.1,-2.65,-3.5,11.6,12.112757,36.944256,14.401374,0,-1,3,4,-3,0,1,-3,0,-3,-2,-1,-4,0,-4,1,1,-5,0,-4,-20,1,71.17529484119963,40.59377531409515,13.928967312815365,26.664808001279788,33.34800601785565,7.245769296239498,-,0.4713375796178344,-2.32,2.53,133.31,160.57,1.6225752577117694,37.0,0
39,0.095012955,15.104655137303697,21,0.0,5.66,163.2,2.15,-1.3,6.2,15.945261,36.04264,16.97679,-6,-3,-3,-6,-6,-5,-6,-3,4,-3,-2,-2,-4,7,-6,-5,-2,-3,6,0,-48,28,75.05053734399694,22.382364825094783,8.044889936347825,14.337474888746954,13.928967312815367,8.453397512279414,-,0.32882882882882886,-2.51,2.89,141.11,165.34,2.267033039085648,35.0,0
40,0.11440975,16.53074310760552,16,0.0,5.96,99.1,4.45,4.2,5.9,19.667974,36.471764,12.055819,-1,1,-1,-2,-2,0,-1,-2,-1,2,0,0,1,-1,-1,1,2,-1,-1,2,-5,43,89.19599808975647,15.290659232587325,3.214377072188161,12.076282160399163,3.214377072188161,12.076282160399163,-,0.6619718309859155,-2.43,2.67,134.15,162.06,1.620644709843726,35.0,0
41,0.10534631,16.672367633383836,10,0.0,6.0,71.1,-0.22,1.8,8.1,22.28553,33.706127,11.723644,1,3,-2,-4,-2,-1,-1,-2,0,-1,-1,3,-2,-1,-2,0,2,-5,-4,0,-19,14,16.140246417082917,0.0,0.0,0.0,0.0,0.0,B,0.16037735849056603,-2.89,2.69,137.17,151.70,2.081364329765111,36.0,0
42,0.13134669,18.66403148985288,12,-1.0,2.77,115.1,-4.12,-3.5,13.0,25.353329,33.720856,9.442919,-1,1,1,0,-1,3,0,-3,0,-1,-2,2,-1,-2,-2,1,3,-5,-2,-1,-10,9,90.047445097103,67.11130545177465,14.06513650479256,53.046168946982085,61.07316437157506,6.038141080199582,-,0.588957055214724,-1.89,2.72,128.57,154.48,1.7506750868049679,33.0,0
43,0.09744215,18.204044014428025,19,0.0,6.02,113.2,5.58,4.5,5.2,25.968376,28.466587,9.336374,-2,-3,-3,-3,1,-2,-3,-6,-5,4,1,-5,0,0,-2,-3,0,-5,0,4,-32,22,23.74119161236666,5.901971888222386,1.0714590240627204,4.830512864159665,1.0714590240627204,4.830512864159665,-,0.15384615384615385,-2.77,2.50,140.31,159.25,2.756416812696919,33.0,0
44,0.16735701,20.692018119672326,15,-1.0,3.22,129.1,-3.64,-3.5,12.3,30.463741,28.27118,7.207887,-1,-1,0,0,-1,1,3,-4,0,-1,-1,-1,1,0,-2,0,1,-4,1,1,-8,24,134.79131457207274,109.30671496615233,13.928967312815365,95.37774765333697,99.64568923783301,9.66102572831933,-,0.7371134020618557,-1.99,2.18,117.82,155.87,1.7158007240597533,27.0,0
45,0.14322162,19.972445686189626,16,0.0,5.96,99.1,4.45,4.2,5.9,27.7069,23.554018,6.7409844,-2,-2,0,0,0,-2,-2,-2,1,3,0,-2,-1,-1,-1,-1,-1,1,1,3,-8,0,17.347874633122835,1.2076282160399163,0.0,1.2076282160399163,0.0,1.2076282160399163,B,0.13380281690140844,-2.44,2.24,124.77,109.13,2.032486383464421,24.0,0
46,0.29760617,22.996120641671517,12,-1.0,2.77,115.1,-4.12,-3.5,13.0,29.32324,20.841093,4.3791456,-1,1,1,3,0,0,1,0,1,-1,-2,0,0,-4,0,-1,0,2,-3,-2,-5,3,105.08979284635058,56.66905359510183,17.551851960935114,39.11720163416672,48.21565608282242,8.453397512279414,T,0.6748466257668712,0.92,0.64,89.08,50.66,1.525631054383033,18.0,0
47,0.2667791,25.220840910179238,7,0.0,5.97,57.0,-1.62,-0.4,9.0,30.976187,25.184134,2.6179473,-1,-1,1,1,0,0,0,3,1,-1,-2,0,0,-1,0,0,0,-4,-3,-1,-8,3,77.34681537910002,38.27042931668874,38.27042931668874,0.0,32.23228823648916,6.038141080199582,T,0.8333333333333334,1.54,-0.46,94.55,70.19,1.4909678629172103,17.0,0
48,0.1522343,23.612274757922645,22,1.0,9.74,128.2,-4.18,-3.9,11.3,27.533356,24.956434,1.3790731,-2,1,0,-2,-4,2,2,-2,-2,0,-2,3,-2,-1,-3,-1,-1,-4,-1,2,-17,9,119.50510383468287,5.673892261571767,1.0714590240627204,4.602433237509047,3.2586358294919346,2.4152564320798326,B,0.5658536585365853,-1.26,2.49,121.83,127.56,1.7565602285382567,20.0,0
49,0.07649728,22.9002332187917,17,0.0,5.65,128.1,-2.76,-3.5,10.5,27.185114,31.039553,3.775344,-2,2,1,-1,-4,1,1,-4,2,-1,-3,3,-1,-4,-1,0,2,-5,-3,-1,-18,1,99.22814644142967,15.128967741892367,6.038141080199582,9.090826661692784,5.467942013573036,9.66102572831933,-,0.47474747474747475,-1.79,-,135.90,135.81,1.7245324991718745,,0
51,0.087559864,19.2146727720243,15,-1.0,3.22,129.1,-3.64,-3.5,12.3,21.810863,33.172276,4.901436,-1,-5,-5,-5,2,-4,-3,-4,-5,2,4,-4,0,1,-5,-3,0,-4,-3,2,-40,22,34.662649446047446,26.167782910740648,2.1871768054292144,23.980606105311438,22.5448982626209,3.622884648119749,-,0.20618556701030927,-,2.31,130.50,139.70,2.0062185825226306,,0
52,0.12717359,15.637688413828043,19,0.0,5.98,113.2,5.01,3.8,4.9,19.56984,30.734436,9.571835,-2,0,1,0,-2,5,1,-1,1,-3,0,0,2,-2,-2,0,1,-4,-3,-1,-9,31,63.53386079979641,8.317228320302219,1.0714590240627204,7.245769296239498,1.0714590240627204,7.245769296239498,B,0.39634146341463417,-2.01,2.29,129.72,173.47,3.968079699299316,38.0,0
53,0.070880696,14.937178094579298,10,0.0,6.0,71.1,-0.22,1.8,8.1,15.545633,32.130398,10.090679,-3,-5,-5,-5,0,-5,-5,-6,-5,6,3,-5,0,1,-5,-5,-3,-5,-3,3,-52,43,37.85669413058157,19.16798775290662,16.752731320826786,2.4152564320798326,10.714590240627205,8.453397512279414,-,0.41509433962264153,-1.70,-,141.18,152.75,1.9203148561289596,,0
55,0.06426613,11.738993324178644,24,0.0,5.89,186.2,5.2,-0.9,5.4,10.192718,32.781013,12.204729,-5,-3,-3,-6,-3,-1,-5,-4,-5,-1,1,-5,1,1,-6,-5,-2,11,0,0,-40,12,131.53903732611164,45.740885319512984,33.66460315911382,12.076282160399163,31.249346727033988,14.491538592478996,-,0.5374449339207048,-,1.97,144.58,156.86,2.4730602410986653,,0
56,0.16146663,10.125863852213012,12,-1.0,2.77,115.1,-4.12,-3.5,13.0,10.797865,32.29006,19.152864,-6,-5,-1,8,-7,-4,-1,-5,-5,-7,-7,-5,-7,-7,-5,-4,-3,-7,-7,-7,-92,52,14.210303218129637,6.564923336353519,2.142918048125441,4.422005288228077,5.357295120313602,1.2076282160399163,E,0.12269938650306748,-1.52,2.50,119.28,160.14,3.000665818108887,51.0,1
57,0.09538959,10.560961747620073,14,0.0,5.66,101.1,-1.2,-0.7,8.6,7.5226345,29.925304,19.480453,-2,-4,-1,-4,-4,-4,-3,-3,-5,0,-1,-4,-1,-5,-4,0,7,-5,-2,-1,-46,46,26.780996663980147,4.69434367218247,0.0,4.69434367218247,1.0714590240627204,3.622884648119749,E,0.2112676056338028,-2.26,2.99,140.82,158.34,2.4077203486790295,48.0,1
58,0.14891273,11.860534078181734,10,0.0,6.0,71.1,-0.22,1.8,8.1,4.9544287,30.047098,22.278948,5,-4,-1,-2,-1,-2,-3,1,-1,-4,-4,-2,-4,-3,1,2,-2,0,-4,-2,-30,16,0.0,0.0,0.0,0.0,0.0,0.0,-,0.02830188679245283,-1.67,2.52,123.23,168.54,2.173419746561114,40.0,1
59,0.27699426,10.974728854225676,7,0.0,5.97,57.0,-1.62,-0.4,9.0,4.2122107,27.385727,24.91948,-2,-5,-2,-3,-5,-3,-2,7,-5,-3,-5,-4,-5,-6,-5,-1,-4,-5,-6,-5,-69,39,9.38275601743496,4.285836096250882,4.285836096250882,0.0,4.285836096250882,0.0,-,0.15476190476190477,-1.74,-0.10,92.88,120.56,2.135289515083891,46.0,1
60,0.15031658,14.730123649568958,17,0.0,5.65,128.1,-2.76,-3.5,10.5,1.9987439,30.132492,27.183855,-3,-2,-1,-2,-2,7,-1,-2,4,-3,-4,0,-1,-5,-4,0,-2,0,-4,-4,-29,40,50.4464758933953,5.423683256269262,0.0,5.423683256269262,5.423683256269262,0.0,S,0.2878787878787879,-1.30,2.56,122.55,108.53,1.781049222155993,31.0,1
61,0.2864958,17.233626480533797,15,-1.0,3.22,129.1,-3.64,-3.5,12.3,-2.2458544,26.37407,26.060999,-1,-1,-1,2,-1,-1,6,-3,0,-5,-4,-2,-4,-5,0,-2,-3,-5,-4,-3,-37,8,122.78681152062279,66.72069238759791,4.285836096250882,62.434856291347025,54.64441022719875,12.076282160399163,G,0.6597938144329897,-1.03,-0.81,91.02,77.74,1.5958286851259504,26.0,0
62,0.30074078,19.58063001128923,12,-1.0,2.77,115.1,-4.12,-3.5,13.0,-2.6745687,31.511192,26.440325,-1,4,-2,2,-3,2,3,-3,0,-3,-3,1,-4,-2,-2,-1,-3,-4,0,-4,-23,14,100.89523886624241,75.41063926032201,12.857508288752644,62.553130971569374,71.78775461220226,3.622884648119749,G,0.7177914110429447,-0.83,-0.34,88.67,79.51,1.6366661722119007,21.0,0
63,0.22884,17.61104137972309,21,0.0,5.66,163.2,2.15,-1.3,6.2,0.018579982,33.043404,23.506168,-3,-5,-5,-2,-1,-5,-2,-3,1,-2,0,-4,-2,7,-6,-2,-4,1,5,-3,-35,12,63.367733380274586,28.53878058551671,0.0,28.53878058551671,22.500639505317128,6.038141080199582,G,0.30180180180180183,-1.92,0.15,102.38,110.60,2.433637710677483,29.0,0
64,0.29167783,17.253475367681432,12,-1.0,2.77,115.1,-4.12,-3.5,13.0,-2.412454,27.544188,20.843872,-1,3,1,2,-1,1,-1,0,2,-3,-3,0,0,-4,-1,1,1,0,-1,-3,-7,28,46.81897938726008,28.13027300958512,5.357295120313602,22.77297788927152,25.71501657750529,2.4152564320798326,T,0.294478527607362,-0.83,-0.58,89.92,102.20,1.8436171662690766,32.0,0
65,0.24541247,19.990112624309873,24,1.0,10.76,156.2,-0.93,-4.5,10.5,-5.9446154,30.898462,18.90177,2,0,1,-1,1,0,1,0,-2,-1,-2,0,-3,-4,-2,2,1,-4,-2,-1,-14,7,205.634115813187,56.12446479178736,14.06513650479256,42.0593282869948,38.010041551188614,18.114423240598747,T,0.8548387096774194,-1.29,-0.61,98.64,67.65,1.5691270144111324,26.0,0
66,0.24305172,18.710879228631303,19,0.0,5.98,113.2,5.01,3.8,4.9,-0.45217806,33.3118,17.737965,-2,-4,-2,-3,-1,-1,-4,-4,-2,3,3,-4,6,0,-3,-3,-2,1,-3,1,-24,10,59.011123484723626,5.493464312290798,4.285836096250882,1.2076282160399163,4.285836096250882,1.2076282160399163,T,0.35365853658536583,-1.56,-0.48,99.27,81.70,1.6914975952455833,27.0,0
67,0.28299084,15.074393035362055,24,1.0,10.76,156.2,-0.93,-4.5,10.5,1.7817289,28.281544,18.239008,-1,5,1,-3,-2,0,-2,0,-1,-1,-1,-1,-3,-2,-2,-2,2,3,-3,-2,-15,9,5.946406574714759,0.0,0.0,0.0,0.0,0.0,G,0.036290322580645164,-0.88,-0.72,91.24,93.43,2.6691649653437395,39.0,0
68,0.29053822,16.646846939712628,14,0.0,6.3,97.1,-3.03,-1.6,8.0,-0.12054662,28.812195,13.678915,0,1,1,3,-4,0,1,-3,0,-2,-3,0,-3,-4,3,1,0,-5,-3,-2,-19,4,24.48994623905264,7.500213168439043,7.500213168439043,0.0,7.500213168439043,0.0,G,0.19117647058823528,-1.13,-0.05,89.84,94.19,2.0807190691402018,39.0,0
69,0.27672502,18.332996834445105,19,0.0,5.98,113.2,5.01,3.8,4.9,0.61806214,32.868824,11.889063,0,0,-2,-3,0,2,-1,-1,0,0,2,0,1,-1,-1,2,-1,-3,-2,0,-8,11,130.76741190490753,28.82901348122595,11.922218456667121,16.90679502455883,10.714590240627205,18.114423240598747,G,0.7865853658536586,-1.46,-0.21,92.70,88.93,1.5905616128863376,32.0,0
70,0.26135433,15.553182010350712,11,0.0,5.68,87.1,-2.84,-0.8,9.2,5.164887,30.801992,12.019466,-2,-4,-3,-3,1,-2,-1,-2,-1,-2,-2,-4,-4,3,-5,1,-3,1,8,-1,-25,17,14.257703568086997,3.214377072188161,1.0714590240627204,2.142918048125441,3.214377072188161,0.0,S,0.13846153846153847,-1.66,-0.33,95.49,89.29,1.904499488136969,38.0,0
71,0.25154725,15.223388490254141,21,0.0,5.66,163.2,2.15,-1.3,6.2,4.0345793,26.652693,11.96498,-1,-5,-5,-6,2,-5,-5,-6,-3,1,-1,-5,2,2,-6,-3,-3,3,8,-3,-39,14,27.71628649606567,5.629633504267994,1.2076282160399163,4.422005288228077,3.214377072188161,2.4152564320798326,-,0.13513513513513514,-1.11,-0.44,96.84,116.14,3.2623065833767386,40.0,0
72,0.21093078,18.705230356151695,14,0.0,6.3,97.1,-3.03,-1.6,8.0,3.991857,29.399935,6.7215486,-2,6,-1,-4,-5,-1,-1,-3,0,-2,-3,2,-4,-5,1,2,-1,-5,-3,-3,-32,7,93.54371099491246,30.681698633642153,24.64355755344257,6.038141080199582,24.64355755344257,6.038141080199582,T,0.6544117647058824,-0.41,-1.38,105.61,84.99,1.5755771712313604,29.0,0
73,0.22933029,18.570518385284988,12,-1.0,2.77,115.1,-4.12,-3.5,13.0,7.349445,29.387053,3.8449025,-1,-1,2,2,-2,0,-1,3,-2,-1,-3,-1,-1,-4,-3,0,0,3,-2,-1,-13,19,120.4154368547283,90.6834039811545,5.493464312290798,85.1899396688637,84.64526290095492,6.038141080199582,T,0.8282208588957055,-1.94,0.84,101.87,94.34,1.5385263359549664,31.0,0
74,0.15967305,15.019007486896438,14,0.0,5.66,101.1,-1.2,-0.7,8.6,9.17385,26.115795,7.56945,4,-4,-3,-4,2,-3,-4,1,-4,-2,-3,-3,-2,-4,-2,1,3,-5,-2,1,-33,20,32.34830097000092,16.208054552918,10.714590240627205,5.493464312290798,15.000426336878085,1.2076282160399163,-,0.2535211267605634,-1.28,2.37,119.54,156.44,2.548889993658402,40.0,0
75,0.23834968,15.092476042173493,12,-1.0,2.77,115.1,-4.12,-3.5,13.0,12.932928,25.180569,5.3749747,-2,-3,2,6,-3,1,0,-3,3,-3,-5,-2,-5,-2,-4,-1,-2,-6,-1,-3,-33,0,32.32734026381617,28.92939364969345,3.214377072188161,25.71501657750529,28.92939364969345,0.0,-,0.3312883435582822,-1.68,-0.63,100.04,112.07,2.0469838446596658,38.0,0
76,0.01722917,11.676410104558352,16,0.0,5.96,99.1,4.45,4.2,5.9,13.886753,23.20132,9.695944,2,-2,-4,-4,4,-4,-3,2,-4,3,-1,-4,-1,-3,-4,-1,-2,-5,-2,4,-29,4,89.89121997762528,45.71791399402993,32.43400361759085,13.28391037643908,20.357721457191687,25.36019253683824,-,0.6338028169014085,-2.64,-,156.83,120.73,4.531644586267152,,0
82,0.008949431,8.644337272761124,11,0.0,5.68,87.1,-2.84,-0.8,9.2,13.414057,19.18184,29.422028,-2,-5,-2,-5,-1,-2,-5,-5,-5,4,-2,-4,-2,2,-5,-2,3,-4,-1,5,-38,9,29.079385849346444,28.229899195815765,25.814642763735932,2.4152564320798326,18.568873467496434,9.66102572831933,-,0.27692307692307694,-,-,166.97,145.86,2.704954176379545,,0
84,0.37585714,14.124674511620814,12,-1.0,2.77,115.1,-4.12,-3.5,13.0,14.168962,18.81463,34.12362,-2,-2,2,3,-1,-2,-1,-3,0,2,0,-2,-2,-3,-3,0,3,-1,-3,1,-14,24,45.36799083790248,41.12055757024909,8.704448464413085,32.416109105836,38.705301138169254,2.4152564320798326,-,0.3128834355828221,-,-0.29,65.60,74.99,2.1654157437455805,,0
85,0.17547268,13.617470058941738,11,0.0,5.68,87.1,-2.84,-0.8,9.2,10.580024,17.563564,32.29981,-1,1,3,0,1,0,-1,-3,-1,0,1,-1,-1,-2,-2,3,-1,-4,-2,-1,-11,3,47.56225507635819,7.636382360416238,0.0,7.636382360416238,6.428754144376322,1.2076282160399163,-,0.34615384615384615,-2.04,1.70,115.00,106.48,1.946328770160334,45.0,0
86,0.2835836,14.653115862668546,14,0.0,6.3,97.1,-3.03,-1.6,8.0,9.787333,13.870366,32.295597,-1,4,-2,-3,2,2,1,-4,-1,-2,-2,2,-1,-3,2,-2,-1,-5,-4,1,-17,6,32.543833696760345,7.908720744370631,4.285836096250882,3.622884648119749,4.285836096250882,3.622884648119749,T,0.21323529411764705,-1.06,-0.48,91.16,97.41,1.6802159619130905,46.0,0
87,0.2779619,14.839722823174021,12,-1.0,2.77,115.1,-4.12,-3.5,13.0,5.336255,15.693075,30.90522,0,0,0,2,-3,1,2,-1,-1,-1,-2,1,-2,1,-2,1,0,0,1,-1,-4,13,81.12059700555699,59.88343066728999,0.0,59.88343066728999,51.43003315501058,8.453397512279414,H,0.5276073619631901,-1.17,-0.66,92.39,87.14,1.6995294529332226,35.0,0
88,0.31542128,11.148071172526095,11,0.0,5.68,87.1,-2.84,-0.8,9.2,8.337952,17.536535,28.181837,-1,-3,-2,-2,-5,-5,-4,-5,-5,-6,-1,-3,-5,-3,-4,6,3,-7,-6,-5,-63,59,19.875373887530124,13.928967312815365,13.928967312815365,0.0,13.928967312815365,0.0,H,0.16153846153846155,-1.08,-0.33,86.05,75.01,2.3009092292739273,44.0,0
89,0.287188,11.277266218697921,19,0.0,5.98,113.2,5.01,3.8,4.9,9.247384,13.373415,26.215736,-2,-3,-6,-5,-4,-5,-6,-7,-5,0,1,-4,-1,7,-7,-4,-4,-2,4,0,-53,10,52.08499239143097,10.460146368427658,3.214377072188161,7.245769296239498,3.214377072188161,7.245769296239498,H,0.32926829268292684,-1.48,-0.64,90.75,72.96,2.8284382018255996,47.0,0
90,0.28731313,14.44062265134638,15,-1.0,3.22,129.1,-3.64,-3.5,12.3,4.9315743,11.721005,27.240582,-2,-3,2,4,-6,1,5,-4,-1,-2,-2,0,-1,-3,-4,-2,0,-6,-3,-3,-30,23,94.02550564426699,69.39039269187728,0.0,69.39039269187728,62.14462339563778,7.245769296239498,H,0.5103092783505154,-1.11,-0.67,90.67,110.98,2.09324494440079,35.0,0
91,0.23853464,13.144068935875337,14,0.0,5.41,114.1,-2.65,-3.5,11.6,3.594835,16.594503,26.009998,-1,0,5,1,-2,0,1,-1,2,-3,-2,0,-1,-5,-3,1,-2,-5,-2,-3,-20,10,35.862825804313054,21.421552694291492,3.622884648119749,17.798668046171745,12.96815518201208,8.453397512279414,-,0.1910828025477707,-1.30,-,87.88,136.01,2.3199142958939447,,0
93,0.46587145,14.370159013388081,14,0.0,6.3,97.1,-3.03,-1.6,8.0,3.510531,12.597803,21.070164,0,-2,-5,-5,1,-3,-3,-5,-5,4,2,-3,0,-2,-3,-2,-1,-5,-3,4,-36,16,51.46450270960577,20.03349652897061,13.995355448771026,6.038141080199582,13.995355448771026,6.038141080199582,-,0.38235294117647056,-,-0.44,54.75,89.38,2.020465032499465,,0
94,0.21740232,15.990829249292577,15,-1.0,3.22,129.1,-3.64,-3.5,12.3,0.40512756,14.301156,23.942074,0,1,0,1,-4,2,1,-2,0,-3,-3,3,1,-4,1,1,1,-5,-3,-3,-15,21,112.5660796451399,74.3391802362593,18.214803409066246,56.12437682719305,70.71629558813956,3.622884648119749,-,0.6030927835051546,-1.14,-1.18,104.59,74.30,1.6418778093624908,26.0,0
95,0.18260533,14.328983010116959,22,1.0,9.74,128.2,-4.18,-3.9,11.3,0.40577662,19.968603,22.006308,-1,1,1,0,-1,2,0,-3,2,-1,-2,2,-1,-2,0,1,0,-4,1,-2,-7,8,61.83192182927005,5.76580269624519,2.142918048125441,3.622884648119749,2.142918048125441,3.622884648119749,S,0.25853658536585367,-1.69,-0.97,113.23,47.91,1.7214500983391565,36.0,0
96,0.22854917,11.227601999247353,24,0.0,5.89,186.2,5.2,-0.9,5.4,4.1614347,20.792183,20.83951,-4,-7,-7,-8,-7,1,-7,-7,-1,-1,-1,-7,0,2,-8,-1,-2,11,1,-4,-57,50,51.78601330177415,31.398333617037824,0.0,31.398333617037824,0.0,31.398333617037824,H,0.24669603524229075,-1.22,-0.75,102.27,70.09,3.8352739286765587,48.0,0
97,0.26870123,12.731320824865211,14,0.0,5.66,101.1,-1.2,-0.7,8.6,3.840094,15.618342,16.745697,-1,1,-2,-3,-2,-1,-3,-3,2,3,2,-2,3,1,-5,-3,0,0,2,0,-11,46,31.74471305665202,7.109600104262302,1.0714590240627204,6.038141080199582,1.0714590240627204,6.038141080199582,H,0.2535211267605634,-1.03,-0.94,93.96,66.03,2.4766845908755646,40.0,0
98,0.26348707,16.071738659640356,14,0.0,6.3,97.1,-3.03,-1.6,8.0,0.19173537,16.508713,16.260618,-2,0,0,2,-2,2,2,-2,0,-2,-2,1,-1,-3,2,0,1,-5,-2,-2,-13,2,66.1681239389433,9.252518152387744,4.422005288228077,4.830512864159665,3.214377072188161,6.038141080199582,H,0.47794117647058826,-1.01,-0.89,94.72,64.46,1.7173313520462135,33.0,0
99,0.2710185,15.102034813519465,15,-1.0,3.22,129.1,-3.64,-3.5,12.3,0.53586143,21.83462,16.19337,-2,1,-2,1,-1,3,5,-6,1,-6,-3,0,1,-6,-5,-2,-3,1,-1,-4,-28,15,32.80420889588987,13.266015864684233,0.0,13.266015864684233,9.643131216564484,3.622884648119749,H,0.15463917525773196,-0.94,-0.94,93.77,61.11,1.9136522337249282,39.0,0
100,0.26900083,13.177996540887492,16,0.0,5.96,99.1,4.45,4.2,5.9,3.9834216,20.23343,13.3790245,1,-6,-6,-6,0,-5,-6,-2,-6,5,2,-5,1,1,-6,-5,-2,-5,-4,3,-51,23,36.619660607304056,6.038141080199582,0.0,6.038141080199582,0.0,6.038141080199582,H,0.2746478873239437,-1.13,-0.79,94.21,68.65,3.855361004198578,43.0,0
101,0.3033814,15.807293253656656,22,1.0,9.74,128.2,-4.18,-3.9,11.3,1.9469119,15.719324,10.779368,-3,4,1,0,-2,1,0,-4,1,0,-1,4,-2,-3,-2,-2,-1,-5,-4,-2,-20,31,143.24332978358456,9.024438525737125,3.214377072188161,5.810061453548963,5.401553877617376,3.622884648119749,H,0.6634146341463415,-1.02,-0.42,88.08,69.26,1.676020645844517,35.0,0
102,0.23027642,18.439536967224132,17,0.1,7.59,137.1,1.28,-3.2,10.4,-2.1165535,19.93681,9.958524,-2,2,1,2,-2,2,1,-2,6,-4,-2,0,-5,-5,-5,1,-1,-6,-1,-5,-25,5,145.39906552973665,69.79475336550614,10.714590240627205,59.080163124878936,34.77353510034857,35.02121826515757,H,0.7717391304347826,-1.44,-1.17,102.00,60.43,1.6103941529457517,30.0,0
103,0.25812486,17.56504641520853,20,0.0,5.48,147.2,5.27,2.8,5.2,-0.2100629,23.665298,10.656792,1,-1,1,-2,-1,-1,0,-1,5,-2,0,-1,-1,2,-1,-1,-1,-3,4,0,-3,22,102.67202314014789,34.71309085769349,21.42918048125441,13.28391037643908,21.42918048125441,13.28391037643908,H,0.49746192893401014,-1.00,-0.61,96.05,48.88,1.8881399521921494,29.0,0
104,0.17295937,16.195350744495954,11,0.0,5.05,103.1,4.66,2.5,5.5,4.652704,21.87725,8.663812,3,-2,0,-1,5,-1,-2,0,-2,-1,0,-2,-1,-1,-1,1,-1,-4,-1,-1,-12,9,14.197033130760873,4.852679941923396,1.0714590240627204,3.7812209178606757,1.0714590240627204,1.2076282160399163,S,0.11851851851851852,-2.34,1.32,115.86,107.39,2.0542500389755864,35.0,0
105,0.15327488,17.9476036201083,14,0.0,6.3,97.1,-3.03,-1.6,8.0,3.8153882,18.567596,5.9315777,-1,-3,-2,2,-3,0,2,-1,-2,-2,-3,-1,-5,-4,5,1,0,-6,-5,-2,-30,18,67.46452099700305,13.946861824570211,4.285836096250882,9.66102572831933,4.285836096250882,9.66102572831933,T,0.5,-1.48,2.78,121.44,112.29,1.6149761030268581,29.0,0
106,0.3019474,18.618475814186787,14,0.0,5.41,114.1,-2.65,-3.5,11.6,6.6905947,16.736788,3.6861198,-2,-1,5,2,-3,0,0,1,-1,-3,-2,1,0,-3,-3,1,-1,-5,-3,-2,-19,11,174.4921989885352,81.89815375369109,23.980606105311438,57.917547648379646,69.82187159329192,12.076282160399163,T,1.0,1.18,0.31,88.14,87.03,1.5084043442398205,29.0,0
107,0.15523195,15.331995018473465,16,0.0,5.96,99.1,4.45,4.2,5.9,9.174389,19.429634,7.2325063,0,-5,-4,-1,-1,-2,-3,-3,-2,4,0,-3,0,-1,-2,-2,0,-5,-3,5,-28,9,39.82800582159733,19.44032613686101,10.986928624581596,8.453397512279414,8.571672192501763,10.868653944359247,-,0.2676056338028169,-2.02,2.22,120.77,112.46,1.9308094201216661,36.0,0
108,0.16695565,13.30901535765634,14,0.0,6.3,97.1,-3.03,-1.6,8.0,12.593247,18.51966,8.373565,-4,-5,-1,-1,-2,-2,-2,-5,-6,-1,0,-3,-2,-3,6,-2,-3,-7,-4,3,-44,16,27.494314125533627,4.558174480205274,2.142918048125441,2.4152564320798326,2.142918048125441,2.4152564320798326,-,0.18382352941176472,-0.98,2.41,117.40,144.62,1.8636413891449852,39.0,0
109,0.025876397,10.039790552418065,19,0.0,6.02,113.2,5.58,4.5,5.2,11.40946,16.89122,12.790899,-1,-1,-5,-4,1,-3,-4,2,-2,4,0,-2,2,1,-3,-4,-3,-5,-4,3,-28,16,86.61200043306702,28.846907992980796,19.185882264661466,9.66102572831933,1.0714590240627204,27.775448968918077,-,0.5562130177514792,-2.15,-,152.11,154.54,2.399752361211905,,0
114,0.0033279576,6.969560951206392,14,0.0,5.41,114.1,-2.65,-3.5,11.6,17.037823,21.151537,26.03338,-2,-4,4,-3,1,-3,-3,-3,-4,3,-1,-3,3,-2,-3,-3,1,-5,-3,3,-27,1,65.99620342256827,48.15698369842398,22.94661999842074,25.210363700003242,42.1188426182244,6.038141080199582,-,0.45222929936305734,-,2.96,176.35,132.36,2.516103502022442,,1
115,0.2894195,10.391311396019168,22,1.0,9.74,128.2,-4.18,-3.9,11.3,17.47897,22.208406,30.604748,-4,-2,-2,-5,-5,-1,-3,-4,-5,0,4,5,0,-3,-4,-5,-4,-6,-5,1,-48,21,65.9370786488277,6.473012901680097,4.285836096250882,2.1871768054292144,6.473012901680097,0.0,-,0.28780487804878047,1.06,0.66,90.44,133.79,1.862766407788271,53.0,1
116,0.2988443,12.186772888640727,22,1.0,9.74,128.2,-4.18,-3.9,11.3,23.25878,17.57336,28.665167,-1,-4,-3,-6,5,-2,-5,-6,-5,3,1,-2,3,-3,-5,-1,-1,-5,-3,4,-36,12,74.8153577179492,4.307965474902768,3.214377072188161,1.0935884027146072,4.307965474902768,0.0,G,0.34146341463414637,-0.87,-0.53,88.61,111.77,2.0327247338313708,46.0,1
117,0.27281886,15.24242278563909,12,-1.0,2.77,115.1,-4.12,-3.5,13.0,23.079838,20.99575,32.73851,-1,-4,-4,5,-1,-3,-4,5,-6,-3,0,-4,-3,-3,-2,-4,-5,-7,-6,-5,-55,19,42.32016844183704,15.136595528855281,7.500213168439043,7.636382360416239,13.928967312815367,1.2076282160399163,G,0.3128834355828221,-1.13,-0.56,93.31,91.61,1.6390533232470303,35.0,1
118,0.28268108,15.896415723007081,19,0.0,5.98,113.2,5.01,3.8,4.9,19.9282,20.005714,34.954098,-5,-5,6,-4,-3,-5,-5,-5,-2,-1,3,-1,0,-4,-3,-3,0,-6,-5,0,-48,7,42.207925619509574,4.830512864159665,1.2076282160399163,3.622884648119749,0.0,4.830512864159665,G,0.1951219512195122,-1.26,-0.05,91.67,100.89,2.168693379058786,39.0,1
119,0.29523566,16.846025490680457,24,1.0,10.76,156.2,-0.93,-4.5,10.5,21.201447,14.028643,32.322296,-2,3,-3,-4,-2,-2,0,0,-4,-2,-2,6,-4,-3,0,-3,-2,-6,-5,-1,-36,12,48.78861975098412,8.862747035042167,1.0935884027146072,7.76915863232756,7.655118819002251,1.2076282160399163,G,0.1975806451612903,-1.23,-0.53,89.48,78.04,2.174065400598989,41.0,0
120,0.25637388,20.183809409787585,14,0.0,5.41,114.1,-2.65,-3.5,11.6,24.741276,15.296567,36.621574,0,-3,4,1,5,-1,0,-2,-1,0,-2,-1,-2,-2,-2,1,0,-5,-3,0,-13,23,137.6432900821134,62.88846457141356,17.143344385003527,45.74512018641003,58.057951707253885,4.830512864159665,T,0.9044585987261147,-1.67,-0.39,96.58,90.32,1.6618106697392767,30.0,0
121,0.19766146,20.649149029033264,12,-1.0,2.77,115.1,-4.12,-3.5,13.0,21.738031,19.049849,39.510498,-1,-2,-1,7,-5,-2,-1,-4,-2,-5,-3,1,-5,-1,-3,-3,-3,-5,-5,-3,-46,33,55.8729991494234,43.13069934646321,0.0,43.13069934646321,40.715442914383374,2.4152564320798326,-,0.4049079754601227,-0.88,2.20,109.47,125.97,1.8431772529824952,26.0,0
122,0.26338133,23.885568461931108,15,-1.0,3.22,129.1,-3.64,-3.5,12.3,21.677307,16.99005,44.406906,-1,-1,0,-1,1,-1,-1,-2,-2,0,3,1,3,-2,-1,-2,-1,-3,-3,0,-13,33,111.18136613440242,49.16884042666279,0.0,49.16884042666279,40.715442914383374,8.453397512279414,H,0.6391752577319587,-1.24,-0.69,94.96,86.72,1.56208417836957,23.0,0
123,0.30158496,23.44063586161459,17,0.1,7.59,137.1,1.28,-3.2,10.4,18.356262,20.874254,44.19789,0,0,1,1,-3,0,1,0,1,-1,-1,0,-1,-2,1,1,-1,-2,-2,0,-7,6,127.56217058415602,41.76401857755735,0.0,41.76401857755735,16.40382604071911,25.360192536838245,H,0.6304347826086957,-1.03,-0.77,88.27,70.62,1.6570053832426639,22.0,0
124,0.2624983,20.279070553762292,14,0.0,5.66,101.1,-1.2,-0.7,8.6,17.246323,18.102068,39.765564,-1,-1,0,2,1,1,1,-1,1,0,-1,-1,0,-1,-1,1,1,-3,-1,0,-3,4,18.987484405401965,9.643131216564484,0.0,9.643131216564484,9.643131216564484,0.0,H,0.15492957746478872,-1.05,-0.94,95.36,69.93,2.0036005555421426,28.0,0
125,0.28794742,22.140946588008912,24,1.0,10.76,156.2,-0.93,-4.5,10.5,19.026754,12.972676,39.961758,0,1,0,0,0,1,0,-1,-1,0,0,1,0,-1,-1,0,0,-1,-1,0,-3,0,115.38201480425856,34.68078271884397,7.636382360416238,27.044400358427737,25.019756990524645,9.66102572831933,H,0.4435483870967742,-1.03,-0.57,90.70,69.10,1.7436592666553035,25.0,0
126,0.2607231,25.11121502866849,24,1.0,10.76,156.2,-0.93,-4.5,10.5,17.037178,16.72169,46.442593,0,4,2,0,-2,0,1,-2,-1,-1,-2,1,0,-3,-2,-1,-1,-3,-1,-1,-12,9,119.86652521992247,27.272479985078355,0.0,27.272479985078355,16.40382604071911,10.868653944359247,H,0.42338709677419356,-1.24,-0.77,95.61,71.01,1.6271068865270235,21.0,0
127,0.27525547,23.53616405056444,15,-1.0,3.22,129.1,-3.64,-3.5,12.3,12.57539,18.220787,44.05049,-1,1,0,1,-2,2,2,-2,-1,-1,-1,3,-1,-3,0,-1,0,-3,-2,-1,-10,2,95.99681733528274,69.66273107583169,2.142918048125441,67.51981302770623,60.00170534751234,9.66102572831933,H,0.5360824742268041,-1.12,-0.72,92.74,67.72,1.8197003382762869,22.0,0
128,0.2864061,21.88160376148853,19,0.0,5.98,113.2,5.01,3.8,4.9,12.425282,14.5598755,40.007305,0,-1,-1,0,0,0,-1,-1,-1,1,1,0,0,0,0,0,0,0,0,1,-2,8,22.1783874972825,6.038141080199582,0.0,6.038141080199582,0.0,6.038141080199582,H,0.1402439024390244,-1.24,-0.35,90.80,82.56,2.1347410550565336,26.0,0
129,0.29520875,25.301808600895765,10,0.0,6.0,71.1,-0.22,1.8,8.1,12.245575,11.706358,43.966167,0,0,0,2,-1,1,1,0,-1,0,-1,0,-1,-1,0,1,0,-2,-1,-1,-4,2,60.11791914295393,23.589993041134697,13.928967312815365,9.66102572831933,13.928967312815365,9.66102572831933,H,0.5943396226415094,-1.16,-0.57,89.22,87.92,1.6397555852288819,22.0,0
130,0.3043491,26.835967253613454,22,1.0,9.74,128.2,-4.18,-3.9,11.3,10.054043,14.327096,46.019016,0,0,0,1,0,1,1,-1,1,-1,0,1,0,-1,0,0,0,-2,-1,-1,-2,2,135.12115666795845,34.03224489780751,26.78647560156801,7.245769296239498,26.78647560156801,7.245769296239498,H,0.6048780487804878,-1.02,-0.88,87.73,72.77,1.5877349585996752,17.0,0
131,0.30119517,24.558763235277702,17,0.0,5.74,131.2,3.51,1.9,5.7,7.099059,13.554215,42.049942,0,0,0,0,-1,1,1,0,0,-1,0,1,1,-1,0,0,0,-2,-1,0,-2,0,133.28138974453378,64.47297080854872,16.208054552918,48.26491625563072,15.000426336878085,10.868653944359247,T,0.6648936170212766,-1.28,0.10,88.22,62.41,1.7164877122335158,19.0,0
132,0.29692018,25.583282685802825,22,1.0,9.74,128.2,-4.18,-3.9,11.3,8.1067705,7.271718,41.90739,0,0,1,0,-1,1,1,1,1,-2,-1,2,-1,-1,0,1,0,0,-1,-1,0,2,206.95607286907634,31.11233558822563,22.77297788927152,8.339357698954105,21.451309859906296,9.66102572831933,T,0.9609756097560975,0.95,0.75,88.88,101.06,1.533824788564359,19.0,0
133,0.1011657,22.016786818672625,17,0.0,5.65,128.1,-2.76,-3.5,10.5,9.879808,11.337878,38.107376,0,-1,0,-1,0,2,2,-1,1,-1,0,0,0,-2,-1,0,0,-2,-1,-1,-6,6,82.61103139227305,30.792345526901585,10.8507594326044,19.941586094297186,24.754204446702005,6.038141080199582,-,0.45454545454545453,-2.27,-3.08,138.73,130.47,1.6564329522679873,27.0,0
134,0.10217901,20.204270179938494,15,-1.0,3.22,129.1,-3.64,-3.5,12.3,14.715755,9.310131,36.48656,-1,4,-1,-1,-2,1,1,-2,1,-1,-2,2,-1,-2,-2,0,-1,-3,-1,-2,-13,7,81.42540689117888,59.33875389938122,4.285836096250882,55.05291780313033,55.715869251261466,3.622884648119749,-,0.4845360824742268,-2.80,2.83,138.26,141.89,1.5793139052803722,34.0,0
135,0.16188258,16.781818526828474,14,0.0,6.3,97.1,-3.03,-1.6,8.0,16.333143,12.550936,34.863728,1,-2,-1,-2,1,2,0,-1,-2,-1,-1,0,0,0,3,-1,0,0,-2,2,-4,9,4.69137800871748,2.142918048125441,2.142918048125441,0.0,2.142918048125441,0.0,-,0.029411764705882353,-0.96,2.79,119.06,114.81,2.198834821936633,40.0,0
136,0.17433171,14.881148797558586,16,0.0,5.96,99.1,4.45,4.2,5.9,15.496713,12.178514,30.28073,-4,-5,-3,-4,-1,-4,-5,-4,-6,4,0,-4,-1,-3,-5,-5,-3,-3,-5,6,-55,51,18.910678748206998,1.0714590240627204,1.0714590240627204,0.0,1.0714590240627204,0.0,-,0.1267605633802817,-1.25,2.35,115.75,139.05,2.2110885363289583,43.0,0
137,0.16716735,16.62397352809077,22,1.0,9.74,128.2,-4.18,-3.9,11.3,17.283146,7.771826,30.674671,-1,-2,0,1,-3,0,-1,-3,-4,-4,-2,0,0,-3,2,4,3,-5,-3,-3,-24,31,85.17360338706501,3.622884648119749,0.0,3.622884648119749,0.0,3.622884648119749,-,0.3463414634146341,-1.53,2.48,117.51,161.44,1.7876728045681118,37.0,0
138,0.29607746,15.129338703745798,14,0.0,6.3,97.1,-3.03,-1.6,8.0,19.877916,9.35496,26.489252,0,0,-1,0,-4,1,2,-3,0,-1,-2,1,-2,1,1,0,2,-3,2,-1,-7,17,36.75286413581627,3.622884648119749,0.0,3.622884648119749,0.0,3.622884648119749,H,0.25735294117647056,-0.88,-0.55,89.18,68.89,2.0348319671087056,35.0,0
139,0.25178838,17.37595220945671,15,-1.0,3.22,129.1,-3.64,-3.5,12.3,18.794453,5.825433,25.883167,-1,-1,0,1,-5,2,5,-3,1,-2,-4,0,-2,-4,-2,1,-1,-3,-4,-3,-25,18,108.36353345332097,51.44792766676543,1.0714590240627204,50.376468642702704,41.78690193844609,9.66102572831933,H,0.5979381443298969,-1.14,-1.00,97.51,76.72,1.7278951067276833,27.0,0
140,0.29119515,16.2802631795616,15,-1.0,3.22,129.1,-3.64,-3.5,12.3,14.158126,7.6502304,27.329233,-2,0,-2,2,-5,3,5,-4,0,-3,-3,0,0,-3,-4,-3,-2,2,0,-3,-22,3,72.81829753354464,49.032671234685594,2.142918048125441,46.88975318656016,41.78690193844609,7.245769296239498,H,0.4175257731958763,-0.98,-0.52,90.20,69.93,1.6183212705150198,33.0,0
141,0.2907276,12.622374027866298,7,0.0,5.97,57.0,-1.62,-0.4,9.0,14.804457,10.117023,23.182724,3,-5,-4,-1,-3,-4,-4,6,-2,-1,-4,-3,-2,-4,-4,-3,-3,-5,-5,-2,-50,28,6.479120157798674,5.629633504267994,5.629633504267994,0.0,3.214377072188161,2.4152564320798326,H,0.047619047619047616,-1.26,-0.60,90.15,70.72,3.967352945345214,40.0,0
142,0.28551623,14.230569981535611,24,1.0,10.76,156.2,-0.93,-4.5,10.5,18.544294,7.962383,20.89691,-2,2,-1,0,-1,3,3,-3,-1,0,0,3,-1,-3,-2,-1,-2,-4,-2,-1,-13,37,143.59864391270554,31.466405646655815,3.214377072188161,28.25202857446766,21.805379918336484,9.66102572831933,H,0.5564516129032258,-1.24,-0.65,90.99,70.52,1.7352686608841443,29.0,0
143,0.29222178,16.56849855280862,12,-1.0,2.77,115.1,-4.12,-3.5,13.0,12.367676,5.563485,21.274721,2,1,1,1,-3,2,2,-1,-1,-3,-1,1,-1,-3,-2,0,0,-4,-2,-2,-13,0,68.38432906049168,49.69562268281672,0.0,49.69562268281672,46.072738034696975,3.622884648119749,H,0.48466257668711654,-1.07,-0.89,90.05,71.38,1.647799481106519,27.0,0
144,0.29706725,14.056883147475205,17,0.0,5.74,131.2,3.51,1.9,5.7,9.720415,9.726322,21.294027,-3,-3,-3,-4,1,-3,-4,-4,-4,0,3,-2,3,4,-4,-2,-2,5,2,1,-19,6,18.308259507325232,4.716473050834356,1.0935884027146072,3.622884648119749,1.0935884027146072,3.622884648119749,H,0.0851063829787234,-1.01,-0.65,89.28,71.73,2.3438043240012063,35.0,0
145,0.28385368,12.580018757880241,10,0.0,6.0,71.1,-0.22,1.8,8.1,12.75938,10.194783,17.564724,5,-1,-4,-4,5,-2,-2,-2,-3,-1,-3,-2,-1,-2,-4,-1,-2,-4,-2,-1,-31,12,13.816724490487907,3.622884648119749,0.0,3.622884648119749,0.0,3.622884648119749,H,0.1320754716981132,-1.15,-0.68,91.50,68.82,2.317858320417562,37.0,0
146,0.27746946,16.229466955556465,14,0.0,5.41,114.1,-2.65,-3.5,11.6,12.213431,6.1397405,15.571442,-1,2,0,2,-4,2,2,-2,-1,-4,-3,4,-1,-4,-1,-1,-1,-4,-4,-3,-22,9,130.08667904235708,66.3751800275561,11.808178643341812,54.567001384214294,59.129410731316604,7.245769296239498,H,0.821656050955414,-1.25,-0.71,92.68,72.86,1.5682619439902488,25.0,0
147,0.28560272,17.148917090354217,24,1.0,10.76,156.2,-0.93,-4.5,10.5,7.932342,6.3182864,19.229265,-1,1,-1,1,-3,1,4,-2,-1,-2,-3,1,-1,-3,-3,2,-1,2,-3,-2,-14,8,160.96438792484201,47.13317635173091,27.85793462563073,19.275241726100177,39.88740705549141,7.245769296239498,H,0.6169354838709677,-0.96,-0.67,91.08,67.25,1.6097216506141194,29.0,0
148,0.26732177,15.012947650064696,19,0.0,6.02,113.2,5.58,4.5,5.2,8.338743,11.212596,15.789059,-3,-1,1,-2,-2,-2,-1,-2,2,3,1,0,1,1,-3,-2,-2,2,2,0,-7,7,51.48688341566993,23.4538238491575,17.415682768957918,6.038141080199582,15.000426336878085,8.453397512279414,T,0.3136094674556213,-1.77,0.24,94.45,64.19,2.501570088259031,35.0,0
149,0.25876206,15.906073120021569,7,0.0,5.97,57.0,-1.62,-0.4,9.0,10.42563,10.490591,12.411687,-3,0,3,0,-2,-1,-1,5,0,-5,-5,1,-2,-5,-3,-2,-3,-4,-4,-5,-36,29,63.377899574101605,33.64586670052781,33.64586670052781,0.0,30.02298205240806,3.622884648119749,T,0.7261904761904762,1.00,0.81,96.21,131.15,1.5304574099496941,33.0,0
150,0.16448426,12.648704112837452,10,0.0,6.0,71.1,-0.22,1.8,8.1,13.083961,12.034375,13.321681,3,-1,1,1,2,-1,0,-1,-1,-1,0,-1,0,0,-2,0,0,-2,-2,0,-5,31,21.9708915856982,19.422431625106164,18.214803409066246,1.2076282160399163,18.214803409066246,1.2076282160399163,-,0.24528301886792453,-1.29,2.67,118.41,143.74,2.117897249486867,39.0,0
151,0.30753475,13.579941880505421,20,0.0,5.48,147.2,5.27,2.8,5.2,17.191711,14.022221,10.020424,-1,-2,-2,-4,4,-2,-2,-4,-2,3,1,-2,2,2,-2,-1,0,-3,1,2,-12,7,98.35784987816162,46.53916401279014,23.594227908031737,22.94493610475841,23.594227908031737,22.94493610475841,S,0.4517766497461929,-1.21,-0.48,87.57,95.14,1.7598841475323936,34.0,0
152,0.08049227,12.330755260780816,7,0.0,5.97,57.0,-1.62,-0.4,9.0,17.16003,13.590747,14.668245,0,0,-2,-1,1,1,0,-1,1,-1,-1,2,0,-3,3,0,-1,-1,-1,-2,-6,6,27.964698510370326,16.071885360940808,16.071885360940808,0.0,16.071885360940808,0.0,-,0.36904761904761907,3.09,2.68,146.61,123.37,2.07462787351136,37.0,0
153,0.14599966,10.569424552148012,21,0.0,5.66,163.2,2.15,-1.3,6.2,18.149115,12.856605,20.338842,-4,-6,-5,-7,1,-6,-3,-7,-1,-2,-3,-6,-3,7,-7,-5,-3,2,7,-4,-55,49,74.63303224670545,29.610239609579427,13.928967312815365,15.681272296764066,23.57209852937985,6.038141080199582,-,0.30180180180180183,-1.83,2.63,124.03,148.40,2.3927701702623083,39.0,0
154,0.10309679,9.564486055037237,17,0.0,5.74,131.2,3.51,1.9,5.7,21.286558,16.30272,18.902552,-4,-4,-5,-6,-1,-3,-5,-5,0,3,2,-4,4,5,-6,-4,-2,1,2,3,-29,26,85.13822905378561,42.66389637725162,17.165473763655417,25.498422613596205,17.165473763655417,3.622884648119749,-,0.48404255319148937,-2.72,2.67,138.04,163.68,2.2113220820888024,45.0,0
155,0.120156504,9.438319962327462,15,-1.0,3.22,129.1,-3.64,-3.5,12.3,21.348364,15.578312,24.203836,-2,-3,-3,-1,-7,-1,7,-6,-4,-7,-6,-2,-6,-3,-2,-4,-5,-7,-3,-6,-71,42,41.20130906781695,17.415682768957918,6.428754144376322,10.986928624581596,15.000426336878085,2.4152564320798326,-,0.22164948453608246,-2.23,2.85,131.97,156.47,1.9539637930931626,49.0,0
156,0.06737666,9.75173816442973,11,0.0,5.05,103.1,4.66,2.5,5.5,21.781868,20.748827,24.442654,-1,-6,-6,-6,7,-6,-6,-5,-7,1,-5,-6,-3,-6,-6,-2,6,-7,-6,2,-68,3,14.953981031087418,9.007574456372659,0.0,9.007574456372659,0.0,0.0,-,0.1111111111111111,-3.09,3.05,151.50,143.41,2.606467891574298,44.0,1
157,0.14886302,10.995157117609502,11,0.0,5.68,87.1,-2.84,-0.8,9.2,23.707758,23.181541,27.39145,-5,-5,-4,-6,-3,-6,-6,-6,-7,-9,-9,-6,-8,-9,-7,8,-4,-9,-8,-8,-117,49,0.8494866535306799,0.0,0.0,0.0,0.0,0.0,-,0.007692307692307693,-2.46,2.09,123.08,174.80,2.375233792013015,42.0,1
158,0.30284312,10.884422245914427,10,0.0,6.0,71.1,-0.22,1.8,8.1,22.730087,26.842693,26.844372,7,-7,-7,-7,-1,-6,-6,-5,-7,-5,-7,-6,-6,-8,-3,1,-3,-8,-7,-2,-93,24,12.472927082470797,2.279087240102637,1.0714590240627204,1.2076282160399163,1.0714590240627204,1.2076282160399163,T,0.1509433962264151,-1.35,-0.38,88.27,88.26,1.9145586336168994,38.0,1
159,0.25072038,14.19435947237082,22,1.0,9.74,128.2,-4.18,-3.9,11.3,24.079567,27.429502,31.774857,-2,1,-5,-6,-4,-2,-3,-6,-6,-4,2,7,-3,-4,-6,-3,-4,-7,-4,-5,-64,29,149.90133222707863,28.424740772191406,22.500639505317128,5.924101266874272,23.594227908031737,4.830512864159665,T,0.6682926829268293,-1.25,-0.87,97.48,59.30,1.548083540131563,39.0,1
160,0.26668328,16.11175366361571,14,0.0,5.66,101.1,-1.2,-0.7,8.6,27.530401,24.744413,29.268663,-1,-3,2,2,-2,0,2,-5,-1,-3,-1,1,-3,-2,-5,0,5,-6,-3,-4,-27,37,90.45353992987663,32.68844748979039,25.71501657750529,6.973430912285107,27.85793462563073,4.830512864159665,T,0.5985915492957746,-1.62,-0.25,94.05,77.45,1.7370547373631615,31.0,1
161,0.2926479,14.348988871224618,22,1.0,9.74,128.2,-4.18,-3.9,11.3,28.122639,27.296366,25.078428,0,2,4,0,-4,2,-4,3,0,-6,-4,0,-1,-4,-4,2,-3,-6,-4,-6,-33,6,102.64568402734017,10.051638792496071,7.636382360416238,2.4152564320798326,6.428754144376322,3.622884648119749,-,0.5024390243902439,1.46,-0.04,89.53,127.23,1.7042909571858766,33.0,0
162,0.20818177,14.438766528320077,12,-1.0,2.77,115.1,-4.12,-3.5,13.0,27.428263,20.751488,25.71476,-2,-1,-2,0,-2,2,2,-4,1,2,-1,1,0,1,-4,-1,2,-4,1,-1,-10,23,72.47032216486241,52.93212913365677,1.0935884027146072,51.83854073094217,49.30924448553702,3.622884648119749,T,0.50920245398773,-0.93,1.88,106.90,107.59,1.7283785394137559,32.0,0
163,0.24602813,12.69483184083297,7,0.0,5.97,57.0,-1.62,-0.4,9.0,26.175074,21.228798,21.626387,-5,-3,8,-3,-5,-3,-6,4,-1,-8,-7,-5,-5,-8,-7,-2,-4,-8,-6,-8,-82,72,20.429048176798787,6.83726172030791,6.83726172030791,0.0,3.214377072188161,3.622884648119749,T,0.14285714285714285,1.37,0.05,98.56,86.77,1.696318448342508,33.0,0
164,0.2717664,10.740523076451634,16,0.0,5.96,99.1,4.45,4.2,5.9,24.669441,24.623255,20.842981,-4,-7,-8,-8,-6,-7,-7,-8,-7,5,1,-7,-4,-1,-7,-6,-3,-7,-2,6,-87,5,23.225920151695483,17.279513576980726,16.071885360940808,1.2076282160399163,16.071885360940808,1.2076282160399163,S,0.19014084507042253,-1.05,-0.76,93.43,105.38,2.4095613371442184,40.0,0
165,0.26630986,13.112999784191185,24,1.0,10.76,156.2,-0.93,-4.5,10.5,27.644836,25.730392,16.281546,-3,0,3,4,-6,1,4,-4,-1,-3,-5,2,-5,-4,-3,-1,-2,-6,-2,-3,-34,53,114.6334361067612,27.13631079310116,1.0714590240627204,26.06485176903844,17.47528506478183,9.66102572831933,-,0.4475806451612903,-1.13,-0.65,94.53,118.88,1.7278510876181137,40.0,0
166,0.2438637,12.918397183636886,15,-1.0,3.22,129.1,-3.64,-3.5,12.3,26.979116,20.327635,17.536406,0,-3,0,2,-2,3,6,-4,-2,-6,-3,1,-3,-7,-3,-2,-1,-7,-5,-5,-41,7,98.21106210301531,58.28518938707334,6.973430912285107,51.311758474788235,45.00127901063426,13.28391037643908,-,0.5567010309278351,-1.15,-,90.54,125.61,1.6899805853462866,,0
169,0.26608697,13.823162243161205,15,-1.0,3.22,129.1,-3.64,-3.5,12.3,26.27151,22.142866,12.254237,4,-5,-6,-6,0,-5,-5,-2,-6,1,2,-5,1,-2,0,-1,-2,-6,-5,3,-45,4,70.45481454839597,67.05686793427324,20.84796070759907,46.20890722667417,64.64161150219341,2.4152564320798326,-,0.4329896907216495,-,-0.74,86.13,173.65,2.267176305590354,,0
170,0.28028274,12.696561743277167,17,0.0,5.74,131.2,3.51,1.9,5.7,21.523958,17.75388,12.576105,-6,-8,-9,-9,-8,-8,-9,-9,-7,-1,-1,-8,1,9,-9,-6,-7,-5,0,-5,-105,60,79.82849764624734,31.407758394998595,21.509228262067875,9.89853013293072,2.1871768054292144,25.36019253683824,-,0.4574468085106383,-1.10,-,84.12,169.75,1.946496340044068,,0
173,0.260272,16.385261955815853,24,1.0,10.76,156.2,-0.93,-4.5,10.5,24.258623,18.758009,7.5430427,-3,1,0,3,-4,2,3,-4,1,-1,-1,-1,1,-1,-4,-2,-1,-4,2,-3,-16,89,103.23856539292566,36.97860641753263,10.913754648494185,26.06485176903844,27.317580689213294,9.66102572831933,-,0.4032258064516129,-,-0.66,87.75,114.15,1.8046186469305117,,0
174,0.2610937,15.121453137047126,10,0.0,6.0,71.1,-0.22,1.8,8.1,18.325981,19.126085,6.8081484,1,-1,-1,0,1,0,3,-2,-3,-2,-1,1,-1,-1,-4,0,2,2,0,-1,-7,9,2.279087240102637,2.279087240102637,1.0714590240627204,1.2076282160399163,1.0714590240627204,1.2076282160399163,T,0.03773584905660377,-1.40,-0.50,95.42,122.26,3.456592767168182,38.0,0
175,0.28252745,15.5955092089853,10,0.0,6.0,71.1,-0.22,1.8,8.1,17.498016,22.348854,5.128383,3,-6,-6,-6,-1,-5,-6,-6,-6,3,3,-5,3,-4,-6,-3,-3,-6,-5,3,-59,52,9.074980468348077,2.279087240102637,1.0714590240627204,1.2076282160399163,1.0714590240627204,1.2076282160399163,T,0.18867924528301888,-1.32,-0.37,91.52,69.32,2.6187139088620413,39.0,0
176,0.23328677,19.14662118737333,19,0.0,5.98,113.2,5.01,3.8,4.9,20.40012,22.254988,2.4795666,3,-5,-5,-6,0,-1,-5,-5,-6,3,2,-5,-2,-3,-5,-2,1,-6,-4,4,-47,12,82.31681495707906,33.89607570583031,29.065562841670648,4.830512864159665,27.85793462563073,6.038141080199582,T,0.5426829268292683,-1.50,-0.97,101.47,62.66,1.9367358203731246,32.0,0
177,0.12972395,20.424477887955295,17,0.0,5.65,128.1,-2.76,-3.5,10.5,19.667437,17.086819,2.830362,-3,6,-4,-2,-7,0,1,-6,2,-5,-5,5,-5,-6,-5,-2,-4,-6,-5,-2,-53,6,103.37132909846635,46.4557233119108,3.214377072188161,43.241346239722645,44.04046687983097,2.4152564320798326,-,0.5303030303030303,-1.47,-2.94,129.11,-,1.6100313054643687,27.0,0
178,-,20.297775056725314,11,0.0,6.0,71.1,-0.22,1.8,8.1,15.506511,16.601889,1.5001101,5,-4,-3,-4,4,-3,-3,-3,-4,-2,-3,-3,-3,-4,-3,1,1,-5,-4,2,-38,15,131.92366879787596,80.10498293250448,48.7603328507312,31.344650081773285,72.859213636265,7.245769296239498,-,1.0,1.06,-,-,-,1.5088020042974604,,0
