Position,Residue,Residue Depth,HSE-up,HSE-down,CN
1,ILE,1.770783183922754,,,
2,ARG,1.5989527108137702,"(6, 17, np.float64(0.3366641848081485))","(4, 19, 0.0)",23.0
3,LYS,2.2850381116994622,"(16, 13, np.float64(0.45051144630260753))","(20, 9, 0.0)",29.0
4,LYS,2.2568842535021343,"(10, 25, np.float64(0.4145365796691977))","(10, 25, 0.0)",35.0
5,LEU,6.8177748019343944,"(22, 17, np.float64(0.27664553199918196))","(22, 17, 0.0)",39.0
6,VAL,5.813930938229888,"(18, 26, np.float64(0.44252660086001316))","(20, 24, 0.0)",44.0
7,ILE,6.14810450392713,"(23, 22, np.float64(0.44178810991158585))","(25, 20, 0.0)",45.0
8,VAL,6.868109313527285,"(22, 24, np.float64(0.4664203207455972))","(19, 27, 0.0)",46.0
9,GLY,4.834017722305061,"(24, 20, np.float64(1.0360578843502275))","(23, 21, 0.0)",44.0
10,ASP,2.0485004759291825,"(15, 20, np.float64(0.6272251130828476))","(15, 20, 0.0)",35.0
11,VAL,1.528372968375431,"(10, 17, np.float64(0.42488381411039555))","(7, 20, 0.0)",27.0
12,ALA,1.5212674121399694,"(7, 21, np.float64(0.8541355839005387))","(5, 23, 0.0)",28.0
13,CYS,2.0821356524313774,"(19, 17, np.float64(0.6539479408857202))","(22, 14, 0.0)",36.0
14,GLY,1.5427336305447041,"(17, 25, np.float64(1.1155856199020968))","(20, 22, 0.0)",42.0
15,LYS,2.5216030075847393,"(21, 22, np.float64(0.9830580417587858))","(23, 20, 0.0)",43.0
16,THR,2.1287487723631715,"(20, 23, np.float64(0.9217509002687265))","(17, 26, 0.0)",43.0
17,CYS,2.2470889397082874,"(16, 17, np.float64(0.9003186354401294))","(17, 16, 0.0)",33.0
18,LEU,2.6793095748193383,"(24, 19, np.float64(0.9702020804421702))","(26, 17, 0.0)",43.0
19,LEU,6.044667402247167,"(19, 21, np.float64(0.845282665207274))","(18, 22, 0.0)",40.0
20,ILE,2.670373027722903,"(11, 16, np.float64(0.8944735378858549))","(10, 17, 0.0)",27.0
21,VAL,2.65829353387281,"(15, 13, np.float64(0.9837757071066202))","(18, 10, 0.0)",28.0
22,PHE,2.3088839746917706,"(16, 18, np.float64(0.8425895895252887))","(22, 12, 0.0)",34.0
23,SER,2.2379149313491364,"(11, 15, np.float64(0.6733678434454617))","(15, 11, 0.0)",26.0
24,LYS,1.688644622902259,"(2, 15, np.float64(0.8635472828739966))","(11, 6, 0.0)",17.0
25,ASP,1.589061899863462,"(7, 11, np.float64(1.03120008517655))","(0, 18, 0.0)",18.0
26,GLN,1.7634595073222823,"(2, 16, np.float64(0.38015890967562055))","(4, 14, 0.0)",18.0
27,PHE,1.733303849730465,"(10, 11, np.float64(0.4388159134928404))","(6, 15, 0.0)",21.0
28,PRO,1.9367571778859385,"(14, 6, np.float64(0.5712150242282128))","(14, 6, 0.0)",20.0
29,GLU,1.518730061190068,"(1, 10, np.float64(0.9426575299333865))","(0, 11, 0.0)",11.0
30,VAL,1.5071291384110248,"(0, 10, np.float64(0.3218425379740616))","(1, 9, 0.0)",10.0
31,TYR,1.5795576698775105,"(8, 6, np.float64(0.4087319834523029))","(5, 9, 0.0)",14.0
32,VAL,1.5579900463795802,"(3, 14, np.float64(0.39184856184142414))","(6, 11, 0.0)",17.0
33,PRO,1.56975343880191,"(10, 13, np.float64(0.5613342111007615))","(7, 16, 0.0)",23.0
34,THR,1.6879680605437206,"(17, 12, np.float64(0.3965953822695659))","(21, 8, 0.0)",29.0
35,VAL,1.682697372695175,"(9, 14, np.float64(0.979425908895795))","(0, 23, 0.0)",23.0
36,PHE,1.6864830870312282,"(17, 9, np.float64(0.5945085965782377))","(9, 17, 0.0)",26.0
37,GLU,1.9121079001521433,"(7, 14, np.float64(0.6390957488690453))","(12, 9, 0.0)",21.0
38,ASN,1.6225752577117694,"(7, 15, np.float64(0.3895699114776549))","(4, 18, 0.0)",22.0
39,TYR,2.267033039085648,"(13, 12, np.float64(0.5980294958642824))","(18, 7, 0.0)",25.0
40,VAL,1.620644709843726,"(7, 16, np.float64(0.4484187118052096))","(4, 19, 0.0)",23.0
41,ALA,2.081364329765111,"(9, 17, np.float64(0.6443013719577696))","(16, 10, 0.0)",26.0
42,ASP,1.7506750868049679,"(6, 18, np.float64(0.47747319282052253))","(3, 21, 0.0)",24.0
43,ILE,2.756416812696919,"(17, 10, np.float64(0.43851847205808314))","(19, 8, 0.0)",27.0
44,GLU,1.7158007240597533,"(3, 19, np.float64(0.42911101490597786))","(1, 21, 0.0)",22.0
45,VAL,2.032486383464421,"(14, 7, np.float64(0.4427515976208195))","(16, 5, 0.0)",21.0
46,ASP,1.525631054383033,"(4, 10, np.float64(0.8836324233928546))","(7, 7, 0.0)",14.0
47,GLY,1.4909678629172103,"(0, 11, np.float64(1.2436600126457904))","(0, 11, 0.0)",11.0
48,LYS,1.7565602285382567,"(5, 10, np.float64(0.45387374154175325))","(10, 5, 0.0)",15.0
49,GLN,1.7245324991718745,"(2, 16, np.float64(0.4459956312035511))","(0, 18, 0.0)",18.0
50,VAL,4.366146246884167,"(17, 7, np.float64(0.27565866768653174))","(17, 7, 0.0)",24.0
51,GLU,2.0062185825226306,"(2, 21, np.float64(0.5145129999332603))","(4, 19, 0.0)",23.0
52,LEU,3.968079699299316,"(20, 11, np.float64(0.2601550907059953))","(19, 12, 0.0)",31.0
53,ALA,1.9203148561289596,"(10, 22, np.float64(0.43770826884398895))","(14, 18, 0.0)",32.0
54,LEU,4.333803566296348,"(17, 20, np.float64(0.35269482203250363))","(14, 23, 0.0)",37.0
55,TRP,2.4730602410986653,"(15, 21, np.float64(0.3571294665525373))","(16, 20, 0.0)",36.0
56,ASP,3.000665818108887,"(15, 21, np.float64(0.5224440373274327))","(15, 21, 0.0)",36.0
57,THR,2.4077203486790295,"(18, 22, np.float64(0.5088554854917904))","(22, 18, 0.0)",40.0
58,ALA,2.173419746561114,"(13, 19, np.float64(0.4703914976417077))","(15, 17, 0.0)",32.0
59,GLY,2.135289515083891,"(17, 17, np.float64(0.7978503634142393))","(17, 17, 0.0)",34.0
60,GLN,1.781049222155993,"(8, 14, np.float64(0.42988398365854613))","(9, 13, 0.0)",22.0
61,GLU,1.5958286851259504,"(4, 14, np.float64(1.0190169933664504))","(0, 18, 0.0)",18.0
62,ASP,1.6366661722119007,"(0, 13, np.float64(0.8831049605360347))","(5, 8, 0.0)",13.0
63,TYR,2.433637710677483,"(10, 7, np.float64(0.6213854725136997))","(13, 4, 0.0)",17.0
64,ASP,1.8436171662690766,"(10, 12, np.float64(0.8941136907507805))","(5, 17, 0.0)",22.0
65,ARG,1.5691270144111324,"(0, 16, np.float64(0.8315470672394631))","(1, 15, 0.0)",16.0
66,LEU,1.6914975952455833,"(4, 13, np.float64(0.7590747791392861))","(9, 8, 0.0)",17.0
67,ARG,2.6691649653437395,"(20, 9, np.float64(0.8918580899144454))","(18, 11, 0.0)",29.0
68,PRO,2.0807190691402018,"(11, 15, np.float64(0.8436221730218343))","(9, 17, 0.0)",26.0
69,LEU,1.5905616128863376,"(1, 20, np.float64(0.762948331491611))","(8, 13, 0.0)",21.0
70,SER,1.904499488136969,"(17, 13, np.float64(0.8016111819935166))","(21, 9, 0.0)",30.0
71,TYR,3.2623065833767386,"(19, 10, np.float64(0.7879815754084033))","(13, 16, 0.0)",29.0
72,PRO,1.5755771712313604,"(2, 17, np.float64(1.0868328283143267))","(4, 15, 0.0)",19.0
73,ASP,1.5385263359549664,"(2, 20, np.float64(0.47023448607742957))","(4, 18, 0.0)",22.0
74,THR,2.548889993658402,"(20, 9, np.float64(0.3881384398231871))","(21, 8, 0.0)",29.0
75,ASP,2.0469838446596658,"(10, 23, np.float64(0.8449851108595482))","(15, 18, 0.0)",33.0
76,VAL,4.531644586267152,"(20, 22, np.float64(0.4633070818319839))","(22, 20, 0.0)",42.0
77,ILE,5.477496719087257,"(21, 25, np.float64(0.40782901106269526))","(21, 25, 0.0)",46.0
78,LEU,8.08245627793986,"(27, 22, np.float64(0.4544169304572376))","(26, 23, 0.0)",49.0
79,MET,6.241299384488689,"(22, 28, np.float64(0.44272041857012034))","(25, 25, 0.0)",50.0
80,CYS,5.977199489013517,"(24, 23, np.float64(0.38600916962992826))","(24, 23, 0.0)",47.0
81,PHE,5.1723606680086345,"(19, 25, np.float64(0.6489135976832822))","(22, 22, 0.0)",44.0
82,SER,2.704954176379545,"(16, 26, np.float64(0.35537606282528705))","(13, 29, 0.0)",42.0
83,ILE,4.845982888347396,"(20, 20, np.float64(0.7408809823970541))","(20, 20, 0.0)",40.0
84,ASP,2.1654157437455805,"(15, 19, np.float64(0.7750893484201319))","(17, 17, 0.0)",34.0
85,SER,1.946328770160334,"(11, 22, np.float64(0.33549283151189574))","(16, 17, 0.0)",33.0
86,PRO,1.6802159619130905,"(13, 15, np.float64(0.9912594136229007))","(10, 18, 0.0)",28.0
87,ASP,1.6995294529332226,"(4, 20, np.float64(0.8299134395023483))","(4, 20, 0.0)",24.0
88,SER,2.3009092292739273,"(17, 15, np.float64(0.7890696649183333))","(20, 12, 0.0)",32.0
89,LEU,2.8284382018255996,"(20, 15, np.float64(0.8796488782275926))","(18, 17, 0.0)",35.0
90,GLU,2.09324494440079,"(2, 22, np.float64(0.8927262420793303))","(3, 21, 0.0)",24.0
91,ASN,2.3199142958939447,"(10, 14, np.float64(0.6896421752338654))","(16, 8, 0.0)",24.0
92,ILE,5.707897089064187,"(26, 8, np.float64(0.796685056809569))","(20, 14, 0.0)",34.0
93,PRO,2.020465032499465,"(13, 15, np.float64(0.9059826984656586))","(10, 18, 0.0)",28.0
94,GLU,1.6418778093624908,"(2, 16, np.float64(1.0249543708889102))","(7, 11, 0.0)",18.0
95,LYS,1.7214500983391565,"(5, 18, np.float64(0.9296087035499179))","(12, 11, 0.0)",23.0
96,TRP,3.8352739286765587,"(20, 13, np.float64(0.7981695462331911))","(18, 15, 0.0)",33.0
97,THR,2.4766845908755646,"(20, 13, np.float64(0.9206076792532323))","(13, 20, 0.0)",33.0
98,PRO,1.7173313520462135,"(1, 15, np.float64(1.0415147560557105))","(5, 11, 0.0)",16.0
99,GLU,1.9136522337249282,"(6, 16, np.float64(0.9551326042636082))","(13, 9, 0.0)",22.0
100,VAL,3.855361004198578,"(21, 13, np.float64(0.9219228653743693))","(20, 14, 0.0)",34.0
101,LYS,1.676020645844517,"(11, 13, np.float64(0.8527166167020456))","(10, 14, 0.0)",24.0
102,HIS,1.6103941529457517,"(0, 15, np.float64(0.980682159228835))","(5, 10, 0.0)",15.0
103,PHE,1.8881399521921494,"(7, 13, np.float64(0.8721020272899602))","(13, 7, 0.0)",20.0
104,CYS,2.0542500389755864,"(15, 10, np.float64(0.42134081394122463))","(18, 7, 0.0)",25.0
105,PRO,1.6149761030268581,"(8, 12, np.float64(0.6007714363308293))","(3, 17, 0.0)",20.0
106,ASN,1.5084043442398205,"(1, 19, np.float64(1.0041751142692512))","(1, 19, 0.0)",20.0
107,VAL,1.9308094201216661,"(21, 11, np.float64(0.3290742745975276))","(19, 13, 0.0)",32.0
108,PRO,1.8636413891449852,"(12, 23, np.float64(0.5382258264804832))","(17, 18, 0.0)",35.0
109,ILE,2.399752361211905,"(23, 18, np.float64(0.4375608413325065))","(17, 24, 0.0)",41.0
110,ILE,5.588519494666216,"(18, 24, np.float64(0.4522391988152786))","(21, 21, 0.0)",42.0
111,LEU,5.656747098534484,"(20, 23, np.float64(0.42080859766087747))","(20, 23, 0.0)",43.0
112,VAL,5.6117132222376735,"(25, 21, np.float64(0.2921767493348619))","(25, 21, 0.0)",46.0
113,GLY,4.978021929596527,"(23, 25, np.float64(0.5410886395477509))","(24, 24, 0.0)",48.0
114,ASN,2.516103502022442,"(24, 23, np.float64(0.5483647450234909))","(20, 27, 0.0)",47.0
115,LYS,1.862766407788271,"(15, 20, np.float64(0.9084151466458219))","(16, 19, 0.0)",35.0
116,LYS,2.0327247338313708,"(15, 19, np.float64(0.9386726629787472))","(16, 18, 0.0)",34.0
117,ASP,1.6390533232470303,"(7, 19, np.float64(0.8556536208828895))","(7, 19, 0.0)",26.0
118,LEU,2.168693379058786,"(12, 17, np.float64(0.7422425276484307))","(19, 10, 0.0)",29.0
119,ARG,2.174065400598989,"(16, 11, np.float64(0.8709106716424547))","(13, 14, 0.0)",27.0
120,ASN,1.6618106697392767,"(0, 17, np.float64(0.8186096110004454))","(2, 15, 0.0)",17.0
121,ASP,1.8431772529824952,"(8, 9, np.float64(0.4689554043491926))","(12, 5, 0.0)",17.0
122,GLU,1.56208417836957,"(2, 13, np.float64(0.8974983244459148))","(0, 15, 0.0)",15.0
123,HIS,1.6570053832426639,"(0, 16, np.float64(0.966204116467984))","(2, 14, 0.0)",16.0
124,THR,2.0036005555421426,"(10, 13, np.float64(0.9739917961838952))","(13, 10, 0.0)",23.0
125,ARG,1.7436592666553035,"(12, 10, np.float64(0.8545411735142997))","(5, 17, 0.0)",22.0
126,ARG,1.6271068865270235,"(0, 18, np.float64(0.8625565235606354))","(3, 15, 0.0)",18.0
127,GLU,1.8197003382762869,"(0, 17, np.float64(0.885611429308177))","(8, 9, 0.0)",17.0
128,LEU,2.1347410550565336,"(12, 10, np.float64(0.8026628361007973))","(16, 6, 0.0)",22.0
129,ALA,1.6397555852288819,"(3, 11, np.float64(0.871600130647019))","(5, 9, 0.0)",14.0
130,LYS,1.5877349585996752,"(0, 11, np.float64(1.0083874744435584))","(5, 6, 0.0)",11.0
131,MET,1.7164877122335158,"(3, 11, np.float64(0.7425334558990275))","(11, 3, 0.0)",14.0
132,LYS,1.533824788564359,"(0, 11, np.float64(0.8393048185323321))","(0, 11, 0.0)",11.0
133,GLN,1.6564329522679873,"(8, 10, np.float64(0.7740230761856505))","(12, 6, 0.0)",18.0
134,GLU,1.5793139052803722,"(11, 14, np.float64(0.6820702866661326))","(2, 23, 0.0)",25.0
135,PRO,2.198834821936633,"(21, 15, np.float64(0.6798185969670411))","(18, 18, 0.0)",36.0
136,VAL,2.2110885363289583,"(20, 14, np.float64(0.4772793187157713))","(24, 10, 0.0)",34.0
137,LYS,1.7876728045681118,"(3, 21, np.float64(0.495244206577471))","(5, 19, 0.0)",24.0
138,PRO,2.0348319671087056,"(13, 11, np.float64(1.0073164114919537))","(5, 19, 0.0)",24.0
139,GLU,1.7278951067276833,"(0, 16, np.float64(0.924735476224891))","(0, 16, 0.0)",16.0
140,GLU,1.6183212705150198,"(5, 14, np.float64(0.7785083721238231))","(7, 12, 0.0)",19.0
141,GLY,3.967352945345214,"(23, 12, np.float64(0.9045005249292359))","(21, 14, 0.0)",35.0
142,ARG,1.7352686608841443,"(10, 14, np.float64(0.9189393028797712))","(3, 21, 0.0)",24.0
143,ASP,1.647799481106519,"(0, 22, np.float64(1.017238875910939))","(7, 15, 0.0)",22.0
144,MET,2.3438043240012063,"(13, 21, np.float64(0.9088486638188635))","(24, 10, 0.0)",34.0
145,ALA,2.317858320417562,"(20, 12, np.float64(0.8869367763739736))","(21, 11, 0.0)",32.0
146,ASN,1.5682619439902488,"(2, 16, np.float64(0.9022604921276717))","(5, 13, 0.0)",18.0
147,ARG,1.6097216506141194,"(3, 14, np.float64(0.9673909266395272))","(10, 7, 0.0)",17.0
148,ILE,2.501570088259031,"(13, 12, np.float64(0.670597996372276))","(20, 5, 0.0)",25.0
149,GLY,1.5304574099496941,"(1, 20, np.float64(0.9041365349979686))","(6, 15, 0.0)",21.0
150,ALA,2.117897249486867,"(25, 7, np.float64(0.5362316506908805))","(23, 9, 0.0)",32.0
151,PHE,1.7598841475323936,"(12, 19, np.float64(0.8841009655163818))","(18, 13, 0.0)",31.0
152,GLY,2.07462787351136,"(7, 25, np.float64(0.6804510832282329))","(11, 21, 0.0)",32.0
153,TYR,2.3927701702623083,"(20, 14, np.float64(0.49484111199834857))","(14, 20, 0.0)",34.0
154,MET,2.2113220820888024,"(16, 22, np.float64(0.6555298314495877))","(22, 16, 0.0)",38.0
155,GLU,1.9539637930931626,"(17, 22, np.float64(0.5404238012970949))","(13, 26, 0.0)",39.0
156,CYS,2.606467891574298,"(14, 21, np.float64(0.8813222877310605))","(20, 15, 0.0)",35.0
157,SER,2.375233792013015,"(10, 24, np.float64(0.42605229121574323))","(9, 25, 0.0)",34.0
158,ALA,1.9145586336168994,"(21, 15, np.float64(0.8519946088052343))","(21, 15, 0.0)",36.0
159,LYS,1.548083540131563,"(8, 18, np.float64(0.9174903115512699))","(7, 19, 0.0)",26.0
160,THR,1.7370547373631615,"(2, 19, np.float64(0.8142630916575987))","(9, 12, 0.0)",21.0
161,LYS,1.7042909571858766,"(14, 11, np.float64(1.0062962292360333))","(7, 18, 0.0)",25.0
162,ASP,1.7283742013232006,"(4, 17, np.float64(0.4890391133837535))","(11, 10, 0.0)",21.0
163,GLY,1.696318448342508,"(9, 16, np.float64(1.1217575214680888))","(11, 14, 0.0)",25.0
164,VAL,2.4095613371442184,"(20, 11, np.float64(0.8855377679346279))","(16, 15, 0.0)",31.0
165,ARG,1.7278510876181137,"(9, 18, np.float64(0.8798468837734785))","(8, 19, 0.0)",27.0
166,GLU,1.6899805853462866,"(5, 20, np.float64(0.8573160373767043))","(10, 15, 0.0)",25.0
167,VAL,4.08611453370371,"(23, 13, np.float64(0.9777280734755894))","(22, 14, 0.0)",36.0
168,PHE,5.2297836206852555,"(24, 19, np.float64(0.7576021641857297))","(21, 22, 0.0)",43.0
169,GLU,2.267176305590354,"(9, 20, np.float64(0.8763852785850589))","(8, 21, 0.0)",29.0
170,MET,1.946496340044068,"(11, 21, np.float64(0.8842223865633619))","(18, 14, 0.0)",32.0
171,ALA,5.7733955097191245,"(24, 18, np.float64(0.9263302939690355))","(24, 18, 0.0)",42.0
172,THR,4.1579033748735394,"(21, 19, np.float64(0.9388718288032446))","(21, 19, 0.0)",40.0
173,ARG,1.8046186469305117,"(7, 21, np.float64(0.9548563320765454))","(10, 18, 0.0)",28.0
174,ALA,3.456592767168182,"(11, 17, np.float64(0.8419688572015724))","(19, 9, 0.0)",28.0
175,ALA,2.6187139088620413,"(23, 10, np.float64(0.8202055487913839))","(23, 10, 0.0)",33.0
176,LEU,1.9367358203731246,"(12, 14, np.float64(0.9475318200432673))","(14, 12, 0.0)",26.0
177,GLN,1.6100313054643687,"(1, 14, np.float64(0.7352995582306374))","(6, 9, 0.0)",15.0
178,ALA,1.5088020042974604,,,
