Position,Residue,SASA,Total_SASA,Main-chain_SASA,Side-chain_SASA,Polar_SASA,Non-polar_SASA
1,MET,112.64557450564632,34.492802380823775,19.68459124886293,14.80821113196085,19.68459124886293,9.66102572831933
2,ASP,51.847538252302044,44.20215837052593,0.0,44.20215837052593,41.78690193844609,2.4152564320798326
3,LYS,45.75509788467782,3.280765208143822,0.0,3.280765208143822,3.280765208143822,0.0
4,PHE,0.8494866535306799,0.0,0.0,0.0,0.0,0.0
5,ARG,77.75051003508631,22.533877555592113,1.0714590240627204,21.46241853152939,15.288108259352615,7.245769296239498
6,VAL,0.0,0.0,0.0,0.0,0.0,0.0
7,GLN,72.97061451176127,20.302441992859123,3.214377072188161,17.088064920670963,13.056672696619625,7.245769296239498
8,GLY,11.922218456667121,11.922218456667121,11.922218456667121,0.0,10.714590240627205,1.2076282160399163
9,PRO,77.53963376980674,30.81786782561935,23.57209852937985,7.245769296239498,23.57209852937985,7.245769296239498
10,THR,24.886490630159358,12.99367748072984,5.493464312290798,7.500213168439043,11.786049264689925,1.2076282160399163
11,LYS,105.33031317990941,10.187807984473267,5.357295120313602,4.830512864159665,5.357295120313602,4.830512864159665
12,LEU,0.0,0.0,0.0,0.0,0.0,0.0
13,GLN,70.32580818766894,40.593775314095154,6.428754144376322,34.16502116971883,33.34800601785565,7.245769296239498
14,GLY,24.626115431029834,7.636382360416238,7.636382360416238,0.0,6.428754144376322,1.2076282160399163
15,GLU,74.56467119056336,45.682124970520235,4.285836096250882,41.39628887426936,39.643983890320655,6.038141080199582
16,VAL,3.3979466141227195,0.0,0.0,0.0,0.0,0.0
17,THR,53.606428014452675,3.4867154561425533,0.0,3.4867154561425533,1.0714590240627204,2.4152564320798326
18,ILE,0.0,0.0,0.0,0.0,0.0,0.0
19,SER,7.683782710373601,4.285836096250882,0.0,4.285836096250882,4.285836096250882,0.0
20,GLY,1.6989733070613597,0.0,0.0,0.0,0.0,0.0
21,ALA,0.0,0.0,0.0,0.0,0.0,0.0
22,LYS,15.290759763552238,0.0,0.0,0.0,0.0,0.0
23,ASN,31.279556281990903,14.289823211377303,0.0,14.289823211377303,11.87456677929747,2.4152564320798326
24,ALA,0.0,0.0,0.0,0.0,0.0,0.0
25,ALA,0.0,0.0,0.0,0.0,0.0,0.0
26,LEU,2.5484599605920395,0.0,0.0,0.0,0.0,0.0
27,PRO,2.77043233112408,1.0714590240627204,1.0714590240627204,0.0,1.0714590240627204,0.0
28,ILE,0.0,0.0,0.0,0.0,0.0,0.0
29,LEU,0.0,0.0,0.0,0.0,0.0,0.0
30,PHE,0.8494866535306799,0.0,0.0,0.0,0.0,0.0
31,ALA,0.0,0.0,0.0,0.0,0.0,0.0
32,ALA,0.0,0.0,0.0,0.0,0.0,0.0
33,LEU,0.0,0.0,0.0,0.0,0.0,0.0
34,LEU,0.0,0.0,0.0,0.0,0.0,0.0
35,ALA,0.0,0.0,0.0,0.0,0.0,0.0
36,GLU,38.486721687703096,37.63723503417241,3.214377072188161,34.42285796198425,36.42960681813249,1.2076282160399163
37,GLU,33.08851046466913,8.453397512279414,0.0,8.453397512279414,0.0,8.453397512279414
38,PRO,65.98158873354375,9.915469600518875,8.707841384478959,1.2076282160399163,7.500213168439043,2.4152564320798326
39,VAL,1.2076282160399163,1.2076282160399163,1.2076282160399163,0.0,0.0,1.2076282160399163
40,GLU,36.57477353146957,28.929393649693452,0.0,28.929393649693452,28.929393649693452,0.0
41,ILE,0.0,0.0,0.0,0.0,0.0,0.0
42,GLN,63.053599247656834,23.97721318524556,0.0,23.97721318524556,21.56195675316573,2.4152564320798326
43,ASN,16.62259398674448,6.428754144376322,0.0,6.428754144376322,6.428754144376322,0.0
44,VAL,6.428754144376322,6.428754144376322,6.428754144376322,0.0,6.428754144376322,0.0
45,PRO,0.8494866535306799,0.0,0.0,0.0,0.0,0.0
46,LYS,110.77341147877786,16.48039293687239,15.272764720832477,1.2076282160399163,12.857508288752644,3.622884648119749
47,LEU,1.2076282160399163,1.2076282160399163,1.2076282160399163,0.0,0.0,1.2076282160399163
48,LYS,108.37300849676419,2.1871768054292144,1.0935884027146072,1.0935884027146072,2.1871768054292144,0.0
49,ASP,2.142918048125441,2.142918048125441,0.0,2.142918048125441,2.142918048125441,0.0
50,VAL,0.8494866535306799,0.0,0.0,0.0,0.0,0.0
51,ASP,57.574938119949756,45.682124970520235,0.0,45.682124970520235,39.643983890320655,6.038141080199582
52,THR,6.39035131577884,2.142918048125441,0.0,2.142918048125441,2.142918048125441,0.0
53,SER,0.0,0.0,0.0,0.0,0.0,0.0
54,MET,19.62696187322547,3.4867154561425533,2.279087240102637,1.2076282160399163,1.0714590240627204,2.4152564320798326
55,LYS,124.73819294784414,5.810061453548963,0.0,5.810061453548963,2.1871768054292144,3.622884648119749
56,LEU,0.0,0.0,0.0,0.0,0.0,0.0
57,LEU,0.0,0.0,0.0,0.0,0.0,0.0
58,SER,49.75202055413397,38.70869405823513,13.928967312815365,24.779726745419765,37.50106584219522,1.2076282160399163
59,GLN,95.86662973571799,35.55307733503972,5.357295120313602,30.195782214726115,25.892051606720386,9.66102572831933
60,LEU,0.0,0.0,0.0,0.0,0.0,0.0
61,GLY,20.64805488386584,5.357295120313602,5.357295120313602,0.0,5.357295120313602,0.0
62,ALA,5.357295120313602,5.357295120313602,5.357295120313602,0.0,5.357295120313602,0.0
63,LYS,117.32089269271864,6.038141080199582,0.0,6.038141080199582,0.0,6.038141080199582
64,VAL,36.94191261533869,22.500639505317128,22.500639505317128,0.0,22.500639505317128,0.0
65,GLU,121.43652986536867,92.55398364532556,0.0,92.55398364532556,88.9310989972058,3.622884648119749
66,ARG,50.72023427722911,21.837688057185993,20.63005984114608,1.2076282160399163,18.214803409066246,3.622884648119749
67,ASN,88.68004804507213,25.81803568380181,1.2076282160399163,24.610407467761892,17.364638171522394,8.453397512279414
68,GLY,59.996603401042904,11.575864149794153,11.575864149794153,0.0,4.330094853554655,7.245769296239498
69,SER,18.359970122403322,10.714590240627205,1.0714590240627204,9.643131216564484,10.714590240627205,0.0
70,VAL,0.0,0.0,0.0,0.0,0.0,0.0
71,HIS,79.90892241817926,43.38099631636002,0.0,43.38099631636002,24.058944859721358,19.32205145663866
72,ILE,0.0,0.0,0.0,0.0,0.0,0.0
73,ASP,15.243359413594876,3.350546264165357,0.0,3.350546264165357,2.142918048125441,1.2076282160399163
74,ALA,0.0,0.0,0.0,0.0,0.0,0.0
75,ARG,132.50223706733166,33.11229860424212,12.857508288752644,20.254790315489476,27.07415752404254,6.038141080199582
76,ASP,75.61516950844131,59.474923091358406,1.0714590240627204,58.40346406729569,54.64441022719875,4.830512864159665
77,VAL,8.571672192501763,8.571672192501763,8.571672192501763,0.0,8.571672192501763,0.0
78,ASN,99.92167186926555,40.45760612211796,12.857508288752644,27.60009783336531,34.41946504191837,6.038141080199582
79,VAL,62.462401775733696,7.245769296239498,0.0,7.245769296239498,0.0,7.245769296239498
80,PHE,46.588562415675185,2.4152564320798326,0.0,2.4152564320798326,0.0,2.4152564320798326
81,CYS,48.58113640577044,18.849103532196647,1.0714590240627204,17.777644508133925,1.0714590240627204,3.622884648119749
82,ALA,0.0,0.0,0.0,0.0,0.0,0.0
83,PRO,27.78581622467492,2.3012166187545233,1.0935884027146072,1.2076282160399163,1.0935884027146072,1.2076282160399163
84,TYR,143.272609427116,60.87240403464006,0.0,60.87240403464006,24.64355755344257,36.228846481197486
85,ASP,61.514595838516264,43.67537611437199,9.643131216564484,34.03224489780751,36.42960681813249,7.245769296239498
86,LEU,21.95344946328547,2.4152564320798326,0.0,2.4152564320798326,0.0,2.4152564320798326
87,VAL,0.0,0.0,0.0,0.0,0.0,0.0
88,LYS,146.78472151827015,21.060696795729555,13.928967312815365,7.131729482914189,15.022555715529972,6.038141080199582
89,THR,67.612200984463,25.987354961459683,23.57209852937985,2.4152564320798326,23.57209852937985,2.4152564320798326
90,MET,0.0,0.0,0.0,0.0,0.0,0.0
91,ARG,49.26080112681866,10.184415064407393,2.1871768054292144,7.997238258978177,6.561530416287644,3.622884648119749
92,ALA,4.247433267653399,0.0,0.0,0.0,0.0,0.0
93,SER,1.9209456775934002,1.0714590240627204,0.0,1.0714590240627204,1.0714590240627204,0.0
94,ILE,1.0935884027146072,1.0935884027146072,1.0935884027146072,0.0,1.0935884027146072,0.0
95,TRP,12.114785519961558,1.0714590240627204,1.0714590240627204,0.0,1.0714590240627204,0.0
96,ALA,0.0,0.0,0.0,0.0,0.0,0.0
97,LEU,0.0,0.0,0.0,0.0,0.0,0.0
98,GLY,0.0,0.0,0.0,0.0,0.0,0.0
99,PRO,0.8494866535306799,0.0,0.0,0.0,0.0,0.0
100,LEU,0.0,0.0,0.0,0.0,0.0,0.0
101,VAL,1.0714590240627204,1.0714590240627204,1.0714590240627204,0.0,1.0714590240627204,0.0
102,ALA,6.428754144376322,6.428754144376322,6.428754144376322,0.0,6.428754144376322,0.0
103,ARG,44.76186451768948,26.922644793545203,26.922644793545203,0.0,25.71501657750529,1.2076282160399163
104,PHE,52.863152325354555,23.980606105311438,22.77297788927152,1.2076282160399163,20.357721457191687,3.622884648119749
105,GLY,21.247156602905417,11.053316760537257,11.053316760537257,0.0,8.638060328457424,2.4152564320798326
106,GLN,61.529197961170155,28.39921847347364,0.0,28.39921847347364,24.776333825353888,3.622884648119749
107,GLY,0.0,0.0,0.0,0.0,0.0,0.0
108,GLN,34.852074916688295,18.71182849960538,0.0,18.71182849960538,15.088943851485634,3.622884648119749
109,VAL,0.0,0.0,0.0,0.0,0.0,0.0
110,SER,12.250954711938753,1.2076282160399163,0.0,1.2076282160399163,0.0,1.2076282160399163
111,LEU,64.18781472656767,16.61656212884959,11.786049264689925,4.830512864159665,11.786049264689925,4.830512864159665
112,PRO,39.712344946462764,23.57209852937985,23.57209852937985,0.0,23.57209852937985,0.0
113,GLY,45.3659048203805,19.031818560929423,19.031818560929423,0.0,11.786049264689925,7.245769296239498
114,GLY,82.2691632797094,33.84842402846066,33.84842402846066,0.0,29.017911164300997,4.830512864159665
115,ALA,70.39145490775836,25.36866227063232,19.33052119043274,6.038141080199582,19.33052119043274,6.038141080199582
116,THR,60.410765843750966,28.130273009585125,2.142918048125441,25.987354961459683,25.715016577505292,2.4152564320798326
117,ILE,13.949928019000115,1.2076282160399163,0.0,1.2076282160399163,0.0,1.2076282160399163
118,GLY,6.529486171221025,4.830512864159665,4.830512864159665,0.0,0.0,4.830512864159665
119,ALA,79.3585028188997,26.690330299997548,18.236932787718136,8.453397512279414,18.236932787718136,8.453397512279414
120,ARG,74.65077596201294,10.939276947211948,5.357295120313602,5.581981826898345,9.731648731172031,1.2076282160399163
121,PRO,86.58224326745221,18.623310984997833,15.000426336878085,3.622884648119749,15.000426336878085,3.622884648119749
122,VAL,6.795893228245439,0.0,0.0,0.0,0.0,0.0
123,ASP,74.49083119683337,39.6618784020755,2.142918048125441,37.518960353950064,30.00085267375617,9.66102572831933
124,LEU,25.084989020383773,7.245769296239498,0.0,7.245769296239498,0.0,7.245769296239498
125,HIS,5.946406574714759,0.0,0.0,0.0,0.0,0.0
126,ILE,23.877360804343862,6.038141080199582,0.0,6.038141080199582,0.0,6.038141080199582
127,SER,42.098196071305,14.06513650479256,0.0,14.06513650479256,12.857508288752644,1.2076282160399163
128,GLY,0.0,0.0,0.0,0.0,0.0,0.0
129,LEU,0.0,0.0,0.0,0.0,0.0,0.0
130,GLU,69.3580217211747,54.91674861115314,13.928967312815365,40.987781298337765,52.501492179073296,2.4152564320798326
131,GLN,81.85776543853653,40.23291941553322,17.143344385003527,23.089575030529687,35.40240655137355,4.830512864159665
132,LEU,0.0,0.0,0.0,0.0,0.0,0.0
133,GLY,40.79576715535036,19.55860081708336,19.55860081708336,0.0,17.143344385003527,2.4152564320798326
134,ALA,8.571672192501763,8.571672192501763,8.571672192501763,0.0,8.571672192501763,0.0
135,THR,83.98934862036782,24.52528287322022,0.0,24.52528287322022,16.071885360940808,8.453397512279414
136,ILE,13.706994942283323,12.857508288752644,12.857508288752644,0.0,12.857508288752644,0.0
137,LYS,117.20685287939332,5.924101266874272,0.0,5.924101266874272,1.0935884027146072,4.830512864159665
138,LEU,99.49308323309222,33.23312425769918,24.779726745419765,8.453397512279414,23.57209852937985,9.66102572831933
139,GLU,66.33917737574595,43.403037730417594,0.0,43.403037730417594,38.572524866257936,4.830512864159665
140,GLU,157.1772985119044,86.669906268858,15.272764720832477,71.39714154802553,78.21650875657859,8.453397512279414
141,GLY,49.52431791860178,12.146905163251864,12.146905163251864,0.0,9.731648731172031,2.4152564320798326
142,TYR,38.8927159895118,18.505036304775484,0.0,18.505036304775484,6.428754144376322,12.076282160399163
143,VAL,0.0,0.0,0.0,0.0,0.0,0.0
144,LYS,38.448871779412634,1.0714590240627204,1.0714590240627204,0.0,1.0714590240627204,0.0
145,ALA,1.0714590240627204,1.0714590240627204,1.0714590240627204,0.0,1.0714590240627204,0.0
146,SER,52.389802277052866,9.915469600518875,0.0,9.915469600518875,7.500213168439043,2.4152564320798326
147,VAL,20.295844648286582,9.252518152387744,4.422005288228077,4.830512864159665,3.214377072188161,6.038141080199582
148,ASP,158.74540563538787,114.57209965179251,20.53814940647266,94.03395024531984,106.11870213951309,8.453397512279414
149,GLY,58.74471642769922,10.323977176450462,10.323977176450462,0.0,4.285836096250882,6.038141080199582
150,ARG,105.40760892555835,30.65278341485851,15.000426336878085,15.65235707798043,27.029898766738768,3.622884648119749
151,LEU,0.0,0.0,0.0,0.0,0.0,0.0
152,LYS,124.08837335700501,12.805621744485958,1.0714590240627204,11.734162720423235,4.3522242322065425,8.453397512279414
153,GLY,10.714590240627205,10.714590240627205,10.714590240627205,0.0,10.714590240627205,0.0
154,ALA,26.06767920242666,4.830512864159665,2.4152564320798326,2.4152564320798326,0.0,4.830512864159665
155,HIS,115.15080615132496,32.75060075884902,16.071885360940808,16.67871539790821,18.259062166370022,14.491538592478996
156,ILE,0.0,0.0,0.0,0.0,0.0,0.0
157,VAL,99.19727086883019,26.141418665191722,12.857508288752644,13.28391037643908,12.857508288752644,13.28391037643908
158,MET,10.0102703004336,3.214377072188161,3.214377072188161,0.0,3.214377072188161,0.0
159,ASP,125.67496561166219,100.1903660057418,30.00085267375617,70.18951333198561,95.35985314158211,4.830512864159665
160,LYS,134.08254613668163,5.810061453548963,0.0,5.810061453548963,2.1871768054292144,3.622884648119749
161,VAL,52.28303839231327,21.7015188652088,19.286262433128968,2.4152564320798326,19.286262433128968,2.4152564320798326
162,SER,24.2679738685206,6.428754144376322,0.0,6.428754144376322,6.428754144376322,0.0
163,VAL,45.247730671123065,3.622884648119749,0.0,3.622884648119749,0.0,3.622884648119749
164,GLY,8.494866535306798,0.0,0.0,0.0,0.0,0.0
165,ALA,0.0,0.0,0.0,0.0,0.0,0.0
166,THR,0.0,0.0,0.0,0.0,0.0,0.0
167,VAL,1.2076282160399163,1.2076282160399163,0.0,1.2076282160399163,0.0,1.2076282160399163
168,THR,0.8494866535306799,0.0,0.0,0.0,0.0,0.0
169,ILE,0.8494866535306799,0.0,0.0,0.0,0.0,0.0
170,MET,0.0,0.0,0.0,0.0,0.0,0.0
171,CYS,3.860389052731139,3.860389052731139,0.0,3.860389052731139,0.0,0.0
172,ALA,0.0,0.0,0.0,0.0,0.0,0.0
173,ALA,0.0,0.0,0.0,0.0,0.0,0.0
174,THR,0.0,0.0,0.0,0.0,0.0,0.0
175,LEU,2.5484599605920395,0.0,0.0,0.0,0.0,0.0
176,ALA,1.0714590240627204,1.0714590240627204,1.0714590240627204,0.0,1.0714590240627204,0.0
177,GLU,95.06152750319721,68.72744124374614,0.0,68.72744124374614,57.858787299386904,10.868653944359247
178,GLY,30.822479683634814,4.488393424183738,4.488393424183738,0.0,3.280765208143822,1.2076282160399163
179,THR,72.49614605647491,17.279513576980726,10.714590240627205,6.564923336353519,16.071885360940808,1.2076282160399163
180,THR,0.0,0.0,0.0,0.0,0.0,0.0
181,ILE,42.79100521601585,9.66102572831933,0.0,9.66102572831933,0.0,9.66102572831933
182,ILE,0.0,0.0,0.0,0.0,0.0,0.0
183,GLU,38.904226784994556,30.409360249687758,0.0,30.409360249687758,26.786475601568007,3.622884648119749
184,ASN,50.17223998747814,30.634046956272503,0.0,30.634046956272503,25.803534092112837,4.830512864159665
185,ALA,2.142918048125441,2.142918048125441,2.142918048125441,0.0,2.142918048125441,0.0
186,ALA,0.0,0.0,0.0,0.0,0.0,0.0
187,ARG,94.0813505952772,27.821391619884178,4.285836096250882,23.535555523633295,21.783250539684595,6.038141080199582
188,GLU,4.063863725718841,3.214377072188161,0.0,3.214377072188161,3.214377072188161,0.0
189,PRO,16.584191158146997,2.142918048125441,2.142918048125441,0.0,2.142918048125441,0.0
190,GLU,1.0714590240627204,1.0714590240627204,0.0,1.0714590240627204,1.0714590240627204,0.0
191,ILE,0.0,0.0,0.0,0.0,0.0,0.0
192,VAL,43.773695398058734,7.245769296239498,0.0,7.245769296239498,0.0,7.245769296239498
193,ASP,8.571672192501763,8.571672192501763,0.0,8.571672192501763,8.571672192501763,0.0
194,THR,0.0,0.0,0.0,0.0,0.0,0.0
195,ALA,0.0,0.0,0.0,0.0,0.0,0.0
196,ASN,55.30028680867398,23.01979397450815,1.0714590240627204,21.948334950445428,19.3969093263884,3.622884648119749
197,PHE,0.0,0.0,0.0,0.0,0.0,0.0
198,LEU,0.0,0.0,0.0,0.0,0.0,0.0
199,ILE,58.427943357252445,15.953610680718457,7.500213168439043,8.453397512279414,7.500213168439043,8.453397512279414
200,THR,60.0910271098392,31.208480889796085,19.286262433128968,11.922218456667121,30.00085267375617,1.2076282160399163
201,LEU,5.271491941758757,4.422005288228077,4.422005288228077,0.0,3.214377072188161,1.2076282160399163
202,GLY,40.40218842770862,16.61656212884959,16.61656212884959,0.0,11.786049264689925,4.830512864159665
203,ALA,6.428754144376322,6.428754144376322,6.428754144376322,0.0,6.428754144376322,0.0
204,LYS,119.34977092751878,8.067019314999714,4.558174480205274,3.5088448347944396,3.2365064508400483,4.830512864159665
205,ILE,16.993867406545725,15.294894099484365,15.294894099484365,0.0,12.879637667404532,2.4152564320798326
206,SER,76.38840342508406,18.623310984997836,0.0,18.623310984997836,15.000426336878085,3.622884648119749
207,GLY,17.83921972414428,0.0,0.0,0.0,0.0,0.0
208,GLN,35.22038267302456,25.026542830656396,17.143344385003527,7.8831984456528685,22.611286398576564,2.4152564320798326
209,GLY,27.212978220219355,11.922218456667121,11.922218456667121,0.0,10.714590240627205,1.2076282160399163
210,THR,62.056859863267086,9.38868734436494,0.0,9.38868734436494,2.142918048125441,7.245769296239498
211,ASP,64.21370145003326,58.26729487531849,0.0,58.26729487531849,54.64441022719875,3.622884648119749
212,ARG,110.42415434029299,28.023948947817033,0.0,28.023948947817033,20.77817965157754,7.245769296239498
213,ILE,0.0,0.0,0.0,0.0,0.0,0.0
214,VAL,37.824323159878986,4.69434367218247,1.0714590240627204,3.622884648119749,1.0714590240627204,3.622884648119749
215,ILE,0.0,0.0,0.0,0.0,0.0,0.0
216,GLU,65.82390591507477,54.780579419175936,0.0,54.780579419175936,53.57295120313602,1.2076282160399163
217,GLY,8.571672192501763,8.571672192501763,8.571672192501763,0.0,8.571672192501763,0.0
218,VAL,21.27853483032947,6.83726172030791,5.629633504267994,1.2076282160399163,3.214377072188161,3.622884648119749
219,GLU,130.8906126024107,83.31936000469264,6.428754144376322,76.89060586031633,76.07359070845314,7.245769296239498
220,ARG,118.75197611102311,38.9002306791392,13.928967312815365,24.971263366323832,29.239204950819868,9.66102572831933
221,LEU,0.0,0.0,0.0,0.0,0.0,0.0
222,GLY,12.136914898613444,1.0935884027146072,1.0935884027146072,0.0,1.0935884027146072,0.0
223,GLY,24.30934236058307,13.266015864684233,13.266015864684233,0.0,9.643131216564484,3.622884648119749
224,GLY,22.305483769676126,4.466264045531851,4.466264045531851,0.0,3.2586358294919346,1.2076282160399163
225,VAL,89.17503738357172,28.011998329362775,17.143344385003527,10.868653944359247,17.143344385003527,10.868653944359247
226,TYR,29.634165979229167,19.44032613686101,0.0,19.44032613686101,8.571672192501763,10.868653944359247
227,ARG,137.69378175924186,32.357436721437566,7.500213168439043,24.85722355299852,23.90403920915815,8.453397512279414
228,VAL,0.0,0.0,0.0,0.0,0.0,0.0
229,LEU,14.30806958150935,2.4152564320798326,0.0,2.4152564320798326,0.0,2.4152564320798326
230,PRO,20.834590089265387,4.69434367218247,1.0714590240627204,3.622884648119749,1.0714590240627204,3.622884648119749
231,ASP,0.0,0.0,0.0,0.0,0.0,0.0
232,ARG,5.341021670368006,1.0935884027146072,0.0,1.0935884027146072,1.0935884027146072,0.0
233,ILE,0.8494866535306799,0.0,0.0,0.0,0.0,0.0
234,GLU,0.0,0.0,0.0,0.0,0.0,0.0
235,THR,0.0,0.0,0.0,0.0,0.0,0.0
236,GLY,0.0,0.0,0.0,0.0,0.0,0.0
237,THR,0.0,0.0,0.0,0.0,0.0,0.0
238,PHE,0.0,0.0,0.0,0.0,0.0,0.0
239,LEU,0.0,0.0,0.0,0.0,0.0,0.0
240,VAL,0.0,0.0,0.0,0.0,0.0,0.0
241,ALA,0.0,0.0,0.0,0.0,0.0,0.0
242,ALA,0.0,0.0,0.0,0.0,0.0,0.0
243,ALA,0.0,0.0,0.0,0.0,0.0,0.0
244,ILE,1.0714590240627204,1.0714590240627204,1.0714590240627204,0.0,1.0714590240627204,0.0
245,SER,10.590384233474877,5.493464312290798,5.493464312290798,0.0,4.285836096250882,1.2076282160399163
246,ARG,73.99442185845434,21.326249339552195,1.0714590240627204,20.254790315489476,15.288108259352615,6.038141080199582
247,GLY,2.4152564320798326,2.4152564320798326,2.4152564320798326,0.0,0.0,2.4152564320798326
248,LYS,62.237463741736654,3.622884648119749,0.0,3.622884648119749,0.0,3.622884648119749
249,ILE,0.0,0.0,0.0,0.0,0.0,0.0
250,ILE,60.497021411647914,12.076282160399163,0.0,12.076282160399163,0.0,12.076282160399163
251,CYS,0.0,0.0,0.0,0.0,0.0,0.0
252,ARG,120.84921540196535,24.857223552998523,0.0,24.857223552998523,16.403826040719107,8.453397512279414
253,ASN,45.35097597209064,21.5653496732316,0.0,21.5653496732316,20.357721457191687,1.2076282160399163
254,ALA,4.285836096250882,4.285836096250882,4.285836096250882,0.0,4.285836096250882,0.0
255,GLN,53.37934113108059,21.948334950445428,0.0,21.948334950445428,18.32545030232568,3.622884648119749
256,PRO,14.799414672530794,1.2076282160399163,0.0,1.2076282160399163,0.0,1.2076282160399163
257,ASP,94.62658028349301,58.94814083520447,10.714590240627205,48.23355059457727,49.28711510688514,9.66102572831933
258,THR,5.271491941758757,4.422005288228077,4.422005288228077,0.0,3.214377072188161,1.2076282160399163
259,LEU,0.8494866535306799,0.0,0.0,0.0,0.0,0.0
260,ASP,95.10596218968962,62.825469355523765,1.0714590240627204,61.754010331461046,56.787328275324185,6.038141080199582
261,ALA,29.462660153084386,2.279087240102637,1.0714590240627204,1.2076282160399163,1.0714590240627204,1.2076282160399163
262,VAL,0.0,0.0,0.0,0.0,0.0,0.0
263,LEU,3.3979466141227195,0.0,0.0,0.0,0.0,0.0
264,ALA,45.561437547139924,10.732484752382051,1.0714590240627204,9.66102572831933,1.0714590240627204,9.66102572831933
265,LYS,50.36381430749404,1.0935884027146072,0.0,1.0935884027146072,1.0935884027146072,0.0
266,LEU,0.0,0.0,0.0,0.0,0.0,0.0
267,ARG,127.18722778413539,43.93753573812876,18.214803409066246,25.722732329062516,37.89939465792918,6.038141080199582
268,ASP,78.06586310565365,63.62458999563209,17.143344385003527,46.48124561062857,60.00170534751235,3.622884648119749
269,ALA,0.0,0.0,0.0,0.0,0.0,0.0
270,GLY,45.62331435604503,21.837688057185993,21.837688057185993,0.0,18.214803409066246,3.622884648119749
271,ALA,10.714590240627205,10.714590240627205,10.714590240627205,0.0,10.714590240627205,0.0
272,ASP,75.77481268072614,66.43045949188866,1.0714590240627204,65.35900046782595,66.43045949188866,0.0
273,ILE,20.541290999126247,17.143344385003527,17.143344385003527,0.0,17.143344385003527,0.0
274,GLU,100.94560487966477,74.61151862021369,0.0,74.61151862021369,68.5733775400141,6.038141080199582
275,VAL,63.59267141427161,32.161665233636455,22.500639505317128,9.66102572831933,22.500639505317128,9.66102572831933
276,GLY,12.60909627444799,2.4152564320798326,2.4152564320798326,0.0,0.0,2.4152564320798326
277,GLU,171.943613364237,111.63006096355875,12.901767046056419,98.72829391750233,100.7614070191995,10.868653944359247
278,ASP,68.99988015866545,53.70912039511322,0.0,53.70912039511322,52.5014921790733,1.2076282160399163
279,TRP,79.56868793379547,37.09435525726148,0.0,37.09435525726148,3.280765208143822,33.81359004911766
280,ILE,0.0,0.0,0.0,0.0,0.0,0.0
281,SER,12.3367578904936,2.142918048125441,0.0,2.142918048125441,2.142918048125441,0.0
282,LEU,0.0,0.0,0.0,0.0,0.0,0.0
283,ASP,28.66901845056393,23.57209852937985,0.0,23.57209852937985,23.57209852937985,0.0
284,MET,2.142918048125441,2.142918048125441,2.142918048125441,0.0,2.142918048125441,0.0
285,HIS,118.54557347368227,65.8774009547801,17.551851960935114,48.32554899384499,36.894323769822115,28.983077184957992
286,GLY,50.60305287125022,25.11845326532982,25.11845326532982,0.0,21.49556861721007,3.622884648119749
287,LYS,153.39580113389022,2.1871768054292144,0.0,2.1871768054292144,2.1871768054292144,0.0
288,ARG,49.38112412545115,3.5088448347944396,0.0,3.5088448347944396,1.0935884027146072,2.4152564320798326
289,PRO,0.0,0.0,0.0,0.0,0.0,0.0
290,LYS,77.3950199767767,6.038141080199582,0.0,6.038141080199582,0.0,6.038141080199582
291,ALA,27.81953179703325,23.57209852937985,23.57209852937985,0.0,23.57209852937985,0.0
292,VAL,4.247433267653399,0.0,0.0,0.0,0.0,0.0
293,ASN,91.02884094297261,18.822475392864817,3.214377072188161,15.608098320676655,15.199590744745066,3.622884648119749
294,VAL,3.128573893633317,2.279087240102637,2.279087240102637,0.0,1.0714590240627204,1.2076282160399163
295,ARG,199.88045223095529,39.3274747136568,4.285836096250882,35.04163861740592,27.251192553257635,12.076282160399163
296,THR,0.0,0.0,0.0,0.0,0.0,0.0
297,ALA,28.84107719701573,8.453397512279414,0.0,8.453397512279414,0.0,8.453397512279414
298,PRO,45.55550622020994,5.629633504267994,3.214377072188161,2.4152564320798326,3.214377072188161,2.4152564320798326
299,HIS,23.04735202526544,21.34837871820408,0.0,21.34837871820408,15.310237638004502,6.038141080199582
300,PRO,86.27743338183033,19.16798775290662,10.714590240627205,8.453397512279414,10.714590240627205,8.453397512279414
301,ALA,43.143215451595104,5.76580269624519,2.142918048125441,3.622884648119749,2.142918048125441,3.622884648119749
302,PHE,10.193839842368158,0.0,0.0,0.0,0.0,0.0
303,PRO,5.096919921184079,0.0,0.0,0.0,0.0,0.0
304,THR,1.6989733070613597,0.0,0.0,0.0,0.0,0.0
305,ASP,16.071885360940804,16.071885360940804,0.0,16.071885360940804,16.071885360940804,0.0
306,MET,0.0,0.0,0.0,0.0,0.0,0.0
307,GLN,0.0,0.0,0.0,0.0,0.0,0.0
308,ALA,0.0,0.0,0.0,0.0,0.0,0.0
309,GLN,0.0,0.0,0.0,0.0,0.0,0.0
310,PHE,0.0,0.0,0.0,0.0,0.0,0.0
311,THR,0.0,0.0,0.0,0.0,0.0,0.0
312,LEU,0.0,0.0,0.0,0.0,0.0,0.0
313,LEU,0.0,0.0,0.0,0.0,0.0,0.0
314,ASN,0.0,0.0,0.0,0.0,0.0,0.0
315,LEU,0.0,0.0,0.0,0.0,0.0,0.0
316,VAL,0.8494866535306799,0.0,0.0,0.0,0.0,0.0
317,ALA,0.0,0.0,0.0,0.0,0.0,0.0
318,GLU,87.15280675882661,60.81872049937552,8.571672192501763,52.24704830687376,53.57295120313602,7.245769296239498
319,GLY,39.78952759477616,5.810061453548963,5.810061453548963,0.0,2.1871768054292144,3.622884648119749
320,THR,69.06824121480756,37.637235034172406,15.000426336878085,22.636808697294327,36.4296068181325,1.2076282160399163
321,GLY,0.0,0.0,0.0,0.0,0.0,0.0
322,PHE,91.12880642120984,26.567820752878156,0.0,26.567820752878156,0.0,26.567820752878156
323,ILE,0.0,0.0,0.0,0.0,0.0,0.0
324,THR,5.135322749781562,4.285836096250882,0.0,4.285836096250882,4.285836096250882,0.0
325,GLU,6.61232368631088,3.214377072188161,3.214377072188161,0.0,3.214377072188161,0.0
326,THR,77.33213785822244,44.202158370525936,31.072311697818893,13.129846672707037,41.7869019384461,2.4152564320798326
327,VAL,62.556649555341394,32.824616681767594,27.99410381760793,4.830512864159665,26.78647560156801,6.038141080199582
328,PHE,31.2089332791382,14.219200208524605,2.142918048125441,12.076282160399163,2.142918048125441,12.076282160399163
329,GLU,123.28418846953912,55.325256187084726,23.57209852937985,31.753157657704875,49.287115106885146,6.038141080199582
330,ASN,59.40255336299031,30.520007142947193,0.0,30.520007142947193,26.897122494827446,3.622884648119749
331,ARG,5.341021670368006,1.0935884027146072,0.0,1.0935884027146072,1.0935884027146072,0.0
332,PHE,27.18050671855185,12.739233608530295,5.493464312290798,7.245769296239498,4.285836096250882,8.453397512279414
333,MET,40.32377427507504,19.086607936808036,1.0714590240627204,18.015148912745317,1.0714590240627204,0.0
334,HIS,0.0,0.0,0.0,0.0,0.0,0.0
335,VAL,5.813203046202553,2.4152564320798326,0.0,2.4152564320798326,0.0,2.4152564320798326
336,PRO,66.57366585140988,7.109600104262302,1.0714590240627204,6.038141080199582,1.0714590240627204,6.038141080199582
337,GLU,17.143344385003527,17.143344385003527,0.0,17.143344385003527,17.143344385003527,0.0
338,LEU,0.0,0.0,0.0,0.0,0.0,0.0
339,SER,39.14715986171135,18.75948017697503,14.06513650479256,4.69434367218247,13.928967312815365,4.830512864159665
340,ARG,162.59315291928095,49.611427999700524,19.286262433128968,30.32516556657156,41.158030487421115,8.453397512279414
341,MET,1.2076282160399163,1.2076282160399163,1.2076282160399163,0.0,0.0,1.2076282160399163
342,GLY,34.37286893968032,8.88826933375993,8.88826933375993,0.0,6.473012901680097,2.4152564320798326
343,ALA,5.357295120313602,5.357295120313602,5.357295120313602,0.0,5.357295120313602,0.0
344,HIS,103.53872572142024,33.880820131904485,0.0,33.880820131904485,10.935884027146074,22.944936104758412
345,ALA,16.208054552918,16.208054552918,16.208054552918,0.0,15.000426336878085,1.2076282160399163
346,GLU,109.84601332743817,72.46860057208825,0.0,72.46860057208825,66.43045949188867,6.038141080199582
347,ILE,78.48392112325214,24.116775297288633,19.286262433128968,4.830512864159665,19.286262433128968,4.830512864159665
348,GLU,87.5937858364257,60.410212923443936,4.285836096250882,56.124376827193046,56.787328275324185,3.622884648119749
349,SER,118.40079631783422,31.75315765770487,10.051638792496071,21.7015188652088,25.71501657750529,6.038141080199582
350,ASN,72.75609399900355,25.18484140128548,0.0,25.18484140128548,21.56195675316573,3.622884648119749
351,THR,18.98748440540196,9.643131216564484,0.0,9.643131216564484,9.643131216564484,0.0
352,VAL,0.0,0.0,0.0,0.0,0.0,0.0
353,ILE,10.551981404877395,1.2076282160399163,0.0,1.2076282160399163,0.0,1.2076282160399163
354,CYS,0.0,0.0,0.0,0.0,0.0,0.0
355,HIS,74.78938302988934,31.46556369982465,0.0,31.46556369982465,10.935884027146074,20.529679672678576
356,GLY,16.094014739592694,16.094014739592694,16.094014739592694,0.0,16.094014739592694,0.0
357,VAL,24.143767861368268,1.2076282160399163,0.0,1.2076282160399163,0.0,1.2076282160399163
358,GLU,108.91072349535263,71.53331074000273,5.357295120313602,66.17601561968912,64.28754144376323,7.245769296239498
359,LYS,93.7523001807402,20.69644797710174,15.000426336878085,5.6960216402236545,18.28119154502191,2.4152564320798326
360,LEU,0.8494866535306799,0.0,0.0,0.0,0.0,0.0
361,SER,64.13744871314532,17.415682768957918,0.0,17.415682768957918,15.000426336878085,2.4152564320798326
362,GLY,20.357721457191687,20.357721457191687,20.357721457191687,0.0,20.357721457191687,0.0
363,ALA,18.55550284916275,2.4152564320798326,0.0,2.4152564320798326,0.0,2.4152564320798326
364,GLN,143.786649383467,70.73079717982851,13.928967312815365,56.80182986701316,62.27739966754911,8.453397512279414
365,VAL,2.4152564320798326,2.4152564320798326,2.4152564320798326,0.0,0.0,2.4152564320798326
366,MET,66.98126864865725,23.65744931859258,0.0,23.65744931859258,0.0,12.076282160399163
367,ALA,0.0,0.0,0.0,0.0,0.0,0.0
368,THR,28.835145870085753,3.350546264165357,2.142918048125441,1.2076282160399163,2.142918048125441,1.2076282160399163
369,ASP,4.247433267653399,0.0,0.0,0.0,0.0,0.0
370,LEU,2.5484599605920395,0.0,0.0,0.0,0.0,0.0
371,ARG,1.6989733070613597,0.0,0.0,0.0,0.0,0.0
372,ALA,0.0,0.0,0.0,0.0,0.0,0.0
373,SER,0.0,0.0,0.0,0.0,0.0,0.0
374,ALA,0.0,0.0,0.0,0.0,0.0,0.0
375,SER,0.0,0.0,0.0,0.0,0.0,0.0
376,LEU,0.0,0.0,0.0,0.0,0.0,0.0
377,VAL,0.0,0.0,0.0,0.0,0.0,0.0
378,LEU,0.0,0.0,0.0,0.0,0.0,0.0
379,ALA,0.0,0.0,0.0,0.0,0.0,0.0
380,GLY,0.0,0.0,0.0,0.0,0.0,0.0
381,CYS,0.0,0.0,0.0,0.0,0.0,0.0
382,ILE,17.87762255274176,4.285836096250882,4.285836096250882,0.0,4.285836096250882,0.0
383,ALA,0.0,0.0,0.0,0.0,0.0,0.0
384,GLU,94.66498311209051,63.23397693145535,6.428754144376322,56.80522278707903,53.57295120313602,9.66102572831933
385,GLY,22.80293611681615,2.4152564320798326,2.4152564320798326,0.0,0.0,2.4152564320798326
386,THR,64.39782391227483,22.77297788927152,8.571672192501763,14.201305696769758,20.357721457191687,2.4152564320798326
387,THR,0.0,0.0,0.0,0.0,0.0,0.0
388,VAL,2.0571148695705963,1.2076282160399163,0.0,1.2076282160399163,0.0,1.2076282160399163
389,VAL,0.0,0.0,0.0,0.0,0.0,0.0
390,ASP,36.30540081098017,31.208480889796085,0.0,31.208480889796085,30.00085267375617,1.2076282160399163
391,ARG,93.19346111314904,23.535555523633295,0.0,23.535555523633295,17.497414443433716,6.038141080199582
392,ILE,0.0,0.0,0.0,0.0,0.0,0.0
393,TYR,105.90122852966098,50.684596050166796,0.0,50.684596050166796,19.286262433128968,31.398333617037828
394,HIS,18.67928159971419,10.184415064407393,0.0,10.184415064407393,6.561530416287644,3.622884648119749
395,ILE,0.8494866535306799,0.0,0.0,0.0,0.0,0.0
396,ASP,45.874692033814675,34.831365537915836,2.142918048125441,32.6884474897904,30.000852673756174,4.830512864159665
397,ARG,48.28784988200191,20.254790315489476,0.0,20.254790315489476,14.216649235289893,6.038141080199582
398,GLY,0.0,0.0,0.0,0.0,0.0,0.0
399,TYR,1.0714590240627204,1.0714590240627204,1.0714590240627204,0.0,1.0714590240627204,0.0
400,GLU,34.25125160487456,32.5522782978132,0.0,32.5522782978132,28.929393649693452,3.622884648119749
401,ARG,165.75796822576606,24.743183739673213,0.0,24.743183739673213,17.497414443433716,7.245769296239498
402,ILE,3.3979466141227195,0.0,0.0,0.0,0.0,0.0
403,GLU,35.54171733600433,32.14377072188161,0.0,32.14377072188161,32.14377072188161,0.0
404,ASP,55.01154931106785,48.21565608282242,5.357295120313602,42.85836096250881,48.21565608282242,0.0
405,LYS,25.842741168429633,1.2076282160399163,0.0,1.2076282160399163,0.0,1.2076282160399163
406,LEU,0.0,0.0,0.0,0.0,0.0,0.0
407,ARG,103.5338876687337,32.1770087721566,10.714590240627205,21.46241853152939,24.9312394759171,7.245769296239498
408,ALA,77.3397907779266,29.768538180208516,22.522768883969018,7.245769296239498,22.522768883969018,7.245769296239498
409,LEU,2.279087240102637,2.279087240102637,2.279087240102637,0.0,1.0714590240627204,1.2076282160399163
410,GLY,48.244269708711315,21.060696795729555,21.060696795729555,0.0,15.022555715529972,6.038141080199582
411,ALA,3.214377072188161,3.214377072188161,3.214377072188161,0.0,3.214377072188161,0.0
412,ASN,79.09904496482503,30.67830571357628,0.0,30.67830571357628,25.847792849416614,4.830512864159665
413,ILE,3.214377072188161,3.214377072188161,3.214377072188161,0.0,3.214377072188161,0.0
414,GLU,93.27081969065105,62.68930016354657,0.0,62.68930016354657,57.858787299386904,4.830512864159665
415,ARG,91.40739029135958,39.58870442598809,22.500639505317128,17.088064920670963,32.3429351297486,7.245769296239498
416,VAL,19.40498950269343,2.4152564320798326,0.0,2.4152564320798326,0.0,2.4152564320798326
417,LYS,210.8853130664036,20.600302675531278,7.544471925742817,13.055830749788461,9.731648731172031,10.868653944359247
418,GLY,58.09307471312101,52.146668138406255,52.146668138406255,0.0,26.78647560156801,25.36019253683824
