Position,Residue,SASA,Total SASA,Main-chain SASA,Side-chain SASA,Polar SASA,Non-polar SASA
1,PRO,89.25924463305854,18.751852390012115,11.506083093772617,7.245769296239498,5.467942013573036,13.28391037643908
2,GLN,127.30311485394101,57.645209264425255,18.214803409066246,39.430405855359005,51.60706818422567,6.038141080199582
3,ILE,35.54523591977635,2.4152564320798326,0.0,2.4152564320798326,0.0,2.4152564320798326
4,THR,68.38488198079871,17.415682768957918,6.428754144376322,10.986928624581596,15.000426336878085,2.4152564320798326
5,LEU,0.8494866535306799,0.0,0.0,0.0,0.0,0.0
6,TRP,194.2031293502058,77.82345781650267,22.500639505317128,55.32281831118553,24.687816310746342,53.135641505756325
7,GLN,151.3073206032662,58.7132753684221,0.0,58.7132753684221,53.88276250426244,4.830512864159665
8,ARG,117.10329341916041,28.7566814519697,6.428754144376322,22.32792730759338,23.926168587810036,4.830512864159665
9,PRO,3.3979466141227195,0.0,0.0,0.0,0.0,0.0
10,LEU,83.5838067079012,26.668200921345658,18.214803409066246,8.453397512279414,18.214803409066246,8.453397512279414
11,VAL,11.043326495898837,0.0,0.0,0.0,0.0,0.0
12,THR,86.63260928087458,17.82419034488951,2.142918048125441,15.681272296764066,11.786049264689925,6.038141080199582
13,ILE,0.0,0.0,0.0,0.0,0.0,0.0
14,LYS,112.68708122778554,5.651762882919881,2.142918048125441,3.5088448347944396,3.2365064508400483,2.4152564320798326
15,ILE,0.0,0.0,0.0,0.0,0.0,0.0
16,GLY,27.08877221306703,6.701092528330714,6.701092528330714,0.0,4.285836096250882,2.4152564320798326
17,GLY,72.5829419783083,36.90450253001974,36.90450253001974,0.0,33.28161788189999,3.622884648119749
18,GLN,54.55880811057373,33.32164177230673,0.0,33.32164177230673,23.660616043987396,9.66102572831933
19,LEU,138.2616937464166,31.226375401550932,20.357721457191687,10.868653944359247,20.357721457191687,10.868653944359247
20,LYS,49.38112412545115,3.5088448347944396,2.4152564320798326,1.0935884027146072,1.0935884027146072,2.4152564320798326
21,GLU,106.3887031785332,80.90410357261281,5.357295120313602,75.54680845229922,76.07359070845314,4.830512864159665
22,ALA,0.0,0.0,0.0,0.0,0.0,0.0
23,LEU,2.9066015231012763,1.2076282160399163,0.0,1.2076282160399163,0.0,1.2076282160399163
24,LEU,0.0,0.0,0.0,0.0,0.0,0.0
25,ASP,16.584191158146997,2.142918048125441,0.0,2.142918048125441,2.142918048125441,0.0
26,THR,0.0,0.0,0.0,0.0,0.0,0.0
27,GLY,21.42918048125441,21.42918048125441,21.42918048125441,0.0,21.42918048125441,0.0
28,ALA,9.702494751346713,1.2076282160399163,0.0,1.2076282160399163,0.0,1.2076282160399163
29,ASP,46.54664100330569,27.85793462563073,5.357295120313602,22.500639505317128,27.85793462563073,0.0
30,ASP,46.883821859630174,41.78690193844609,1.0714590240627204,40.715442914383374,41.78690193844609,0.0
31,THR,0.8494866535306799,0.0,0.0,0.0,0.0,0.0
32,VAL,3.3979466141227195,0.0,0.0,0.0,0.0,0.0
33,LEU,0.0,0.0,0.0,0.0,0.0,0.0
34,GLU,74.6504743691182,46.617414802605765,0.0,46.617414802605765,41.7869019384461,4.830512864159665
35,GLU,91.81774512377146,53.590845714890875,20.493890649168883,33.096955065721986,43.929819986571545,9.66102572831933
36,MET,17.214671104610627,3.622884648119749,3.622884648119749,0.0,0.0,3.622884648119749
37,ASN,127.86239374450366,42.91372839143568,0.0,42.91372839143568,35.66795909519619,7.245769296239498
38,LEU,12.327760369133719,9.77930040854168,8.571672192501763,1.2076282160399163,8.571672192501763,1.2076282160399163
39,PRO,103.67270836491053,17.025069704781178,8.571672192501763,8.453397512279414,8.571672192501763,8.453397512279414
40,GLY,64.80022423208784,24.024864862615207,24.024864862615207,0.0,20.40198021449546,3.622884648119749
41,ARG,204.43540972028327,37.93602562827003,2.142918048125441,35.79310758014459,29.48262811599062,8.453397512279414
42,TRP,129.99437905019462,49.29314696478002,17.143344385003527,32.149802579776505,21.517697995861955,27.775448968918077
43,LYS,101.31384980414794,3.622884648119749,0.0,3.622884648119749,0.0,3.622884648119749
44,PRO,101.92633470789181,20.375615968946533,11.922218456667121,8.453397512279414,10.714590240627205,9.66102572831933
45,LYS,89.28172587008763,6.881520477611684,4.58030385885716,2.3012166187545233,3.2586358294919346,3.622884648119749
46,MET,110.84584403899903,30.99409860711512,15.136595528855281,15.857503078259839,13.928967312815365,14.491538592478996
47,ILE,19.896334593714872,1.2076282160399163,1.2076282160399163,0.0,0.0,1.2076282160399163
48,GLY,67.6474622204069,33.667996079179694,33.667996079179694,0.0,30.045111431059944,3.622884648119749
49,GLY,26.188919546114,7.500213168439043,7.500213168439043,0.0,7.500213168439043,0.0
50,ILE,20.387679684736316,0.0,0.0,0.0,0.0,0.0
51,GLY,36.30540081098017,31.208480889796085,31.208480889796085,0.0,30.00085267375617,1.2076282160399163
52,GLY,21.83940964996016,2.3012166187545233,2.3012166187545233,0.0,1.0935884027146072,1.2076282160399163
53,PHE,145.48378800041863,62.23409595441201,13.928967312815365,48.30512864159665,13.928967312815365,48.30512864159665
54,ILE,19.046847940184193,1.2076282160399163,0.0,1.2076282160399163,0.0,1.2076282160399163
55,LYS,153.14566752681142,11.281396387187876,6.564923336353519,4.716473050834356,6.450883523028209,4.830512864159665
56,VAL,3.128573893633317,2.279087240102637,2.279087240102637,0.0,1.0714590240627204,1.2076282160399163
57,ARG,60.43418955857612,11.16396365379669,0.0,11.16396365379669,8.748707221716858,2.4152564320798326
58,GLN,36.459565045677124,16.071885360940804,1.0714590240627204,15.000426336878085,16.071885360940804,0.0
59,TYR,10.23224267096564,4.285836096250882,0.0,4.285836096250882,4.285836096250882,0.0
60,ASP,54.70377376198097,46.20890722667418,12.857508288752644,33.35139893792153,45.00127901063426,1.2076282160399163
61,GLN,156.9605034860655,80.50670466830432,18.214803409066246,62.291901259238074,72.05330715602491,8.453397512279414
62,ILE,18.55550284916275,2.4152564320798326,0.0,2.4152564320798326,0.0,2.4152564320798326
63,LEU,88.482680628203,15.42682842456452,2.142918048125441,13.28391037643908,2.142918048125441,13.28391037643908
64,ILE,0.0,0.0,0.0,0.0,0.0,0.0
65,GLU,58.47479078690279,44.88300433041191,3.214377072188161,41.66862725822375,36.4296068181325,8.453397512279414
66,ILE,0.0,0.0,0.0,0.0,0.0,0.0
67,CYS,49.98459894146454,40.64024575262707,12.330726032598708,28.309519720028355,7.500213168439043,4.830512864159665
68,GLY,68.54731488735992,32.86887543907137,32.86887543907137,0.0,26.830734358871783,6.038141080199582
69,HIS,60.83945501088921,30.257935483784735,0.0,30.257935483784735,10.935884027146072,19.32205145663866
70,LYS,139.3523164856662,29.768538180208516,22.636808697294327,7.131729482914189,22.522768883969018,7.245769296239498
71,ALA,1.6989733070613597,0.0,0.0,0.0,0.0,0.0
72,ILE,93.87837857711406,25.069959641129003,11.786049264689925,13.28391037643908,11.786049264689925,13.28391037643908
73,GLY,6.795893228245439,0.0,0.0,0.0,0.0,0.0
74,THR,44.41568614000512,20.63005984114608,1.0714590240627204,19.55860081708336,18.214803409066246,2.4152564320798326
75,VAL,0.0,0.0,0.0,0.0,0.0,0.0
76,LEU,0.8494866535306799,0.0,0.0,0.0,0.0,0.0
77,VAL,0.0,0.0,0.0,0.0,0.0,0.0
78,GLY,3.3979466141227195,0.0,0.0,0.0,0.0,0.0
79,PRO,77.95417320363322,21.038567417077665,15.000426336878085,6.038141080199582,15.000426336878085,6.038141080199582
80,THR,1.0714590240627204,1.0714590240627204,1.0714590240627204,0.0,1.0714590240627204,0.0
81,PRO,105.91887171400354,37.11045277801848,31.072311697818893,6.038141080199582,31.072311697818893,6.038141080199582
82,VAL,48.02112866571213,7.245769296239498,0.0,7.245769296239498,0.0,7.245769296239498
83,ASN,21.364086681472028,4.374353610858429,0.0,4.374353610858429,4.374353610858429,0.0
84,ILE,12.250954711938755,1.2076282160399163,0.0,1.2076282160399163,0.0,1.2076282160399163
85,ILE,0.0,0.0,0.0,0.0,0.0,0.0
86,GLY,0.0,0.0,0.0,0.0,0.0,0.0
87,ARG,32.38528379871898,4.3522242322065425,1.0714590240627204,3.280765208143822,4.3522242322065425,0.0
88,ASN,39.514298945580464,12.330726032598708,8.707841384478959,3.622884648119749,7.500213168439043,4.830512864159665
89,LEU,0.0,0.0,0.0,0.0,0.0,0.0
90,LEU,0.0,0.0,0.0,0.0,0.0,0.0
91,THR,17.104941556406043,12.857508288752644,8.571672192501763,4.285836096250882,12.857508288752644,0.0
92,GLN,96.20398652123106,43.53581400232892,25.71501657750529,17.82079742482363,38.705301138169254,4.830512864159665
93,ILE,11.30666735849335,7.908720744370631,7.908720744370631,0.0,4.285836096250882,3.622884648119749
94,GLY,45.58491152744755,17.551851960935114,17.551851960935114,0.0,13.928967312815365,3.622884648119749
95,CYS,2.142918048125441,2.142918048125441,2.142918048125441,0.0,2.142918048125441,0.0
96,THR,25.342398556048305,10.051638792496071,0.0,10.051638792496071,6.428754144376322,3.622884648119749
97,LEU,0.0,0.0,0.0,0.0,0.0,0.0
98,ASN,35.78619607630669,6.903649856263571,0.0,6.903649856263571,3.280765208143822,3.622884648119749
99,PHE,41.93503431524817,36.838114394064085,25.052065129374157,11.786049264689925,33.215229745944335,3.622884648119749
100,PRO,78.50148890937102,11.392043280447309,6.561530416287644,4.830512864159665,6.561530416287644,4.830512864159665
101,GLN,143.61182603548002,62.91059395006543,20.357721457191687,42.552872492873746,58.080081085905775,4.830512864159665
102,ILE,29.59882934506159,2.4152564320798326,0.0,2.4152564320798326,0.0,2.4152564320798326
103,THR,69.82644575219554,14.609813272701345,3.214377072188161,11.395436200513185,8.571672192501763,6.038141080199582
104,LEU,0.0,0.0,0.0,0.0,0.0,0.0
105,TRP,180.0977930258179,69.66452806682952,19.286262433128968,50.37826563370056,22.56702764127279,47.09750042555674
106,GLN,148.6511794128797,61.1540540992197,1.0714590240627204,60.08259507515698,52.70065658694028,8.453397512279414
107,ARG,110.36090779699092,24.562755790392245,3.214377072188161,21.34837871820408,18.52461471019266,6.038141080199582
108,PRO,0.0,0.0,0.0,0.0,0.0,0.0
109,LEU,68.79932088366027,22.927041593003565,10.8507594326044,12.076282160399163,9.643131216564484,13.28391037643908
110,VAL,11.892813149429518,0.0,0.0,0.0,0.0,0.0
111,THR,84.35352204077194,15.54510310478687,2.142918048125441,13.402185056661429,10.714590240627205,4.830512864159665
112,ILE,1.2076282160399163,1.2076282160399163,1.2076282160399163,0.0,0.0,1.2076282160399163
113,LYS,106.5822001532531,11.439694957816958,3.214377072188161,8.225317885628796,5.401553877617376,6.038141080199582
114,ILE,0.0,0.0,0.0,0.0,0.0,0.0
115,GLY,50.00691681567562,21.97385724916319,21.97385724916319,0.0,17.143344385003527,4.830512864159665
116,GLY,61.74845599564949,30.317449815014335,30.317449815014335,0.0,27.902193382934502,2.4152564320798326
117,GLN,55.87768640566256,26.145653532088765,0.0,26.145653532088765,22.522768883969018,3.622884648119749
118,LEU,132.80959792618827,32.57017280956804,19.286262433128968,13.28391037643908,19.286262433128968,13.28391037643908
119,LYS,30.93966108961371,1.2076282160399163,0.0,1.2076282160399163,0.0,1.2076282160399163
120,GLU,106.57227272046777,77.68972650042465,4.285836096250882,73.40389040417378,72.859213636265,4.830512864159665
121,ALA,0.0,0.0,0.0,0.0,0.0,0.0
122,LEU,1.6989733070613597,0.0,0.0,0.0,0.0,0.0
123,LEU,0.0,0.0,0.0,0.0,0.0,0.0
124,ASP,9.643131216564484,9.643131216564484,0.0,9.643131216564484,9.643131216564484,0.0
125,THR,0.0,0.0,0.0,0.0,0.0,0.0
126,GLY,18.214803409066246,18.214803409066246,18.214803409066246,0.0,18.214803409066246,0.0
127,ALA,11.401468058408074,1.2076282160399163,0.0,1.2076282160399163,0.0,1.2076282160399163
128,ASP,57.3589976073126,34.42285796198425,6.428754144376322,27.99410381760793,33.215229745944335,1.2076282160399163
129,ASP,38.71769157959501,31.072311697818893,2.142918048125441,28.929393649693452,31.072311697818893,0.0
130,THR,0.0,0.0,0.0,0.0,0.0,0.0
131,VAL,4.605574830162636,1.2076282160399163,0.0,1.2076282160399163,0.0,1.2076282160399163
132,LEU,0.0,0.0,0.0,0.0,0.0,0.0
133,GLU,64.39727099196782,55.052917803130335,0.0,55.052917803130335,51.430033155010584,3.622884648119749
134,GLU,111.97148925315086,57.604343427187345,20.357721457191687,37.24662196999567,50.35857413094786,7.245769296239498
135,MET,16.403587279677428,7.908720744370631,7.908720744370631,0.0,4.285836096250882,3.622884648119749
136,ASN,127.87866719444928,47.17743510903469,3.2365064508400483,43.940928658194636,39.93166581279519,7.245769296239498
137,LEU,7.905755080905642,5.357295120313602,5.357295120313602,0.0,5.357295120313602,0.0
138,PRO,112.52571646272656,18.232697920821096,9.77930040854168,8.453397512279414,8.571672192501763,9.66102572831933
139,GLY,50.56779163530632,17.437812147609804,17.437812147609804,0.0,15.022555715529972,2.4152564320798326
140,ARG,243.04942874230983,53.613905004968224,7.636382360416238,45.97752264455199,40.32999462852915,13.28391037643908
141,TRP,108.02176587172225,49.40718677810534,17.143344385003527,32.26384239310181,20.42410959314735,28.983077184957992
142,LYS,124.36088767014803,7.131729482914189,0.0,7.131729482914189,1.0935884027146072,6.038141080199582
143,PRO,99.6028127812968,23.998500617066284,10.714590240627205,13.28391037643908,10.714590240627205,13.28391037643908
144,LYS,59.330862218635374,2.4152564320798326,0.0,2.4152564320798326,0.0,2.4152564320798326
145,MET,112.97297872563284,58.60583289966934,11.786049264689925,46.819783634979416,11.786049264689925,12.076282160399163
146,ILE,15.290759763552236,0.0,0.0,0.0,0.0,0.0
147,GLY,54.82250083154543,29.33790122562504,29.33790122562504,0.0,25.71501657750529,3.622884648119749
148,GLY,22.483197382904393,5.493464312290798,5.493464312290798,0.0,4.285836096250882,1.2076282160399163
149,ILE,33.564926707400716,9.77930040854168,8.571672192501763,1.2076282160399163,8.571672192501763,1.2076282160399163
150,GLY,26.751038436435515,25.052065129374157,25.052065129374157,0.0,21.42918048125441,3.622884648119749
151,GLY,26.69222782196031,1.2076282160399163,1.2076282160399163,0.0,0.0,1.2076282160399163
152,PHE,156.43537999083264,56.19595487421244,13.928967312815365,42.26698756139707,13.928967312815365,42.26698756139707
153,ILE,19.046847940184193,1.2076282160399163,0.0,1.2076282160399163,0.0,1.2076282160399163
154,LYS,145.42761632377244,18.004618294170477,8.571672192501763,9.432946101668712,10.758848997930977,7.245769296239498
155,VAL,2.279087240102637,2.279087240102637,2.279087240102637,0.0,1.0714590240627204,1.2076282160399163
156,ARG,79.46847112814595,25.950811955713128,0.0,25.950811955713128,17.497414443433716,8.453397512279414
157,GLN,40.079484030331884,17.143344385003527,0.0,17.143344385003527,17.143344385003527,0.0
158,TYR,3.6199189846547597,1.0714590240627204,0.0,1.0714590240627204,1.0714590240627204,0.0
159,ASP,72.95150106205683,46.617414802605765,15.000426336878085,31.616988465727676,41.78690193844609,4.830512864159665
160,GLN,145.0428466219314,81.33134760713041,20.357721457191687,60.973626149938724,74.08557831089091,7.245769296239498
161,ILE,23.51921924183462,4.830512864159665,0.0,4.830512864159665,0.0,4.830512864159665
162,LEU,84.2352473605496,15.42682842456452,2.142918048125441,13.28391037643908,2.142918048125441,13.28391037643908
163,ILE,0.0,0.0,0.0,0.0,0.0,0.0
164,GLU,44.17571872675331,34.831365537915836,2.142918048125441,32.6884474897904,30.00085267375617,4.830512864159665
165,ILE,0.0,0.0,0.0,0.0,0.0,0.0
166,CYS,53.264874061154394,42.22154756525556,10.051638792496071,32.16990877275949,6.428754144376322,3.622884648119749
167,GLY,64.39468231962124,26.167782910740648,26.167782910740648,0.0,22.5448982626209,3.622884648119749
168,HIS,68.00951192417719,32.33107247588864,0.0,32.33107247588864,14.216649235289895,18.114423240598747
169,LYS,148.18311980660664,21.609608430535378,18.214803409066246,3.3948050214691308,20.40198021449546,1.2076282160399163
170,ALA,5.455061483693315,1.2076282160399163,1.2076282160399163,0.0,0.0,1.2076282160399163
171,ILE,83.23762833021685,20.375615968946533,10.714590240627205,9.66102572831933,10.714590240627205,9.66102572831933
172,GLY,8.853008097816035,1.2076282160399163,1.2076282160399163,0.0,0.0,1.2076282160399163
173,THR,43.87397503556133,22.636808697294327,0.0,22.636808697294327,21.42918048125441,1.2076282160399163
174,VAL,0.0,0.0,0.0,0.0,0.0,0.0
175,LEU,0.0,0.0,0.0,0.0,0.0,0.0
176,VAL,0.0,0.0,0.0,0.0,0.0,0.0
177,GLY,2.5484599605920395,0.0,0.0,0.0,0.0,0.0
178,PRO,89.89735236648508,20.239446776969338,12.993677480729842,7.245769296239498,11.786049264689925,8.453397512279414
179,THR,8.571672192501763,8.571672192501763,8.571672192501763,0.0,8.571672192501763,0.0
180,PRO,103.02423337572715,30.817867825619345,23.57209852937985,7.245769296239498,23.57209852937985,7.245769296239498
181,VAL,46.18895183013856,9.66102572831933,0.0,9.66102572831933,0.0,9.66102572831933
182,ASN,8.983070033674652,2.1871768054292144,0.0,2.1871768054292144,2.1871768054292144,0.0
183,ILE,19.896334593714876,1.2076282160399163,0.0,1.2076282160399163,0.0,1.2076282160399163
184,ILE,0.0,0.0,0.0,0.0,0.0,0.0
185,GLY,0.0,0.0,0.0,0.0,0.0,0.0
186,ARG,30.4390671498201,6.653440850961065,2.279087240102637,4.374353610858429,5.445812634921149,1.2076282160399163
187,ASN,46.310192173825904,12.330726032598708,7.500213168439043,4.830512864159665,7.500213168439043,4.830512864159665
188,LEU,0.0,0.0,0.0,0.0,0.0,0.0
189,LEU,0.0,0.0,0.0,0.0,0.0,0.0
190,THR,16.882969185874003,11.786049264689925,8.571672192501763,3.214377072188161,11.786049264689925,0.0
191,GLN,87.88511200637838,64.09948570751935,28.929393649693452,35.17009205782589,56.85371641127984,7.245769296239498
192,ILE,9.385721680899948,6.83726172030791,6.83726172030791,0.0,3.214377072188161,3.622884648119749
193,GLY,49.60723083191532,19.875197958341523,19.875197958341523,0.0,15.044685094181858,4.830512864159665
194,CYS,1.0714590240627204,1.0714590240627204,1.0714590240627204,0.0,1.0714590240627204,0.0
195,THR,22.438762696412024,11.395436200513185,0.0,11.395436200513185,5.357295120313602,6.038141080199582
196,LEU,0.0,0.0,0.0,0.0,0.0,0.0
197,ASN,38.35381975208563,4.374353610858429,0.0,4.374353610858429,4.374353610858429,0.0
198,PHE,45.063608208881476,39.11720163416672,31.616988465727676,7.500213168439043,34.28668877000705,4.830512864159665
