Res,Concavity,Distance_to_Core,A,R,N,D,C,Q,E,G,H,I,L,K,M,F,P,S,T,W,Y,V,MI,DI,SS,ASA,Phi,Psi,Theta(i-1=>i+1),Tau(i-2=>i+2)
1,-,22.41099888570809,-3,-4,-5,-5,-3,-4,-4,-5,-5,4,4,-4,1,-1,-4,-4,-2,-4,-3,3,-48,0,-,0.6094674556213018,-,2.27,-,-
2,0.14319615,20.067523813722733,-1,3,3,0,-4,3,2,-2,1,-4,-2,2,-2,-4,-3,-1,-1,-4,-2,-4,-20,28,E,0.6935483870967742,-1.76,2.39,124.65,-
3,0.11069569,16.732235645996287,-2,1,-6,-6,1,-4,-5,-6,-3,4,0,-3,0,6,-6,-4,-4,-3,4,0,-36,16,E,0.2292682926829268,-2.44,2.61,135.25,160.59
4,0.13801841,14.371874206511118,-6,3,-5,-6,-8,-2,-4,-7,-3,-8,-7,8,-6,-8,-6,-5,-6,-8,-7,-7,-98,62,E,0.1170731707317073,-2.02,2.40,126.31,162.22
5,0.113296114,10.616677324594471,-3,-6,-7,-7,4,-6,-6,-7,-6,5,3,-6,0,-1,-6,-5,-4,-6,-2,4,-62,36,E,0.0060975609756097,-2.42,2.48,134.54,169.53
6,0.13527574,8.761986381515984,0,-6,-6,-6,2,-5,-6,-5,-4,3,1,-5,0,-3,-6,-4,2,-6,-5,5,-54,8,E,0.0,-2.08,2.34,127.08,172.30
7,0.151049,5.379390264873884,-3,-6,-6,-7,-1,-6,-6,-7,-6,4,4,-6,2,-1,-6,-4,0,-6,-4,4,-61,7,E,0.0,-1.82,2.42,121.83,158.66
8,0.09769572,5.94025099024503,-2,-6,-4,-7,2,-6,-6,-7,-6,4,3,-6,4,-3,-6,-5,-3,-6,-5,4,-61,0,E,0.0,-2.56,2.67,139.62,166.11
9,0.08236515,6.504200062747537,-5,-8,-6,-7,-8,-7,-7,8,-7,-9,-9,-7,-8,-9,-8,-6,-7,-8,-8,-9,-135,74,E,0.0,2.81,3.08,145.48,120.43
10,0.13329625,9.55577799699607,0,-4,0,7,-7,-2,1,-4,4,-7,-4,-4,-6,-7,-4,-1,-5,-7,-1,-7,-58,77,S,0.1656441717791411,-1.00,3.04,127.68,105.32
11,0.17249455,11.583453803229302,0,0,-2,-3,-4,0,-1,3,-3,-3,-3,-1,-1,-5,0,3,-2,-3,-1,1,-25,33,T,0.5070422535211268,-1.22,2.37,116.03,65.87
12,0.2726066,11.27419323216913,2,-3,0,2,-1,-1,-2,5,-3,-6,-5,-2,-2,-5,-5,0,-2,-6,-2,-5,-41,16,T,0.4528301886792453,0.91,0.73,93.26,95.19
13,0.28912264,8.292528798611725,-3,-7,-6,-7,3,-6,-6,-7,4,-1,-4,-6,-4,-6,-7,-2,1,-7,-5,7,-69,28,S,0.0222222222222222,-1.70,0.08,90.36,97.02
14,0.23494774,7.745184799102032,-4,-8,-6,-7,-8,-7,-8,8,-7,-9,-9,-7,-8,-9,-8,-6,-7,-8,-9,-9,-136,67,S,0.2619047619047619,1.68,0.13,100.89,102.33
15,0.26832828,5.684256678343017,-6,-3,-6,-6,-9,-4,-5,-7,-6,-8,-8,8,-7,-9,-6,-6,-6,-9,-7,-8,-118,18,H,0.0585365853658536,-0.80,-0.96,94.27,103.07
16,0.23386729,9.01262670739641,-4,-6,-5,-6,-6,-5,-5,-4,-6,-6,-4,-5,-6,-7,-6,5,7,-7,-7,-5,-88,30,H,0.2464788732394366,-1.13,-0.98,101.30,68.75
17,0.3070865,10.35246227446278,2,-3,-1,-5,6,-2,-3,-5,-5,-6,-6,-3,-5,-6,-5,5,2,-7,-6,-5,-58,30,H,0.2592592592592592,-0.84,-0.78,87.54,71.20
18,0.27169254,7.8707468155613105,-5,-6,-7,-8,-5,-6,-7,-8,-7,4,6,-7,2,1,-7,-6,-4,-6,-3,0,-79,21,H,0.0121951219512195,-0.95,-0.97,93.54,68.84
19,0.26755792,8.94463175520424,-1,-3,-6,-6,-2,-5,-6,-5,-6,3,4,-5,3,-1,-6,-4,2,-5,-4,2,-51,28,H,0.0,-1.07,-0.61,94.18,64.50
20,0.2680322,12.449676618840265,-1,0,1,1,-2,0,-1,-3,1,2,0,0,2,-1,-3,0,0,-3,-1,1,-7,44,H,0.0887573964497041,-1.28,-0.77,94.21,69.74
21,0.28380248,12.983891187883083,-1,6,-2,-5,1,4,-3,-5,-2,-2,-3,-1,-2,-6,-5,1,0,-6,-1,-1,-33,26,H,0.028169014084507,-0.96,-1.01,91.58,69.12
22,0.26396933,12.341260700504462,-5,-6,-7,-7,-6,-6,-7,-7,1,2,2,-7,-3,7,-7,-6,-6,-1,6,-3,-66,33,H,0.0812182741116751,-0.94,-0.62,95.09,56.85
23,0.21990916,14.671371371097706,1,1,-2,-3,2,-2,-3,-3,0,1,1,-2,1,-2,-4,0,2,-5,-2,3,-16,50,H,0.1923076923076923,-1.89,0.01,104.07,44.28
24,0.22092083,17.129166327162704,-2,1,1,1,-3,2,1,0,2,-4,-4,2,-2,-2,-4,1,2,-5,0,-4,-17,1,H,0.526829268292683,-2.50,-0.08,103.89,93.33
25,0.2922891,17.22072709573652,-2,0,4,3,-5,-1,0,3,-2,-5,-5,1,-5,-6,-5,0,-1,-6,-3,-3,-38,21,S,0.6993865030674846,1.11,-0.17,89.92,108.52
26,0.14320382,17.75791839089943,-1,2,0,-1,-1,2,3,-1,2,-2,-3,2,-2,-4,-2,0,1,-5,-2,-1,-13,25,-,0.6616161616161617,-1.68,2.60,124.67,115.06
27,0.19460317,15.985997282633315,-4,-7,-8,-4,-4,-7,-6,-6,-6,-3,-3,-6,-2,9,-7,-6,-6,1,2,1,-72,59,-,0.3959390862944162,-1.84,1.85,109.97,146.15
28,0.18146206,16.547606367135447,0,-1,0,1,-2,0,0,-1,-2,1,-2,-2,-2,-2,4,1,0,-5,-2,2,-12,60,-,0.3088235294117647,-0.70,2.27,113.39,158.43
29,0.23143691,19.44064883200084,-1,-2,0,2,-4,1,3,0,0,-3,-3,1,-1,-3,1,1,1,-3,-2,-3,-15,3,S,0.9432989690721648,-1.36,-0.89,101.63,105.10
30,0.15295543,19.44824571705491,-1,0,2,3,-3,1,2,0,0,-3,-3,0,-3,-3,-1,0,0,1,-1,-2,-11,4,S,0.8309859154929577,-1.80,2.24,121.74,100.43
31,0.19354658,16.70563386745047,-3,-2,-4,-4,0,-1,1,-3,4,-3,-2,-2,0,0,-4,0,0,-3,7,-3,-22,11,-,0.6666666666666666,-1.39,2.04,110.67,149.77
32,0.16078788,17.16770439270282,0,-1,0,2,-2,1,1,-3,-1,2,-1,1,-1,-3,-2,-1,0,-4,-2,2,-12,10,-,0.704225352112676,-2.19,2.13,119.38,145.30
33,0.18612896,15.371711580403783,2,-3,-3,-3,-2,0,-3,0,0,-5,-3,-3,-2,-6,6,2,-1,-6,-4,-3,-37,25,-,0.4779411764705882,-1.00,2.46,112.43,144.52
34,0.14005283,14.159774311159657,-4,-3,0,-5,-5,-5,-5,0,-4,-2,-3,-4,-5,-6,0,0,7,-6,-6,-4,-60,23,-,0.1830985915492957,-1.55,2.42,125.65,147.54
35,0.2819779,16.28439485618826,-1,-1,-3,-4,-5,-3,-6,-3,-4,6,0,-4,-2,-2,-2,-3,-1,-6,-5,3,-46,14,S,0.4647887323943662,-1.68,-0.91,91.57,103.64
36,0.102472216,14.9598608331877,-2,-5,-4,-3,-5,-2,2,5,-4,-4,-1,-4,-4,3,-3,-3,1,0,-3,-3,-39,7,E,0.7309644670050761,-3.11,2.68,138.04,117.60
37,0.08922715,14.89466311090436,0,-3,0,4,-2,1,1,-4,-2,1,-3,-2,-3,-2,0,-2,-2,-5,-4,3,-24,15,E,0.4948453608247423,-2.85,2.80,143.02,163.35
38,0.11686046,15.109170990796072,-1,-1,3,4,-3,0,2,-4,2,-2,-2,-2,-3,1,-3,1,1,-4,-2,-3,-16,8,E,0.4713375796178344,-2.32,2.53,133.31,160.57
39,0.095012955,14.943237325059975,-6,-5,-6,-7,-6,-6,-6,-7,4,1,-4,-4,0,7,-7,-5,-4,-3,7,-1,-58,42,E,0.2162162162162162,-2.51,2.89,141.11,165.34
40,0.11440975,16.297002095607983,-1,2,-1,-2,-2,-1,-2,-1,-2,1,-1,-1,-1,-2,-1,1,3,-1,-1,1,-12,46,E,0.647887323943662,-2.43,2.67,134.15,162.06
41,0.10534631,16.419925969200712,0,3,-2,-4,-3,-1,-2,-1,0,0,-1,5,-3,-4,-2,-1,0,-5,-4,-1,-26,14,E,0.1320754716981132,-2.89,2.69,137.17,151.70
42,0.13134669,18.362455372613983,0,0,0,0,-1,2,1,-4,0,-1,-2,1,-1,-4,1,0,3,-4,-3,-1,-13,13,E,0.588957055214724,-1.89,2.72,128.57,154.48
43,0.09744215,17.875773172251655,-1,-3,-5,-4,1,-2,-3,-5,-3,4,1,-4,1,1,-1,-4,-2,-4,0,4,-29,16,E,0.029585798816568,-2.77,2.50,140.31,159.25
44,0.16735701,20.343353106751604,-2,-1,0,0,-1,1,2,-3,1,0,-1,-1,2,-1,-1,-1,2,-3,1,1,-5,24,E,0.7371134020618557,-1.99,2.18,117.82,155.87
45,0.14322162,19.600312018659533,-2,-3,-5,-4,-1,-4,-5,-6,0,5,1,-5,-1,-2,-5,-3,-1,0,-1,5,-37,32,E,0.056338028169014,-2.44,2.24,124.77,109.13
46,0.29760617,22.61374861253416,-3,-1,3,6,-6,-1,2,0,-2,-6,-6,-1,-4,-3,-2,-2,1,-7,-5,-5,-42,5,T,0.6748466257668712,0.92,0.64,89.08,50.66
47,0.2667791,24.8407279919648,-3,-3,2,2,-2,-2,-1,5,0,-6,-6,-1,-5,-4,0,-1,-1,-2,-5,-6,-39,3,T,0.8333333333333334,1.54,-0.46,94.55,70.19
48,0.1522343,23.210529603509645,-2,2,0,0,-5,2,3,0,0,-3,-4,4,-3,-5,-3,-2,-1,-5,-4,-2,-28,11,E,0.5365853658536586,-1.26,2.49,121.83,124.11
49,0.18883052,22.519549016493794,-2,2,1,0,-2,1,1,-2,0,-1,-2,1,-1,-3,1,0,2,-3,-1,0,-8,20,E,0.4444444444444444,-1.79,2.12,111.63,152.87
50,0.12192264,19.558682897792732,-2,-4,-5,-6,3,-5,-4,-2,-1,4,0,-5,-1,0,-5,-3,-2,-5,2,5,-36,28,E,0.0,-2.28,2.18,131.37,157.86
51,0.1948507,18.859445342554903,-1,1,1,-1,-2,0,0,-3,1,-1,-1,3,1,-3,0,1,2,-4,-3,-2,-11,25,E,0.1958762886597938,-1.50,2.31,110.19,153.96
52,0.12717359,15.288604527746111,-1,-5,-5,-5,-2,-5,-5,-5,-5,2,5,-5,1,1,-5,-4,0,-4,-2,1,-48,37,E,0.0304878048780487,-2.01,2.29,129.72,167.46
53,0.19879094,14.62523837577466,-2,0,1,1,-3,5,1,-1,2,-4,-4,0,-1,-3,-4,0,0,-5,-3,-2,-22,26,E,0.2358490566037736,-1.70,1.98,109.18,165.19
54,0.1914512,11.494967608625233,-5,-6,-6,-6,0,-6,-6,-7,-6,6,3,-6,-1,3,-6,-5,-3,-5,-4,2,-64,42,E,0.0,-1.81,1.70,111.11,175.62
55,0.19264063,11.545337348133083,-6,-4,-7,-7,-4,-2,-7,-7,-3,-1,2,-7,0,0,-7,-6,-2,11,1,1,-55,9,E,0.3127753303964757,-1.58,1.97,110.97,171.33
56,0.16146663,10.072176169944314,-6,-6,-2,9,-8,-5,-2,-6,-6,-8,-8,-5,-7,-8,-6,-5,-6,-8,-7,-8,-108,53,E,0.0245398773006134,-1.52,2.50,119.28,167.09
57,0.09538959,10.588698098851328,-4,-6,-2,-6,-6,-5,-6,-5,-6,0,-3,-5,-2,-3,-4,-1,8,-7,-1,-3,-67,41,E,0.028169014084507,-2.26,2.99,140.82,158.34
58,0.14891273,12.019153576671698,6,-3,-3,-3,0,-3,-4,0,-1,-5,-5,-3,-5,-3,3,1,-3,1,-5,-4,-39,28,-,0.0283018867924528,-1.67,2.52,123.23,168.54
59,0.27699426,11.218376375455074,-2,-6,-5,-4,-7,-6,-1,7,-6,-5,-6,-6,-7,-7,-5,-1,-6,-7,-7,-7,-94,55,-,0.1547619047619047,-1.74,-0.10,92.88,120.56
60,0.15031658,14.989465935045336,-3,-2,-1,-4,-2,8,-2,-3,4,-4,-3,-1,-3,-6,-4,-1,-3,-6,-5,-3,-44,50,S,0.2878787878787879,-1.30,2.56,122.55,108.53
61,0.2864958,17.455967354951156,-2,-1,-2,2,-7,-1,7,-4,-1,-5,-6,-3,-6,-7,0,-2,-4,-6,-6,-5,-59,15,G,0.6597938144329897,-1.03,-0.81,91.02,77.74
62,0.30074078,19.78303730808799,0,5,-2,2,-4,1,3,-3,-2,-3,-4,1,-4,-4,-4,-2,-4,-6,-1,-5,-36,23,G,0.7177914110429447,-0.83,-0.34,88.67,79.51
63,0.22884,17.744413436939276,-4,-6,-3,-3,-6,-6,-3,-2,0,-4,-1,-3,-4,7,-7,-3,-3,1,6,-4,-48,12,G,0.3018018018018018,-1.92,0.15,102.38,110.60
64,0.29167783,17.34131918653644,-1,4,0,2,0,1,-1,0,2,-4,-4,0,-4,-5,-1,1,2,-3,-3,-4,-18,30,T,0.294478527607362,-0.83,-0.58,89.92,102.20
65,0.24541247,20.02100940387867,2,1,0,-1,0,-1,0,-1,-3,-2,-4,-1,-3,-4,-2,3,2,0,-2,-2,-18,0,T,0.8548387096774194,-1.29,-0.61,98.64,67.65
66,0.24305172,18.70827966966971,-3,-5,-2,-4,-3,-2,-3,-6,-3,3,4,-4,6,0,-3,-3,-2,0,-4,0,-34,16,T,0.3536585365853658,-1.56,-0.48,99.27,81.70
67,0.28299084,15.05056128898232,-1,5,0,-4,-2,-1,-3,-2,0,-2,0,-1,-3,-2,0,-1,3,2,-4,-2,-18,16,G,0.032258064516129,-0.88,-0.72,91.24,93.43
68,0.29053822,16.539608840664794,1,2,0,2,-5,0,0,-3,-1,-2,-4,0,-3,-5,3,1,-1,-5,-3,-2,-25,7,G,0.1911764705882352,-1.13,-0.05,89.84,94.19
69,0.27672502,18.19397625148346,1,2,-2,-3,-4,1,-1,-1,2,-1,1,0,1,-2,-2,2,-2,-1,-3,-2,-14,11,G,0.7865853658536586,-1.46,-0.21,92.70,88.93
70,0.26135433,15.365246285740888,-3,-6,-4,-6,4,-4,1,0,-1,-5,-4,-5,-5,2,-6,1,-4,0,8,-3,-40,26,S,0.1076923076923077,-1.66,-0.33,95.49,89.29
71,0.25154725,14.977642847626369,0,-6,-6,-7,1,-6,-6,-7,-4,2,0,-6,3,2,-7,-2,-4,1,8,-3,-47,7,-,0.0135135135135135,-1.11,-0.44,96.84,116.14
72,0.21093078,18.423081408297666,-2,6,-1,-5,-4,2,-2,-3,0,-1,-4,2,-3,-6,1,-1,-2,-6,-4,-4,-37,10,T,0.6544117647058824,-0.41,-1.38,105.61,84.99
73,0.22933029,18.22374878637162,-1,-1,2,2,-2,0,-1,4,-2,-4,-5,1,-2,-4,-4,0,0,3,-4,-1,-19,18,T,0.8282208588957055,-1.94,0.84,101.87,94.34
74,0.15967305,14.649475785291232,5,-5,-4,-5,1,-4,-5,2,-5,-3,-4,-4,-3,-6,-3,1,3,-6,-4,0,-49,30,-,0.0915492957746478,-1.28,2.37,119.54,156.44
75,0.23834968,14.666723320681193,-1,-3,3,5,-4,2,0,-4,5,-4,-5,-3,0,-5,-5,0,-3,-7,-4,0,-33,16,S,0.3312883435582822,-1.68,-0.63,100.04,108.54
76,0.10500278,11.237826955905648,2,-6,-5,-6,4,-5,-6,5,-6,2,-3,-5,-4,-5,-6,-4,-4,-6,-4,3,-59,26,E,0.0211267605633802,-2.64,2.68,137.23,116.74
77,0.120237134,8.018433079714681,2,-6,-6,-6,4,-5,-6,-4,-5,3,-2,-5,-3,5,-6,-4,-3,-4,2,3,-46,13,E,0.0,-2.26,2.41,131.94,174.55
78,0.19993015,4.392368924919108,-4,-6,-7,-7,2,-6,-6,-7,-7,5,4,-6,2,-2,-6,-6,-3,-1,-5,4,-62,16,E,0.0,-1.90,1.83,108.83,166.36
79,0.21239181,4.466915283535215,-4,-6,-7,-7,0,-6,-7,-5,-7,4,5,-6,1,-1,-7,-6,-4,-6,-2,2,-69,7,E,0.0,-1.61,1.82,105.85,159.85
80,0.10152906,3.116121707882752,-2,-7,-7,-8,6,-6,-7,-6,-7,-1,-1,-7,2,-2,-7,-5,-2,-7,-6,7,-73,4,E,0.0,-1.73,2.76,138.62,159.37
81,0.10688587,6.531249807929036,-7,-7,-8,-8,-7,-7,-8,-8,-4,-4,-5,-7,-5,6,-8,-7,-7,-3,8,1,-95,22,E,0.0,-2.59,3.05,136.65,146.77
82,0.12873954,9.05321778598622,2,-6,-1,6,-6,-5,-3,-5,-6,-7,-7,-5,-7,-7,-6,4,-4,-8,-7,-7,-85,10,E,0.023076923076923,-1.98,2.49,129.23,172.27
83,0.26614532,11.794706458085791,1,-6,-6,-6,1,-5,-6,-6,-6,5,0,-5,0,-4,-6,-4,-3,-6,-5,5,-62,23,S,0.0,-1.30,-0.49,94.68,78.00
84,0.28454995,14.529918405214652,0,-4,1,3,0,-3,-3,-3,1,-1,-4,-4,-4,-6,-5,0,6,-6,-5,-2,-39,23,S,0.263803680981595,-1.43,-0.29,91.18,73.47
85,0.17547268,14.027618076037529,-2,1,5,4,0,-1,-2,-3,-2,-3,-4,0,-4,-4,-4,3,-3,-5,-4,-3,-31,8,-,0.3461538461538461,-2.04,1.70,115.00,122.31
86,0.2835836,14.999397379748718,-2,5,-3,-2,-3,2,2,-3,2,-4,-2,2,-1,-2,3,-1,-2,-4,-2,-2,-17,14,T,0.213235294117647,-1.06,-0.48,91.16,97.41
87,0.2779619,15.183414556411863,0,-1,1,2,-4,2,3,-2,-1,-2,-3,2,-3,-4,-2,1,0,0,-1,-2,-14,3,H,0.5276073619631901,-1.17,-0.66,92.39,87.14
88,0.31542128,11.49305508362629,-3,-5,-4,-4,-5,-4,-4,-4,-5,-5,-5,-3,-5,-6,-4,7,4,-6,-5,-5,-71,57,H,0.023076923076923,-1.08,-0.33,86.05,75.01
89,0.287188,11.532270769349608,-5,-5,-6,-6,-3,-6,-6,-6,-4,-1,1,-6,-3,8,-6,-5,-5,-1,4,-2,-63,8,H,0.1097560975609756,-1.48,-0.64,90.75,72.96
90,0.28731313,14.669125735982885,-3,-2,2,4,-6,1,5,-5,0,-3,-2,1,-3,-5,-3,-2,-2,-6,-3,-4,-36,27,H,0.5103092783505154,-1.11,-0.67,90.67,77.65
91,0.29193494,13.358862253394662,0,1,5,-1,-4,-1,0,1,3,-3,-3,0,-2,-5,-4,1,-2,-5,-2,-3,-24,12,H,0.1592356687898089,-1.30,0.15,90.09,95.84
92,0.25329953,11.183099188997966,-1,-5,-5,-6,2,-5,-5,-6,-5,4,2,-5,-1,-3,-5,-2,-2,-5,-3,5,-51,27,I,0.0,-1.29,-0.97,97.20,79.33
93,0.28502816,14.412370311939956,1,2,-1,-1,-2,1,0,-1,-1,-1,-1,2,2,-2,1,1,0,-3,-2,-1,-6,45,I,0.3455882352941176,-1.31,-0.44,90.84,55.71
94,0.21740232,16.100095090131088,-2,0,1,2,-4,2,2,-3,1,-2,-2,1,-1,-3,2,1,1,-4,-3,-3,-14,8,I,0.6030927835051546,-1.14,-1.18,104.59,51.91
95,0.18260533,14.43129182663328,-1,0,0,0,2,0,0,-1,2,0,-1,0,2,1,0,-1,0,4,1,-1,7,21,I,0.2585365853658536,-1.69,-0.97,113.23,47.91
96,0.22854917,11.252074659692884,-7,0,-6,-8,-8,0,-7,-3,-1,-3,-2,-2,-4,-1,-8,-7,1,12,1,-6,-59,66,I,0.0044052863436123,-1.22,-0.75,102.27,70.09
97,0.26870123,12.659021184918329,0,0,-2,-3,-2,0,-1,-3,2,3,2,0,2,0,-4,-1,-1,-2,1,1,-8,51,H,0.1619718309859155,-1.03,-0.94,93.96,66.03
98,0.26348707,16.003628097840025,-1,0,1,1,-3,2,2,-2,-2,-3,-2,2,-1,-3,4,-1,0,-5,-4,-4,-19,11,H,0.4779411764705882,-1.01,-0.89,94.72,64.46
99,0.2710185,15.030957287512347,0,-2,-1,2,-4,0,5,-5,0,0,-1,-1,0,-2,-4,-3,-3,0,-2,-2,-23,4,H,0.1546391752577319,-0.94,-0.94,93.77,61.11
100,0.26900083,13.005770022224567,-2,-3,-5,-5,-1,-4,-2,-5,-5,5,3,-4,-1,1,-5,-5,-1,-5,-3,3,-44,21,H,0.0,-1.13,-0.79,94.21,68.65
101,0.3033814,15.603869883452935,-3,5,2,1,-2,1,0,-4,0,-1,-2,3,-3,-4,0,-2,-1,-6,-3,-2,-21,23,H,0.6634146341463415,-1.02,-0.42,88.08,69.26
102,0.23027642,18.25517253994009,-2,2,-1,-1,-4,2,1,-1,7,-3,-3,1,-3,-4,-4,0,-1,-6,-2,-1,-23,2,H,0.7717391304347826,-1.44,-1.17,102.00,60.43
103,0.25812486,17.34921196956845,1,-2,1,-1,0,-1,-2,-1,3,-2,0,-1,-1,2,-2,0,0,-3,3,1,-5,18,H,0.4974619289340101,-1.00,-0.61,96.05,48.88
104,0.17295937,15.902692714495927,2,-2,0,0,6,-2,-1,1,-2,-2,-2,-2,-1,-4,-3,2,-1,-5,-1,0,-17,12,S,0.0814814814814814,-2.34,1.32,115.86,107.39
105,0.15327488,17.639273054743146,1,-4,-2,2,-6,-1,2,-2,-1,-4,-4,-1,-5,-6,6,-1,-1,-7,-6,-2,-42,25,T,0.5,-1.48,2.78,121.44,112.29
106,0.3019474,18.254862249154197,-3,0,5,2,-3,-2,1,2,0,-5,-5,0,-4,-5,-4,1,-1,-6,-3,-2,-32,10,T,1.0,1.18,0.31,88.14,87.03
107,0.15523195,14.942977478423424,0,-5,-2,-6,1,-3,-5,-6,-5,4,1,-5,0,1,-4,-3,0,-5,-2,5,-39,7,-,0.2323943661971831,-2.02,2.22,120.77,112.46
108,0.16695565,12.902092414427782,-3,-5,-3,-5,0,-1,-3,-6,-6,-1,-4,-1,-4,-7,8,-3,-2,-7,-5,1,-57,18,-,0.1691176470588235,-0.98,2.41,117.40,150.79
109,0.14199798,9.672516761692814,-3,-2,-4,-6,0,-4,-6,-2,-6,6,0,-1,3,2,-4,-4,-3,-5,-3,3,-39,18,E,0.1183431952662721,-2.15,2.24,124.99,173.24
110,0.1878567,7.642178572826733,-2,-6,-6,-6,-2,-5,-6,-5,-4,5,1,-6,4,-2,-6,-5,-4,-6,-2,5,-58,19,E,0.0,-1.91,1.93,111.98,164.02
111,0.19898754,6.729194378293017,-5,-6,-7,-7,-5,-6,-6,-7,-6,2,6,-6,0,-3,-6,-6,-5,-6,-5,3,-81,23,E,0.0,-1.32,2.25,109.11,158.86
112,0.12976944,4.911562265480524,1,-6,-6,-6,4,-6,-6,-6,-6,2,1,-6,-2,-5,-6,-4,-4,-6,-5,6,-66,15,E,0.0,-2.20,2.02,128.74,163.14
113,0.19958535,7.203454888487865,1,-3,-5,-4,-6,-4,-6,7,-6,0,-6,-5,-4,-6,-6,-4,-5,-6,-6,-2,-76,10,E,0.0,-1.49,2.25,108.91,153.97
114,0.10873896,7.284308243008132,-6,-5,8,-4,2,-5,-5,-5,-2,-4,-4,-5,-4,-7,-6,-3,3,-8,-6,-2,-68,8,E,0.0382165605095541,-1.94,2.96,136.02,121.49
115,0.2894195,10.734681795420112,-3,-1,-5,-6,-8,0,-4,-6,-6,-7,-7,8,-6,-8,-6,-5,-6,-8,-7,-7,-98,30,-,0.2731707317073171,1.06,0.66,90.44,119.07
116,0.2988443,12.444994827688438,0,-2,-2,-5,6,-3,-4,-3,-5,3,0,-1,0,-3,-1,2,0,-5,-2,1,-24,74,G,0.3024390243902439,-0.87,-0.53,88.61,111.77
117,0.27281886,15.52715890210753,-7,-7,-4,9,-9,-6,-4,-7,-1,-8,-9,-6,-8,-9,-7,-6,-6,-9,-8,-3,-115,91,G,0.3128834355828221,-1.13,-0.56,93.31,91.61
118,0.28268108,16.251267104783224,-4,-3,-4,-2,-1,-3,-5,-4,-5,0,5,2,2,-3,-5,-4,-1,-5,-4,-1,-45,70,G,0.1890243902439024,-1.26,-0.05,91.67,100.89
119,0.29523566,17.16183944176284,0,4,-1,0,-4,-1,2,-2,-2,-2,-2,0,-2,-4,3,-1,-1,-2,-2,-1,-18,27,G,0.1370967741935483,-1.23,-0.53,89.48,78.04
120,0.25637388,20.491512034835832,-1,0,2,3,-1,-1,2,0,2,-2,-3,0,-2,-1,-2,1,0,-3,-3,-2,-11,7,T,0.9044585987261148,-1.67,-0.39,96.58,90.32
121,0.19766146,21.00628388414754,1,1,0,3,-2,0,2,1,0,-2,-2,0,-2,-2,0,0,0,-2,-1,-2,-7,4,-,0.4049079754601227,-0.88,2.20,109.47,125.97
122,0.26338133,24.260691316720397,0,1,1,1,-2,1,1,-1,-1,-1,-1,1,-1,-1,1,1,-1,-2,-1,-1,-5,2,H,0.6391752577319587,-1.24,-0.69,94.96,86.72
123,0.30158496,23.85122610447046,0,0,0,0,-1,0,0,0,1,-1,-1,0,-1,-1,2,1,0,-2,-1,0,-4,1,H,0.6304347826086957,-1.03,-0.77,88.27,70.62
124,0.2624983,20.691281248791626,0,0,0,1,-1,0,0,-1,0,0,0,0,0,0,0,0,1,0,0,0,0,4,H,0.1549295774647887,-1.05,-0.94,95.36,69.93
125,0.28794742,22.52894953470019,0,2,0,0,-2,0,0,-1,-1,0,0,1,0,-1,0,0,0,-1,-1,0,-4,4,H,0.4435483870967742,-1.03,-0.57,90.70,69.10
126,0.2607231,25.521074476517445,0,1,0,0,-1,1,1,-1,0,0,-1,1,0,-1,0,0,0,-1,-1,0,-2,2,H,0.4233870967741935,-1.24,-0.77,95.61,71.01
127,0.27525547,23.967770601111475,0,1,0,0,-1,1,1,0,-1,-1,0,2,0,-1,-1,0,0,-1,-1,-1,-3,1,H,0.5360824742268041,-1.12,-0.72,92.74,67.72
128,0.2864061,22.29306517444721,0,0,0,-1,-1,0,0,-1,-1,1,2,-1,1,0,-1,0,1,-1,-1,0,-3,0,H,0.1402439024390244,-1.24,-0.35,90.80,82.56
129,0.29520875,25.698159333515864,1,0,0,0,-1,1,2,0,0,-1,-1,0,0,-2,1,1,0,-2,-1,-1,-3,0,H,0.5943396226415094,-1.16,-0.57,89.22,87.92
130,0.3043491,27.251405621555172,-1,0,0,0,-2,1,1,-1,0,0,1,1,0,0,0,0,0,-1,0,-1,-2,1,H,0.6048780487804878,-1.02,-0.88,87.73,72.77
131,0.30119517,24.960241953707826,0,0,0,0,0,1,1,0,2,0,0,0,1,-1,0,0,0,-2,-1,0,1,3,T,0.6648936170212766,-1.28,0.10,88.22,62.41
132,0.29692018,25.95470979999001,0,1,1,0,-1,1,2,0,1,-2,-1,2,-1,-2,-1,0,0,-1,-1,-1,-3,4,T,0.9609756097560976,0.95,0.75,88.88,101.06
133,0.1011657,22.37711692009135,0,0,0,-1,0,3,1,-2,2,-1,0,2,1,-2,-2,0,-1,-1,0,-2,-3,0,-,0.4545454545454545,-2.27,-3.08,138.73,130.47
134,0.10217901,20.553307828074736,-2,5,-2,0,-2,0,1,0,1,-3,-3,2,-3,-2,-3,0,-1,-2,-1,-3,-18,15,-,0.4845360824742268,-2.80,2.83,138.26,141.89
135,0.16188258,17.120921727859283,0,-2,0,-2,1,3,1,-2,-3,0,-1,-1,-2,-1,3,-1,-1,0,-3,1,-10,8,-,0.0220588235294117,-0.96,2.79,119.06,114.81
136,0.17433171,15.158471554851468,-4,-5,-2,-4,-1,-5,-4,-4,-5,4,0,-4,-2,-4,-5,-4,-3,-5,-3,6,-54,44,-,0.0140845070422535,-1.25,2.35,115.75,139.05
137,0.16716735,16.823986244393627,-1,-1,-1,1,-3,1,-1,-2,-3,-2,-3,0,-1,-3,3,3,2,-4,-3,-2,-20,34,-,0.3463414634146341,-1.53,2.48,117.51,161.44
138,0.29607746,15.24030360622062,-1,0,-1,-1,-3,0,2,-2,-1,-1,-2,0,-2,0,2,0,2,-1,2,-1,-8,12,H,0.2573529411764705,-0.88,-0.55,89.18,68.89
139,0.25178838,17.446094533079105,-1,-1,0,2,-4,2,5,-3,0,-3,-3,0,-1,-4,-2,0,-1,-3,-3,-2,-22,14,H,0.5979381443298969,-1.14,-1.00,97.51,76.72
140,0.29119515,16.392946151615487,-2,-1,-2,2,-4,3,4,-4,0,-2,-3,0,-1,-1,-4,-2,-2,5,-1,-3,-18,4,H,0.4175257731958763,-0.98,-0.52,90.20,69.93
141,0.2907276,12.707550595870591,3,-4,-3,-2,-4,-4,-4,6,-2,-2,-3,-4,-1,-4,-3,-2,-3,-1,-4,-2,-43,25,H,0.0,-1.26,-0.60,90.15,70.72
142,0.28551623,14.198724764423108,-1,1,0,0,-1,3,3,-1,0,-1,0,2,0,-2,-1,-1,-2,-2,-2,-1,-6,37,H,0.5564516129032258,-1.24,-0.65,90.99,70.52
143,0.29222178,16.555108273668797,2,1,0,1,-3,2,2,-1,-1,-2,-1,2,-1,-3,-2,0,-1,-3,-2,-2,-12,6,H,0.4846625766871165,-1.07,-0.89,90.05,71.38
144,0.29706725,14.0612684686242,-3,-3,-2,-4,0,-3,-3,-4,-3,-1,3,-1,4,4,-3,-3,-1,4,2,0,-17,5,H,0.0319148936170212,-1.01,-0.65,89.28,71.73
145,0.28385368,12.469718848583067,5,-1,-2,-3,4,-2,-2,-2,-3,-1,-3,-2,-2,-2,-3,-1,-2,-4,-2,-1,-29,12,H,0.0566037735849056,-1.15,-0.68,91.50,68.82
146,0.27746946,16.085548467865664,-1,2,0,1,-2,1,2,-2,-2,-3,-2,4,0,-3,-1,-1,-1,-3,-3,-3,-17,12,H,0.821656050955414,-1.25,-0.71,92.68,72.86
147,0.28560272,17.056646086208843,-1,1,0,1,-2,1,3,-2,-1,-1,-2,2,-1,-2,-2,1,-1,-2,-3,-2,-13,4,H,0.6169354838709677,-0.96,-0.67,91.08,67.25
148,0.26732177,14.870099675819796,-2,-1,0,-2,-1,-1,-1,-2,2,3,2,0,1,1,-2,-2,-1,3,1,0,-2,11,T,0.1775147928994082,-1.77,0.24,94.45,64.19
149,0.25876206,15.674189286768136,-3,0,3,-1,-5,-2,0,5,0,-5,-4,1,-4,-3,-3,-2,-3,0,-4,-5,-35,33,T,0.7261904761904762,1.00,0.81,96.21,131.15
150,0.16448426,12.379992250538754,3,-1,1,2,3,-1,-1,-2,-2,0,0,-1,-1,0,-2,0,-1,-3,-2,-1,-9,26,-,0.1981132075471698,-1.29,2.67,118.41,143.74
151,0.30753475,13.235532715763286,-1,-2,-2,-2,2,-2,-1,-3,-2,3,1,-2,2,1,-2,-1,1,-3,0,2,-11,2,S,0.4263959390862944,-1.21,-0.48,87.57,95.14
152,0.08049227,12.047106740695424,0,0,-2,-1,1,1,0,0,1,-1,-1,2,0,-3,3,0,0,-3,-1,-1,-5,6,E,0.1666666666666666,3.09,2.68,146.61,123.37
153,0.14599966,10.398719689581258,-5,-7,-6,-7,4,-7,-4,-7,-1,-4,-3,-7,-4,7,-7,-6,-4,2,7,-3,-62,57,E,0.1171171171171171,-1.83,2.63,124.03,148.40
154,0.10309679,9.443165033302936,-4,-4,-6,-6,1,-2,-6,-5,-1,3,2,-5,4,4,-6,-4,-2,0,3,3,-31,31,E,0.2393617021276596,-2.72,2.67,138.04,163.68
155,0.120156504,9.481176166247602,-4,-2,-3,0,-8,-2,8,-7,-4,-8,-7,-3,-7,-4,-1,-3,-6,-7,-5,-7,-80,49,E,0.1597938144329896,-2.23,2.85,131.97,156.47
156,0.06737666,9.848107463994248,-1,-7,-6,-7,8,-6,-7,-6,-7,2,-4,-6,-2,-6,-6,-3,5,-7,-6,3,-69,11,-,0.0148148148148148,-3.09,3.05,151.50,143.41
157,0.14886302,11.190182849918743,-5,-4,-5,-6,-7,-6,-6,-6,-7,-8,-8,-6,-7,-8,-7,8,-3,-9,-8,-8,-116,47,-,0.0076923076923076,-2.46,2.09,123.08,174.80
158,0.30284312,11.063085345756404,7,-7,-7,-7,-2,-6,-6,-4,-7,-5,-7,-6,-6,-7,-3,1,-3,-8,-7,-2,-92,24,T,0.1509433962264151,-1.35,-0.38,88.27,88.26
159,0.25072038,14.431103903627289,-1,1,-5,-6,-3,-3,-3,-6,-6,-6,2,7,-3,-3,-6,-3,-4,-7,-4,-4,-63,29,T,0.6682926829268293,-1.25,-0.87,97.48,59.30
160,0.26668328,16.286192105981193,-1,-3,2,2,-1,0,2,-5,-1,-3,-1,0,-2,-2,-5,0,4,-6,-2,-2,-24,39,T,0.5985915492957746,-1.62,-0.25,94.05,77.45
161,0.2926479,14.427519321279249,0,2,4,0,-3,2,-3,3,0,-6,-3,0,-1,-4,-4,1,-3,-6,-3,-5,-29,5,-,0.5024390243902439,1.46,-0.04,89.53,127.23
162,0.20818177,14.501906162198535,-2,0,-1,0,-2,2,2,-4,1,2,-1,1,0,1,-4,-1,1,0,2,-1,-4,25,T,0.50920245398773,-0.93,1.88,106.90,107.59
163,0.24602813,12.651207412663986,-5,-3,8,-3,-4,-2,-4,3,0,-8,-6,-3,-4,-8,-7,-2,-4,-8,-6,-8,-74,70,T,0.119047619047619,1.37,0.05,98.56,86.77
164,0.2717664,10.66917519560142,-4,-7,-7,-8,-5,-7,-7,-8,-7,5,1,-7,-3,-1,-7,-6,-3,-7,-3,6,-85,11,H,0.0633802816901408,-1.05,-0.76,93.43,105.38
165,0.26630986,12.92975132622036,-3,0,2,4,-3,1,4,-4,-1,-3,-4,2,-5,-4,-4,-1,-1,-6,-2,-2,-30,55,H,0.4435483870967742,-1.13,-0.65,94.53,73.61
166,0.29232055,12.690549257625175,0,-3,0,2,-3,2,5,-3,-2,-5,-2,1,-2,-4,-4,-2,-1,-6,-4,-5,-36,6,H,0.5051546391752577,-1.15,-0.60,89.75,78.85
167,0.27215847,8.972265743665156,3,-5,-6,-6,0,-5,-5,-5,-6,1,2,-5,1,-3,1,-1,-2,-6,-5,3,-49,13,H,0.0,-0.97,-0.91,93.41,70.94
168,0.25977087,10.150355032228507,-5,-8,-9,-9,-8,-8,-9,-9,-7,-3,1,-8,-1,9,-9,-6,-6,-5,-1,-4,-105,56,H,0.0,-1.26,-0.55,96.06,69.18
169,0.30228534,13.470111352154808,-3,0,0,2,-4,2,3,-5,2,-1,0,-2,0,0,-4,-1,0,-4,3,-2,-14,91,H,0.3092783505154639,-1.13,-0.74,88.44,71.30
170,0.29965785,12.318801763706672,0,0,-1,0,1,0,2,-2,0,-1,0,0,2,-1,-3,0,2,2,1,-1,1,15,H,0.2340425531914893,-1.10,-0.67,88.63,68.25
171,0.27402264,10.564663570719816,3,-6,-6,-6,2,-5,-6,-6,-6,3,4,-5,0,-3,-6,-4,-3,-6,-5,2,-59,60,H,0.0,-1.09,-0.85,93.01,67.23
172,0.28221944,13.906110685529224,3,-4,-3,-5,1,1,-4,-3,-4,3,0,-4,-1,-3,-4,-1,0,-5,-3,3,-33,26,H,0.0070422535211267,-1.09,-0.78,91.70,69.68
173,0.30477065,15.957805464197444,-1,6,-3,-1,-6,-1,0,-5,0,-4,-1,4,-2,-5,-5,-1,-2,-6,-5,-2,-40,7,H,0.3427419354838709,-0.98,-0.66,87.76,66.96
174,0.2610937,14.677640109415004,2,-1,0,0,0,1,3,-3,-2,0,0,0,-2,-3,-3,-1,0,-4,-3,0,-16,24,H,0.0094339622641509,-1.40,-0.50,95.42,71.53
175,0.28252745,15.139138343906229,3,-6,-6,-6,0,-5,-6,-4,-4,5,0,-5,-2,-4,-5,-3,-3,-6,-4,4,-57,41,H,0.0943396226415094,-1.32,-0.37,91.52,69.32
176,0.23328677,18.692059393690474,-4,0,-6,-6,-4,-2,-4,-6,-5,2,5,-2,2,2,-6,-3,-1,-4,0,-2,-44,13,H,0.4146341463414634,-1.50,-0.97,101.47,62.66
177,0.12972395,19.974637833364422,-3,0,3,-2,-6,4,4,-4,5,-6,-5,3,-4,-6,-4,-2,-2,-5,-4,-5,-39,5,-,0.5303030303030303,-1.47,-2.94,129.11,-
178,-,19.860757383796617,5,-3,-2,-3,-2,-2,-2,0,-3,-3,-3,-2,-3,-4,-2,3,1,-4,-3,-2,-34,5,-,1.0,1.06,-,-,-
1,-,23.385020628182577,-6,-6,-7,-8,-6,-5,-7,-8,-6,-4,-3,-6,11,-5,-7,-6,-5,-6,-6,-4,-100,0,-,0.5638297872340425,-,1.60,-,-
2,0.1800488,22.288189529870174,-2,-1,1,5,-5,1,3,-1,0,-4,-4,1,-3,-5,-3,-1,-2,-6,-3,-4,-33,67,-,0.4049079754601227,-0.98,2.37,114.35,-
3,0.12014174,22.13417509911367,-2,2,0,-3,-1,2,-1,-3,-1,-3,-4,5,-3,-1,-3,1,0,-4,1,-2,-20,13,E,0.2292682926829268,-1.95,2.79,132.20,157.74
4,0.16688488,21.743685097729497,-4,-5,-6,-6,-4,-4,-5,-6,-5,4,4,-5,2,3,-6,-5,-4,-4,1,0,-55,35,E,0.0050761421319796,-1.74,2.31,118.10,163.53
5,0.20131584,24.95631262431294,-2,2,-2,-1,-3,0,0,-4,1,2,0,2,-2,-3,-4,-1,2,-4,-2,2,-17,38,E,0.3225806451612903,-1.88,1.90,109.05,161.12
6,0.13009785,24.62501612105218,-2,-4,-5,-6,-4,-4,-6,-7,-6,6,2,-5,-2,-4,-5,-3,-3,-6,-5,4,-65,48,E,0.0,-1.85,2.41,128.99,166.69
7,0.14158058,27.643070412510923,-1,2,2,-1,-4,3,2,-2,3,-2,-3,2,-2,-2,-2,-1,1,-3,-1,-1,-10,55,E,0.3181818181818182,-2.05,2.05,125.74,151.33
8,0.03221195,28.00947287488473,-1,-3,-4,-4,-5,-3,-4,6,-5,-6,-6,1,-5,-6,5,-2,-3,-6,-6,-5,-62,52,E,0.1309523809523809,-2.10,-3.00,167.96,112.11
9,0.30590487,28.76514188255765,0,-2,0,-3,-1,-2,-3,5,-3,2,-3,-3,-3,-3,2,0,-1,-5,-4,-1,-28,34,-,0.5514705882352942,-1.31,2.72,94.80,110.23
10,0.11419603,27.373210676386343,0,2,2,-1,-1,0,-1,1,1,-2,-3,2,-2,-2,-1,2,1,-4,-2,-1,-9,19,-,0.2253521126760563,-2.62,2.70,134.97,137.82
11,0.16486299,26.495879098214875,0,3,-1,-2,-1,0,0,-1,0,-4,-3,2,-4,-4,4,1,0,-5,-2,-3,-20,11,-,0.4878048780487805,-2.09,1.93,118.80,164.26
12,0.21685804,23.28322080527329,-2,-6,-7,-7,-3,-6,-7,-7,-7,3,6,-6,-1,-3,-6,-6,-5,-6,-5,2,-79,59,-,0.0,-1.31,1.72,106.01,137.08
13,0.113481335,24.543238591363966,-1,3,3,-1,-3,2,0,-2,1,-3,-4,3,-3,-3,-4,2,0,-5,-3,-3,-21,58,E,0.398989898989899,-2.59,2.63,135.40,154.81
14,0.12374633,24.55650084791233,-2,-6,-5,-6,-7,-6,-7,8,-7,-8,-7,-6,-7,-8,-7,-4,-6,-7,-8,-8,-114,93,E,0.3333333333333333,2.53,-2.43,131.28,99.16
15,0.107474655,22.157036037522467,-1,0,-1,0,-2,1,4,-4,-1,-1,-4,0,-3,-5,-4,1,4,-6,-5,-2,-29,85,E,0.4639175257731959,-2.47,2.73,136.92,142.17
16,0.120057,18.912033326376,-2,-6,-7,-7,-5,-6,-6,-7,-7,5,1,-6,-2,-3,-6,-5,-3,-6,-5,5,-78,49,E,0.028169014084507,-2.43,2.35,133.01,161.10
17,0.189793,17.732068742279793,0,3,2,-1,-2,0,0,-3,1,-2,-3,2,-3,-2,1,0,1,-2,-1,-2,-11,67,E,0.3732394366197183,-1.58,2.38,112.21,150.22
18,0.14803968,14.129695767083769,1,-6,-5,-6,-2,-5,-6,-6,-6,5,1,-5,-2,-3,-2,-5,-3,-6,-5,4,-62,51,-,0.0177514792899408,-1.59,2.35,122.80,161.50
19,0.115404196,12.22928368837431,-2,-5,-2,-4,-2,0,-2,-2,-4,-7,-6,-5,-6,-7,7,4,-4,-7,-4,-6,-64,2,-,0.1,-1.42,3.00,133.66,148.46
20,0.17479363,10.679012095629314,-3,-7,-5,-6,-5,-6,-6,7,-5,-8,-8,-6,-3,-8,3,-2,-5,-7,-7,-7,-94,30,B,0.0,-1.24,2.69,116.70,116.60
21,0.18720762,7.20407671168786,4,-4,-1,4,-3,-4,-3,-4,-5,-6,-6,-4,-5,-6,-5,4,-3,-7,-6,-5,-65,29,-,0.0094339622641509,-1.13,1.98,113.32,153.58
22,0.3117724,5.487013998522557,-6,-3,-5,-6,-8,-4,-4,-7,-6,-8,-8,8,-6,-8,-6,-5,-6,-8,-7,-7,-110,45,H,0.0682926829268292,-0.50,-1.00,86.73,80.06
23,0.26197922,3.992238142364421,-4,-5,7,-4,-6,-4,-5,-5,-5,-7,-7,-5,-6,-7,-6,6,-4,-8,-6,-7,-88,22,H,0.2802547770700637,-1.53,0.00,95.32,65.97
24,0.27682823,7.613367665684351,3,-5,-5,-4,-3,-4,-3,-4,-1,5,-1,-4,1,-3,-5,2,-3,-5,3,0,-36,52,H,0.0,-1.64,-0.86,92.76,66.52
25,0.28199923,9.21254816924257,4,-5,-4,-5,-1,-4,-4,-3,-5,-4,-5,-4,-3,-6,-5,5,3,-6,-5,1,-56,20,H,0.0094339622641509,-0.80,-0.90,92.11,72.48
26,0.24666563,8.496483831876574,-5,-5,3,-5,-6,-4,-5,-6,8,-3,4,-5,-3,-5,-6,-5,-2,-6,-4,-1,-61,5,H,0.024390243902439,-1.06,-0.92,98.99,69.80
27,0.27757674,10.036069626904604,-1,7,-5,-6,-7,-2,-5,-6,-5,-7,-6,0,-6,-7,5,-5,-4,-7,-6,-3,-76,15,H,0.0147058823529411,-0.95,-0.86,92.67,65.95
28,0.27138346,12.657627818107136,4,-5,-5,-5,-1,-4,-3,-3,-5,4,1,-4,-1,-4,-5,1,-2,-5,-1,0,-43,33,H,0.0,-1.01,-0.56,93.84,77.83
29,0.29806858,13.831639522353685,-3,-6,-7,-7,-4,-5,-6,-6,-6,4,5,-6,4,0,-6,-6,-4,-5,-2,1,-65,22,H,0.0060975609756097,-1.15,-0.68,89.54,67.17
30,0.27026573,14.738856313957308,2,-5,-5,-6,2,-4,-5,-4,-5,3,2,-5,5,2,0,-3,-2,-5,-3,0,-36,29,H,0.0,-1.23,-0.74,94.67,72.37
31,0.31480268,16.14682027983163,4,-5,-5,-6,2,-5,-5,-3,-5,0,3,-5,-1,2,-5,-1,-3,-2,-4,-2,-46,10,H,0.0094339622641509,-0.83,-0.59,86.53,88.76
32,0.30955732,18.446149880972264,5,-5,-2,-5,-1,-4,-4,3,-5,-4,-5,-4,-3,-6,-5,3,2,-6,-5,-4,-55,9,G,0.0094339622641509,-1.04,-0.30,87.36,106.47
33,0.3329368,20.22861692939712,4,-5,-5,-5,-4,-4,-5,-1,-5,2,3,-4,-2,-4,-4,2,-2,-5,-5,-2,-51,4,G,0.0,-0.98,-0.39,83.68,90.41
34,0.25780195,22.08236968684624,-6,-6,-7,-8,-5,-3,-7,-8,-7,2,6,-6,1,-3,-7,-7,-5,-6,-2,-2,-86,35,G,0.0,-1.44,-0.16,96.68,94.85
35,0.16404507,23.324325288681408,6,-5,-4,-5,1,-4,-4,-2,-5,-4,-5,-4,-5,-6,-4,3,2,-6,-6,-4,-61,25,B,0.0094339622641509,-1.53,2.27,119.64,135.17
36,0.23508196,26.887516447347497,-1,0,1,4,-4,1,4,-2,-3,-4,-4,2,-4,-5,-1,1,-1,-6,-5,-1,-28,33,S,0.2525773195876288,-1.87,0.18,102.09,108.04
37,0.15417719,27.536031565007573,-3,-4,-1,0,-6,-1,3,6,-3,-7,-7,-2,-6,-7,-5,-1,-1,-6,-5,-6,-62,34,S,0.1649484536082474,-2.13,2.81,120.95,71.42
38,0.1554838,25.589665203337457,-2,0,-2,-1,-5,0,3,-3,-3,-1,-3,2,-4,-5,4,-1,3,-4,-4,0,-26,36,-,0.4779411764705882,-0.82,2.51,120.45,131.46
39,0.12189928,22.186999508078895,-2,-5,-3,-5,2,-4,-4,-4,-2,0,-1,-4,-2,-2,-5,3,5,-6,-4,3,-40,14,E,0.0211267605633802,-2.06,2.17,131.86,168.17
40,0.17187084,21.05762299249278,-3,3,-1,-3,-1,0,1,-4,1,2,-2,1,-2,-3,-4,-2,4,-5,-2,2,-18,22,E,0.2422680412371134,-1.77,2.12,116.31,172.71
41,0.18683775,17.383590937515248,-4,-6,-7,-7,-5,-6,-7,-7,-6,5,4,-6,-2,0,-6,-6,-4,-6,-3,3,-76,58,E,0.0059171597633136,-1.85,1.89,112.19,168.06
42,0.13234682,17.499519427752837,-2,2,0,1,-2,0,2,-3,3,-2,-3,1,-2,-3,-4,1,3,-3,0,-2,-13,63,E,0.3232323232323232,-1.53,2.84,128.12,116.83
43,0.2672021,15.16142174402196,-4,0,7,0,-5,-4,-3,3,-1,-7,-7,-2,-6,-7,-6,-2,-4,-7,-4,-7,-66,53,S,0.1910828025477707,1.02,0.73,94.77,107.56
44,0.19580427,13.129097986455896,-2,-5,-6,-6,-1,-4,-5,-6,-5,2,3,-5,0,3,2,-5,-3,-5,-3,4,-47,19,-,0.0422535211267605,-1.59,2.19,110.69,145.98
45,0.1581803,11.897064856702706,-4,-6,-5,-4,-6,-6,-6,-7,-6,-3,5,-6,-3,-5,6,-3,-5,-6,-6,-4,-80,33,-,0.0147058823529411,-1.10,2.97,120.43,161.49
46,0.23041447,13.53462866568478,-2,2,1,3,-3,0,2,-4,2,-1,-1,0,0,-1,0,-2,-1,-2,-1,-1,-9,71,-,0.5121951219512195,-1.82,1.47,102.15,122.72
47,0.11744391,11.200238619461793,0,-5,-3,-5,-1,-4,-5,3,-5,2,3,-4,-3,-4,-5,4,-3,-5,-5,-1,-46,37,-,0.0304878048780487,-2.04,2.57,133.52,121.77
48,0.28774488,12.530885625739142,2,1,-1,3,-5,1,3,-2,0,-4,-2,0,-3,-5,-3,0,-1,-5,-3,-3,-27,19,H,0.551219512195122,-0.61,-1.06,91.10,61.57
49,0.2638162,10.711194951102607,-7,-7,-4,9,-9,-5,-3,-6,-6,-8,-9,-6,-8,-9,-7,-5,-6,-10,-8,-8,-122,95,H,0.0245398773006134,-1.00,-0.64,95.16,74.15
50,0.31978387,11.77414307995965,-2,-6,-3,-6,4,-5,-6,-6,-6,4,-3,-5,-3,-5,-1,-3,3,-6,-5,5,-55,67,H,0.0070422535211267,-1.01,-0.78,85.77,70.01
51,0.26945814,15.093800025823528,-1,3,0,0,-3,0,1,-3,1,0,2,0,0,-1,-2,-1,-1,-4,-1,-2,-12,43,H,0.4171779141104294,-1.07,-0.85,93.94,68.42
52,0.2902552,15.299284532622384,2,1,1,-2,-2,-2,-3,-3,2,-2,-1,-2,-1,-2,-4,2,3,-4,1,0,-16,4,H,0.0492957746478873,-0.87,-0.88,89.27,67.57
53,0.2818449,14.44194850789644,-2,-5,-5,-6,-4,-5,-5,-5,-6,-1,1,-5,7,-1,-6,-1,6,-6,-4,-3,-56,40,H,0.0,-0.89,-0.67,91.44,71.41
54,0.28968373,17.161046097407326,2,-1,-2,-5,0,-2,-3,-1,-4,3,3,-2,2,-2,-4,-2,-2,-4,-3,1,-26,30,H,0.0957446808510638,-1.31,-0.66,91.56,72.83
55,0.2928768,19.453241735166127,1,2,3,2,-5,1,3,-2,0,-4,-4,2,-3,-5,-4,0,-1,-5,-4,-4,-27,1,H,0.5414634146341464,-0.95,-0.78,90.50,67.38
56,0.26571774,19.222830102737035,4,-5,-5,-6,5,-5,-5,-3,-5,2,3,-5,-2,-2,-5,-2,-3,-5,-4,1,-47,20,H,0.0,-1.14,-0.85,94.69,74.24
57,0.32053587,19.62901860006366,-3,-6,-6,-7,3,-6,-6,-7,-6,1,5,-6,5,3,-6,-5,-5,-5,-3,0,-60,13,H,0.0,-0.77,-0.76,85.46,68.08
58,0.2700429,22.8069789329396,-2,5,0,-2,-6,2,2,-1,0,-5,-4,3,-1,-6,-4,-1,-1,-6,-5,-3,-35,25,H,0.4538461538461538,-1.43,-0.38,94.45,74.43
59,0.31684482,23.852931190971663,3,0,1,0,-1,2,0,-1,1,-2,-2,1,0,-3,-3,1,-1,-4,-2,-3,-13,22,H,0.4646464646464646,-1.21,-0.38,86.46,75.37
60,0.2992654,24.105821369720218,-5,-6,-7,-7,-3,-6,-6,-7,1,1,5,-6,6,2,-7,-6,-4,0,-3,-2,-60,47,T,0.0,-1.50,-0.06,89.15,47.95
61,0.21553713,26.189231522747797,-4,-6,-1,-3,-7,-6,-7,8,-7,-8,-8,-6,-7,-8,-7,-4,-6,-3,-8,-8,-106,46,T,0.238095238095238,1.76,0.24,106.17,102.75
62,0.16519885,24.26406477666319,4,-5,-5,-6,2,-5,-5,-1,-6,1,-3,-3,-2,-4,-5,-2,-1,-6,-3,5,-50,56,-,0.0660377358490566,-1.48,2.77,118.92,125.03
63,0.20519795,25.2603327870701,-1,2,1,2,-2,1,3,-1,0,-2,-3,2,-3,-5,-1,0,0,-5,-3,-3,-18,32,E,0.5024390243902439,-1.77,2.11,108.39,138.02
64,0.102990896,22.47282404830835,-1,-6,-6,-6,-1,-5,-5,-6,-2,5,0,-5,-2,-1,-6,-3,-2,-1,3,5,-45,27,E,0.2887323943661972,-2.43,2.30,138.57,163.70
65,0.10862679,22.51059258627927,-1,1,-2,2,-5,1,5,-4,1,-3,-4,1,-3,-5,-4,0,2,-5,-4,-4,-31,14,E,0.7061855670103093,-2.60,2.80,136.39,164.06
66,0.05580915,20.583346873091752,-2,3,-1,1,-3,1,1,-2,1,-1,0,1,-1,1,-3,-2,-1,3,0,-1,-5,26,E,0.2016129032258064,-2.61,-2.94,156.44,152.13
67,0.16504467,20.546507917352,-2,-1,4,4,-4,0,2,-1,-1,-3,-3,1,-4,-5,-2,0,-1,-6,-3,-3,-28,23,S,0.5859872611464968,3.06,-1.74,118.99,82.83
68,0.309397,19.09699580671103,-2,-2,3,1,-4,-1,0,5,1,-6,-5,1,-3,-4,-3,-1,-1,-6,-3,-5,-35,7,S,0.6785714285714286,-1.41,-0.54,87.67,35.53
69,0.13403526,18.52200668744663,-1,0,1,3,-2,1,2,-2,-2,-2,-4,0,-3,-4,-1,1,3,-5,-4,-2,-21,14,S,0.1538461538461538,-1.89,2.61,128.22,95.16
70,0.17684825,18.20002216980242,-2,-2,-2,-2,2,-3,-2,-3,-3,2,2,-1,0,0,-4,-2,-1,4,0,3,-14,7,E,0.0,-1.68,2.31,115.46,158.95
71,0.16696745,21.31392851265757,-1,2,-2,-2,2,0,1,-4,2,0,-2,1,-1,-2,-4,0,2,3,-1,1,-5,9,E,0.4076086956521739,-1.66,2.05,117.83,164.46
72,0.13464786,21.521913192995317,-3,-3,-5,-6,-2,-5,-2,-7,-6,6,1,-4,-1,-1,-6,-5,-3,0,-2,5,-49,44,E,0.0177514792899408,-2.12,1.94,127.95,163.42
73,0.21803628,24.81062326967055,-1,0,1,3,-3,1,1,-3,4,0,-2,0,-2,-2,-2,0,0,-3,-1,0,-9,40,E,0.0981595092024539,-1.70,1.90,105.42,167.37
74,0.23028395,24.427740304708653,2,-2,-1,-3,0,-2,-2,4,-3,-1,-4,-2,-3,-4,2,0,2,-5,-4,-1,-27,18,-,0.0094339622641509,-1.84,0.21,102.61,139.92
75,0.26151818,27.95616898621702,0,1,0,-1,1,-1,0,2,-1,-2,-2,1,-2,-4,1,1,1,-4,-3,1,-11,16,T,0.5040322580645161,-1.04,-0.60,96.18,97.81
76,0.22996996,29.18720259378024,-1,-1,2,0,-5,-1,1,4,-2,-3,-4,0,-3,-2,-1,0,0,-4,-3,-2,-25,14,T,0.5644171779141104,-1.89,0.46,102.55,109.56
77,0.223445,26.61281737051612,-2,-2,-2,-2,-2,-2,-2,1,-3,3,2,-2,0,0,-1,-2,-2,-2,-2,2,-20,5,-,0.0633802816901408,-0.78,2.15,104.28,170.63
78,0.20642039,28.91463474500843,-1,0,2,2,-2,0,0,2,1,-1,-1,1,-2,-3,-1,0,0,-4,-1,-1,-9,11,-,0.6624203821656051,-2.26,-0.43,108.57,135.19
79,0.17940778,27.308444402418647,0,-1,2,0,-2,-1,-1,3,1,-2,-2,0,-2,0,-1,1,0,-3,-2,-2,-12,3,-,0.4295774647887324,-1.48,2.61,115.08,130.64
80,0.24174543,25.51954103448568,-1,-3,-3,-2,1,-2,-3,-2,1,0,2,-2,0,3,3,0,1,0,0,-1,-8,4,-,0.2182741116751269,-2.15,0.01,100.05,121.23
81,0.1557341,24.639664590489417,0,1,0,0,1,1,3,-2,0,-1,-2,2,-2,-2,1,0,0,-4,-1,0,-5,3,B,0.2962962962962963,-1.93,2.19,122.05,109.60
82,0.17948207,21.84835030002101,4,-1,-3,-2,-4,0,2,-3,-2,0,0,0,-1,-3,0,-1,0,-1,-3,0,-18,13,-,0.0,-1.39,2.29,115.58,155.83
83,0.17567468,23.140882082393052,-2,-4,-2,0,-4,-1,-2,-5,-3,-5,-7,-2,-6,-6,8,-1,-2,-8,-7,-3,-62,44,-,0.1691176470588235,-1.18,2.25,115.63,165.35
84,0.2929682,22.022245583075307,0,-2,0,0,-2,0,0,-2,1,-1,0,0,-3,0,-2,-1,-1,-2,6,-2,-11,51,H,0.6261261261261262,-0.65,-0.66,89.51,76.99
85,0.27010694,21.846504506787788,-1,-3,2,5,-6,0,4,-1,-2,-5,-6,-2,-3,-6,-3,-2,-2,-7,-4,-4,-46,35,H,0.3926380368098159,-1.14,-0.50,93.90,70.85
86,0.26754907,18.832221435173373,-1,-3,-4,-2,-1,-2,-3,-4,-3,2,3,-1,1,1,-2,-2,-1,-4,0,2,-24,22,H,0.1280487804878048,-1.45,-0.75,94.90,60.90
87,0.22799873,17.27988131586886,-1,-5,-3,-3,0,-3,-2,1,-5,2,2,-3,-1,0,-5,-2,-1,-5,-3,4,-33,9,H,0.0070422535211267,-1.15,-0.34,102.61,86.27
88,0.2640472,17.45138727351428,-3,2,3,3,-1,-2,-2,-3,-1,-3,-1,3,-3,-1,-4,0,-1,-5,-1,-3,-23,10,T,0.6682926829268293,-1.48,-0.38,95.25,82.22
89,0.28551078,15.176222144832108,0,-1,-2,-2,4,0,-1,-2,-3,-2,-1,2,0,1,-3,2,2,-4,-2,-1,-13,10,T,0.4436619718309859,-1.22,-0.50,91.12,68.29
90,0.10746927,12.188316739743447,-2,-5,0,-5,-5,-3,-5,4,-5,0,2,-5,7,-2,-6,-2,-4,-5,-5,-3,-49,36,-,0.0106382978723404,-2.29,2.13,136.21,127.72
91,0.3146816,11.39258360336327,-3,6,5,-4,-6,-3,-3,2,-4,-7,-6,-3,-5,-7,-4,-2,1,-7,-6,-6,-62,13,G,0.2580645161290322,-1.00,-0.25,85.97,90.34
92,0.26155603,10.221803057589211,5,-5,3,-4,-4,-4,-4,1,-5,-2,-5,-4,-5,-4,-5,4,-1,-6,-5,-4,-54,8,G,0.0377358490566037,-1.48,-0.13,95.84,110.53
93,0.29129246,13.852910713994538,1,-5,-3,-4,0,-4,-4,1,-5,-4,-5,-4,0,-6,-2,5,3,-6,-5,-4,-51,3,G,0.0,-1.30,-0.12,90.02,108.67
94,0.32419068,14.861246251983667,-2,2,-3,-4,-3,-4,-4,1,-4,4,0,-3,0,2,-4,-3,2,-4,1,1,-25,26,G,0.0059171597633136,-1.17,-0.30,84.54,99.35
95,0.2831488,14.161901772103905,-2,3,-2,-5,-1,-4,-5,-4,-4,-1,4,-4,1,0,-5,-3,2,4,2,-2,-26,1,G,0.0616740088105726,-1.46,0.03,92.24,98.87
96,0.31525627,17.14824943573437,2,1,-5,-5,0,-4,-4,-5,-5,1,2,-4,3,2,-5,-3,-1,-4,-3,3,-34,8,T,0.0,-1.34,-0.50,86.82,92.36
97,0.24586274,19.25773360129091,-1,-2,-5,-6,-4,-4,-5,-6,-5,2,4,-5,7,2,-5,-3,-3,-3,-2,-1,-45,11,H,0.0121951219512195,-0.89,-0.93,99.57,84.67
98,0.26429838,19.54655487086512,-1,3,-4,-5,-2,-4,-5,6,-5,-2,-1,-4,0,-4,-4,-1,-1,-5,-5,-3,-47,2,H,0.0,-1.20,-0.70,96.06,66.75
99,0.28957793,20.24511056470536,1,-5,-4,-5,-3,-4,-4,1,-5,0,-1,-4,-3,-5,7,-1,-1,-6,-5,-2,-49,2,H,0.0147058823529411,-0.96,-0.85,91.46,67.73
100,0.2792333,22.769774464987503,-1,-5,-6,-6,-4,-5,-6,-3,-6,2,5,-5,4,-3,-4,-3,-4,-5,-4,0,-59,10,H,0.0,-1.12,-0.66,92.71,65.91
101,0.26255175,24.431258515310542,2,-5,-5,-5,1,-4,-5,-3,-5,0,4,-4,1,-3,-5,-1,1,-5,-4,2,-43,16,H,0.0070422535211267,-1.15,-0.72,95.53,66.02
102,0.2598464,24.72220230730396,6,-4,-5,-5,-2,-5,-5,3,-3,-5,-2,-4,-4,-6,-5,1,-1,-6,-5,-2,-59,16,H,0.0754716981132075,-1.13,-0.61,96.75,53.66
103,0.22169383,26.114898721435296,2,6,-3,-4,-2,2,-3,0,-3,-2,-2,0,-4,-5,-3,0,-1,-5,-5,-2,-34,25,H,0.189516129032258,-1.86,-0.45,104.52,45.33
104,0.2209611,27.81480833665007,-1,-3,-2,-3,2,-2,-2,-3,-1,0,3,-3,1,4,0,-2,-1,-2,2,-1,-14,20,H,0.2791878172588832,-1.98,-0.02,103.66,85.70
105,0.2847603,28.853316164496693,1,-2,-2,-2,0,0,-2,5,1,-3,-3,0,-3,-1,0,0,-1,-4,-3,-3,-22,8,S,0.2619047619047619,1.16,-0.07,90.61,92.02
106,0.08813362,27.272594014272148,-2,2,0,2,-5,2,3,-1,3,-3,-4,2,0,-3,0,0,-1,-3,-1,-3,-12,10,E,0.3333333333333333,-2.59,2.97,143.50,127.28
107,0.10400812,24.27870296416777,4,-2,-1,-4,1,-3,-3,3,0,-1,-3,-3,-3,3,-4,-1,-2,-4,-3,-2,-28,16,E,0.0,-3.03,2.59,138.05,164.90
108,0.14818773,23.65581360540617,-2,2,0,2,-3,1,2,-3,0,-1,-2,2,-1,0,-2,-1,1,-4,0,0,-9,19,E,0.207070707070707,-2.47,1.96,123.83,163.21
109,0.13787115,20.46836400477916,0,-5,-4,-5,1,-4,-4,-5,-4,3,-1,-4,-1,1,-5,1,1,-4,2,5,-32,23,E,0.0,-2.11,2.47,127.18,144.92
110,0.1655316,20.5350531079222,0,-1,-2,-3,-1,-2,-1,-1,-2,0,-2,-2,-2,-3,1,3,2,-3,-3,3,-19,13,E,0.1,-1.12,2.62,119.13,142.04
111,0.2179575,19.36745226758036,-5,-5,-7,-7,-3,-5,-6,-6,-6,1,6,-4,3,3,-3,-6,-5,-5,-3,-2,-65,46,-,0.4146341463414634,-1.22,2.28,105.35,129.28
112,0.1980305,16.251950906253462,-4,-5,-3,1,-3,-4,-4,-5,0,-1,-4,-4,-4,-2,6,-1,5,-6,-4,-2,-44,21,-,0.3014705882352941,-1.23,2.39,110.50,136.75
113,0.12405809,17.68944048441571,-4,-7,-5,-6,-7,-6,-7,8,-7,-8,-8,-6,-7,-8,-7,-4,-5,-7,-8,-8,-117,73,-,0.5833333333333334,-2.27,2.51,132.03,128.74
114,0.17184709,16.922122773287356,-3,-2,-2,5,-6,-3,1,5,-4,-6,-7,-3,-6,-7,-5,-2,-5,-7,-6,-1,-64,53,-,0.9761904761904762,1.57,1.70,117.09,118.31
115,0.13784191,15.309121139239906,1,-3,-4,2,8,-3,1,-2,-4,-5,-5,-2,-4,-6,3,-1,-3,-6,-4,-4,-41,23,-,0.5943396226415094,-1.50,2.87,127.50,155.99
116,0.17657039,14.356977599702052,3,3,1,-2,-5,-1,-3,-3,-3,-5,-5,-1,-4,-4,-2,4,-2,-6,-2,-3,-40,1,S,0.4154929577464789,-2.44,-0.94,115.91,107.72
117,0.257271,12.959314960784626,-4,-6,-7,-7,-5,-6,-7,-7,-7,6,4,-6,5,-1,-7,-6,-5,-3,-5,-1,-75,35,S,0.0828402366863905,-1.50,0.14,96.46,53.18
118,0.09255566,15.142080452061098,-2,4,-2,-4,-3,0,-2,5,2,-4,-5,1,-5,-4,-5,1,-4,-6,-5,-4,-42,33,S,0.0952380952380952,2.94,-3.07,142.06,102.30
119,0.29070842,17.037961869217767,1,2,-1,-2,-4,1,3,-3,-2,-5,-5,3,-3,-4,1,2,0,-5,-3,-3,-27,15,-,0.7075471698113207,-1.16,-0.60,90.49,122.94
120,0.22496983,14.337877330733448,-7,9,-6,-7,-9,-4,-5,-8,-5,-8,-7,-3,-7,-8,-7,-6,-6,-8,-7,-8,-117,90,-,0.3830645161290322,0.96,0.85,103.11,172.56
121,0.14907643,16.875924271088213,-6,-2,-5,-7,-8,-4,-6,-7,-3,-8,-7,-5,-8,-9,9,-6,-4,-9,-8,-8,-111,6,-,0.6323529411764706,-1.08,2.83,122.74,158.24
122,0.26087216,16.603644584519706,-5,-6,-3,-7,-5,-1,-6,-7,-3,5,1,-6,7,-3,-6,-6,-4,-6,-5,4,-62,49,-,0.0633802816901408,-1.99,0.22,96.41,120.53
123,0.29363364,19.718514401933863,-2,1,1,6,-6,0,-1,3,-2,-6,-5,0,-6,-5,-5,-3,-4,-7,-5,-5,-51,11,H,0.50920245398773,-0.64,-0.28,90.34,110.09
124,0.28171647,18.41093131193912,-3,4,-3,1,-5,2,-1,-4,3,-2,2,-2,0,0,2,-3,-1,-5,-3,-2,-20,31,H,0.1402439024390244,-1.71,-0.34,92.06,75.25
125,0.28735018,17.72563081385997,-5,-5,-5,-6,-6,-5,-5,-5,8,1,3,-6,-2,-3,-6,-5,-5,-6,0,3,-60,40,H,0.0434782608695652,-1.11,-1.02,91.29,66.48
126,0.28286275,21.181777856305896,-2,-4,-5,-5,-3,-3,-5,-3,-5,4,3,-4,0,0,-5,-3,0,-5,-1,3,-43,17,H,0.1479289940828402,-0.89,-0.82,92.25,68.08
127,0.26420516,22.78006168046236,-1,0,1,4,-4,1,2,-2,-1,-3,-3,4,0,-4,-4,-1,-1,-3,-3,-3,-21,22,H,0.3076923076923077,-1.03,-0.66,96.26,68.55
128,0.26669636,21.87539363146987,4,-5,-5,-5,-3,-5,-5,4,-6,-2,-6,-4,-5,-5,5,-2,-3,-6,-6,-3,-63,42,H,0.0,-1.41,-0.75,95.72,68.31
129,0.32362285,22.719056093756627,-6,-6,-8,-8,-6,-6,-7,-8,-7,0,6,-7,1,3,-7,-7,-5,-1,-4,-3,-86,23,H,0.0,-0.87,-0.83,85.75,67.24
130,0.28466454,25.86249197671876,0,4,0,-2,-3,2,4,-3,-3,-4,-4,2,-4,-6,-4,0,-1,-6,-5,-4,-37,49,H,0.4536082474226804,-0.99,-0.78,92.62,72.45
131,0.30062324,26.585448198328457,3,0,0,-2,-5,5,1,-3,-3,-3,-1,2,0,-5,-3,-1,-2,-5,-4,-4,-30,7,H,0.4393939393939394,-1.14,-0.43,90.03,72.84
132,0.28941464,26.397970287063405,-1,-5,-6,-7,-4,-2,-5,-2,-6,-1,4,-4,8,0,-6,-5,-4,-2,-5,-2,-55,25,T,0.0060975609756097,-1.44,0.03,91.44,44.52
133,0.20054998,28.83236933544468,-5,-7,-2,-5,-7,-6,-5,8,-7,-9,-9,-4,-8,-8,-7,-4,-6,-7,-8,-8,-114,59,T,0.4523809523809524,2.29,-0.62,109.49,97.40
134,0.12716581,27.35250537110614,7,-6,-6,-6,-4,-5,-5,-1,-6,-1,-3,-5,-5,-3,-5,-3,-3,-7,-6,1,-72,42,-,0.0660377358490566,-1.04,2.80,130.07,134.18
135,0.19192767,28.86739204051237,-3,2,0,2,-3,2,3,-3,1,-3,-4,3,-2,-4,-4,0,1,-1,-3,-2,-18,54,E,0.6549295774647887,-1.99,1.96,111.82,155.90
136,0.14808951,26.583175698679096,-1,-6,-6,-7,0,-6,-6,-7,-6,6,-1,-5,-2,1,-6,-4,-3,-6,0,4,-61,43,E,0.136094674556213,-1.84,2.19,124.83,171.11
137,0.14047924,27.981049771042105,-1,0,0,2,-2,0,3,-2,0,-1,-3,0,-3,-1,-3,1,2,0,-2,-1,-11,50,E,0.5024390243902439,-2.06,2.75,126.53,164.19
138,0.16896862,26.50912978397386,0,-1,-1,-4,-1,-1,-1,2,-1,2,0,-3,-1,-1,-4,0,0,-3,4,0,-14,3,E,0.5914634146341463,-2.07,1.85,117.20,143.28
139,0.09370069,28.461120851837183,-2,3,1,2,-3,1,4,-2,-1,-3,-4,2,-4,-5,-3,-1,1,-5,-4,-4,-27,13,E,0.3969072164948453,-2.72,2.59,141.36,121.93
140,0.2944572,28.43191751160689,-1,0,2,3,-5,0,3,2,4,-5,-5,0,-4,-5,-2,0,-2,-5,-3,-5,-28,1,T,0.7989690721649485,0.97,0.67,89.62,49.84
141,0.28352335,24.80655725487582,-4,-5,3,1,-4,-4,-2,6,-1,-7,-4,-4,-6,-7,-4,-3,-5,-7,-5,-7,-69,41,T,0.5833333333333334,1.19,0.43,92.06,63.81
142,0.09930541,23.920928812872702,-2,2,1,-2,1,-2,-3,-3,0,-2,-2,0,-3,3,-1,-3,-1,-2,7,-3,-15,54,E,0.1936936936936936,-2.28,2.64,140.01,116.80
143,0.2130051,23.031661884739908,1,-5,-5,-5,-3,-4,-4,-3,-5,3,1,-4,1,-1,4,-3,-1,-2,-2,3,-34,19,E,0.0,-1.84,1.85,107.04,153.81
144,0.18376738,25.620546999561807,-4,-1,-1,-2,-3,-3,0,-5,2,0,-5,1,-3,-4,7,-3,-1,-6,0,-1,-32,2,E,0.1560975609756097,-1.68,1.91,114.72,172.42
145,0.13474728,25.50390362901848,4,-4,-5,-6,-2,-5,-5,-3,-5,2,4,-4,1,-1,-5,-3,-3,-5,-1,1,-45,13,E,0.0188679245283018,-1.86,2.66,128.38,173.26
146,0.09225538,28.29419485073229,1,3,-1,-3,-3,0,0,-3,1,-1,-3,2,-2,-3,-1,1,2,-5,-2,0,-17,28,E,0.3923076923076923,-2.72,2.66,141.78,164.16
147,0.13312855,30.152529647171495,3,-2,-5,-5,0,-5,-4,-3,-5,5,1,-4,-1,-3,-5,-3,-1,-5,-4,3,-43,26,-,0.1690140845070422,-2.45,2.36,127.42,154.49
148,0.22510797,33.571368693287965,-2,2,1,1,-4,1,0,-1,1,-3,-3,3,-3,-4,2,0,0,-3,-1,-2,-15,28,S,1.0,-1.48,2.15,103.86,96.09
149,0.14832711,33.452612667354835,0,-2,0,-1,-4,-3,-3,6,-1,-5,-5,-1,-4,-5,-2,-2,-3,-4,-4,-4,-47,32,S,0.6309523809523809,1.27,3.14,123.81,65.24
150,0.13336278,30.81465769599191,-2,4,-1,-3,-5,0,-1,3,-1,-4,-5,3,-4,-6,1,-1,-1,-5,-4,-3,-35,12,-,0.3870967741935484,-1.13,2.77,128.40,115.82
151,0.16713203,28.685028663823303,-3,-3,-7,-7,-5,-4,-5,-7,-6,2,6,-4,-1,1,-2,-5,-4,-5,-2,0,-61,26,-,0.0060975609756097,-1.16,2.77,118.78,149.66
152,0.16703317,29.965824065802693,-2,3,0,-1,-3,1,-1,-4,2,-1,-3,4,-2,-4,-3,0,0,-2,-2,-1,-19,42,B,0.5707317073170731,-2.09,2.13,118.80,156.71
153,0.17755514,27.955010215416955,0,-5,-2,-5,-4,-5,-3,7,-6,-7,-7,-5,-7,-7,3,-2,-5,-7,-5,-7,-79,60,-,0.1428571428571428,-0.94,2.64,115.84,140.57
154,0.08587996,27.91297220435219,3,-4,-1,-3,0,-3,-3,4,-4,3,-2,-3,-2,-3,-3,-1,0,-5,-4,-1,-32,47,-,0.2264150943396226,-2.41,2.98,144.76,144.77
155,0.23696595,27.450800233138605,-2,3,1,2,-4,-1,2,-4,4,-3,-4,1,-3,-4,-2,0,1,-5,0,-1,-19,13,E,0.5760869565217391,-1.66,1.74,100.99,133.57
156,0.15935926,24.435129140739758,-3,-3,-5,-7,-5,-5,-6,-7,-3,6,-2,-6,0,2,-6,-5,-2,-4,5,3,-53,34,E,0.0118343195266272,-1.90,1.82,120.07,165.75
157,0.20329323,23.89176856075988,-1,0,-1,0,-2,0,1,-2,2,0,-1,0,-2,1,-3,0,2,-3,2,1,-6,47,E,0.6830985915492958,-1.35,2.04,108.61,156.58
158,0.18039778,20.767134481526035,-3,-2,-3,-5,-4,-4,-5,-5,-5,2,3,-5,4,3,-4,-1,0,-4,-1,1,-38,32,-,0.0478723404255319,-1.56,2.31,115.16,177.07
159,0.26118758,21.64706201231212,-4,-4,-2,6,-7,-3,0,1,-5,-7,-5,-2,-6,-7,6,-2,-4,-8,-7,-7,-67,29,S,0.8343558282208589,-1.14,-0.80,96.45,99.49
160,0.121538594,18.528974020180804,-1,-2,1,0,0,-2,-1,-3,-3,1,-1,1,3,2,-4,1,-1,-4,0,3,-10,57,S,0.6097560975609756,-2.23,2.68,131.64,87.18
161,0.19307522,15.427221849424091,3,-4,-5,-5,-4,-2,-4,-5,-5,3,-2,-3,-2,-4,4,0,-3,-6,-5,4,-45,35,-,0.3943661971830985,-1.04,2.26,111.34,130.24
162,0.14615278,12.838844758858118,-4,-6,-4,-4,-6,-5,-5,-4,-6,-7,-7,-5,-6,-7,-6,7,3,-8,-6,-6,-92,47,-,0.1923076923076923,-2.53,2.08,124.59,152.46
163,0.2783703,10.049932347880247,3,-5,-5,-5,-4,-3,-5,-4,-3,-3,-4,-5,-4,-3,-5,4,-3,-7,-5,5,-61,31,H,0.3591549295774648,-1.11,-0.92,93.10,84.06
164,0.2447472,10.501143253602704,-5,-4,-4,-5,-7,7,-3,4,-5,-7,-6,-4,-5,-4,-4,-4,2,-7,-6,-6,-73,12,H,0.0952380952380952,-1.09,-0.76,99.43,69.07
165,0.29906076,14.269010292151815,3,-5,-5,-6,-4,-4,-5,2,-5,-1,-3,-5,-3,5,-5,-4,-3,-4,1,3,-48,25,H,0.0,-1.03,-0.91,89.05,72.02
166,0.31686017,14.640491660916698,-2,-4,-4,-4,-5,-4,-4,-5,-5,1,1,4,-4,-5,-5,-3,5,-6,-5,-1,-55,7,H,0.0,-0.63,-0.76,86.35,72.40
167,0.2625215,13.28772332384573,-2,-4,-3,-3,-5,-1,4,-2,0,0,-4,-4,-2,-6,-5,5,3,-6,-5,-3,-43,12,H,0.0140845070422535,-1.14,-0.91,95.63,71.01
168,0.27543133,15.807282796108156,4,-4,5,-3,1,-2,-4,0,-1,-5,-5,-4,-5,-4,-5,1,0,-6,-5,-3,-45,2,H,0.0140845070422535,-0.89,-0.91,93.39,63.92
169,0.28774288,18.553209609928967,0,-6,-6,-7,-3,-5,-6,-6,-6,4,4,-6,0,-1,-6,-4,-2,-5,-4,2,-63,18,H,0.0059171597633136,-1.12,-0.50,91.52,65.75
170,0.2579243,17.949815245862027,-4,-6,-7,-7,-5,-4,-7,-7,-7,3,5,-6,7,-4,-7,-6,-5,-6,-5,-1,-79,16,H,0.0,-1.31,-0.92,97.12,65.46
171,0.26694417,18.141494165753947,-5,-6,-7,-7,-2,-5,-7,-7,-6,1,4,-6,9,2,-7,-3,-3,-5,-4,-3,-67,12,H,0.0222222222222222,-0.82,-1.06,94.91,62.97
172,0.2933259,20.9027150221502,7,-6,-3,-6,-3,-5,-5,-4,-6,-3,-3,-5,0,-6,-5,-1,0,-7,-5,-2,-68,1,H,0.0,-0.93,-0.80,89.71,74.21
173,0.2734296,22.783096356426505,6,-5,-5,-5,0,-5,-5,3,-6,-5,-1,-5,-3,-6,-4,0,-2,-6,-6,-4,-64,4,G,0.0,-0.96,-0.25,93.49,92.55
174,0.27345562,23.30917784469974,0,-5,-5,-5,-1,-4,-5,-5,-5,-2,3,-3,-1,-4,5,0,2,-6,-5,2,-44,20,G,0.0,-1.29,-0.45,93.82,79.20
175,0.2695309,25.913620827446437,-3,-1,0,-5,-3,0,-4,-4,-1,-1,5,-2,1,2,-5,-3,-1,-4,2,-2,-29,15,G,0.0121951219512195,-1.78,0.58,95.06,82.12
176,0.11827923,27.506623488004145,6,-5,-5,-6,-3,-5,-3,-2,-6,-3,-1,-5,-3,-5,-5,0,0,-6,-6,-2,-65,36,S,0.0283018867924528,-1.81,2.92,133.75,103.27
177,0.22502027,30.918505462659244,-2,0,-1,2,-6,1,4,-2,-1,-5,-4,3,-4,-6,2,-1,-2,-6,-4,-4,-36,29,B,0.5515463917525774,-1.53,1.56,104.70,94.92
178,0.102084585,30.73980238615956,-3,-4,-1,-2,-7,0,-2,7,-5,-7,-4,-2,-4,-7,-5,-2,-3,-7,-7,-6,-71,35,S,0.3571428571428571,2.06,-2.63,139.70,81.82
179,0.13442309,28.73131586254293,-2,0,0,3,-4,0,2,-3,-3,0,-2,1,-3,-5,-2,-1,3,-5,-4,1,-24,47,E,0.4859154929577465,-1.93,2.13,128.73,136.21
180,0.14751327,25.679166505610212,-3,-4,-4,-5,-3,-5,-2,-4,-6,-4,-4,-4,-3,-2,-4,1,7,-7,-6,0,-62,38,E,0.0,-1.70,2.32,124.48,178.77
181,0.15913898,24.75880345038952,-3,-1,-2,-3,0,-2,0,-5,-1,3,-1,-1,-2,-4,-4,-1,3,-5,-3,4,-28,34,E,0.2366863905325443,-2.07,2.12,120.79,176.65
182,0.1864955,21.66552542660963,-4,-6,-7,-6,-5,-6,-6,-7,-7,7,2,-5,0,-3,-6,-6,-3,-6,-4,3,-75,47,E,0.0,-1.85,1.90,113.07,171.28
183,0.1637026,22.403692876560623,-3,0,-2,0,-5,-1,4,0,1,1,-3,1,-3,-3,-3,-2,2,-5,-2,-1,-24,51,E,0.2783505154639175,-1.56,2.46,119.01,105.18
184,0.30431345,19.933619613764225,-4,-2,7,0,-6,-1,5,-4,-2,-6,-6,-1,-5,-6,0,-2,-2,-7,-6,-5,-53,29,T,0.3439490445859872,1.23,0.55,88.70,92.06
185,0.17414314,17.26412721546578,4,-4,-3,-4,1,-4,-3,-4,-2,-2,2,-3,-2,-2,3,-2,-2,-5,-4,0,-36,17,-,0.0188679245283018,-1.03,2.45,116.83,142.34
186,0.20616266,13.852234090417202,5,-3,-3,-4,-3,-2,-1,-2,1,1,-3,0,-3,-4,-2,-2,-2,-5,-4,2,-34,2,-,0.0,-1.06,2.25,107.86,149.52
187,0.23460492,14.1349765405142,-1,4,-3,-3,1,0,-1,-4,-3,-1,-1,2,0,-3,-2,4,-2,-4,-4,-2,-23,11,-,0.3911290322580645,-1.55,-0.06,100.76,138.10
188,0.14140074,10.714210729744734,-2,1,-3,-1,-5,0,6,-4,-3,-3,-3,3,-4,-5,-4,0,-3,-5,-3,-3,-41,18,-,0.0927835051546391,-0.86,2.71,125.38,115.27
189,0.2756827,10.757966153076824,-2,-2,-4,-3,-4,-3,-4,-2,-4,-4,-4,-2,-4,-5,8,-2,-3,-5,-4,-2,-55,14,H,0.088235294117647,-1.11,-0.52,93.62,65.56
190,0.29867676,8.78479123358076,-4,-4,-2,-2,-5,-1,5,-4,1,-5,-4,-3,-4,-3,-4,-1,2,-1,6,-4,-37,18,H,0.0309278350515463,-1.32,-0.48,89.95,74.24
191,0.29181975,11.345313078021736,-4,4,-5,-6,-5,-5,-5,-6,-5,6,-1,-4,-3,-3,-6,-5,-3,-6,-5,4,-63,26,H,0.0,-1.14,-0.91,91.05,68.75
192,0.29270327,14.023024484529556,-2,-4,1,6,-5,0,1,-4,-4,0,-2,-2,-1,-3,-5,-3,-1,-6,-5,3,-36,27,H,0.2746478873239437,-0.78,-0.84,89.82,65.20
193,0.27538398,13.127976176235617,-3,-5,-2,5,-4,-1,-2,-6,7,3,-2,-5,3,-5,-6,-4,-4,-7,-3,-2,-43,7,H,0.0736196319018405,-1.07,-0.97,93.10,69.46
194,0.29195642,13.148218594626211,-4,-5,-5,-6,-5,-5,-5,-6,-6,-3,4,-5,-3,-5,-6,0,6,-6,-5,0,-70,27,H,0.0,-0.84,-0.90,90.67,70.47
195,0.29502693,16.35759584883301,3,-4,-5,-4,4,-1,4,-3,-4,1,2,-4,-3,-4,-5,-3,-4,-5,-5,-1,-41,29,H,0.0,-1.05,-0.56,90.01,72.25
196,0.29545614,17.823894205752644,-1,4,4,2,-4,-1,1,-3,3,-3,-2,1,-3,-5,-4,-1,0,0,-3,-3,-18,23,H,0.3439490445859872,-1.27,-0.46,90.43,73.51
197,0.2936066,17.413861874900682,-2,-5,-6,-7,4,-4,-6,-5,-5,0,2,-5,8,4,-6,-4,-1,0,-1,0,-39,21,H,0.0,-1.18,-1.05,90.74,70.81
198,0.3157477,19.202225473545123,-5,-6,-7,-8,-3,-6,-7,-8,-7,1,6,-6,6,0,-7,-6,-5,-6,-5,-3,-82,43,H,0.0,-0.64,-0.88,86.86,69.48
199,0.28194925,21.63990147947913,1,2,4,-1,-3,1,0,-2,-2,0,-3,2,-2,-5,-3,-1,-1,-5,-4,-1,-23,59,H,0.3431952662721893,-1.08,-0.72,91.83,75.30
200,0.3075555,22.38224290936149,3,1,0,0,-2,2,-1,0,2,-3,-2,3,-2,-5,-3,1,-1,-3,-3,-3,-16,7,H,0.4647887323943662,-0.90,-0.82,87.16,72.33
201,0.32871652,23.159170436354323,-1,-5,-7,-7,-1,-6,-7,-6,-4,-3,0,-6,8,7,-7,-4,-5,-4,-1,-4,-63,47,H,0.0426829268292682,-1.07,-0.24,84.31,44.31
202,0.2140915,25.36110342823107,-4,-7,-2,-5,-7,-6,-7,8,-5,-9,-9,-6,-8,-8,-7,-4,-6,-7,-8,-8,-115,52,T,0.4642857142857143,1.84,0.33,106.18,108.82
203,0.16433358,23.818467818481103,5,-6,-6,-6,-2,-5,-5,0,-6,2,-3,-5,-4,-5,-5,-3,-3,-6,-2,4,-61,54,-,0.0754716981132075,-1.22,2.89,119.05,134.93
204,0.21149714,25.255072727363697,-3,2,2,2,-2,2,3,-4,0,-4,-5,4,-4,-5,0,-1,0,-6,-4,-3,-26,35,E,0.5658536585365853,-2.10,1.52,106.52,131.45
205,0.122539796,22.621996436069903,-3,-7,-7,-7,-3,-6,-7,-7,-7,6,0,-6,-3,-2,-6,-6,-3,-6,-1,5,-76,50,E,0.0887573964497041,-2.08,2.36,131.40,161.91
206,0.10652692,23.100055340122488,-2,2,-2,1,-4,1,4,-3,-2,0,-3,1,-3,-3,-4,1,2,-5,-2,-2,-23,53,E,0.6384615384615384,-2.49,2.58,137.11,124.30
207,0.23485245,21.7446216677812,-2,1,2,-2,-5,-1,-2,5,2,-1,-4,-1,-3,-3,-4,-2,0,-4,-3,1,-26,3,-,0.2023809523809523,1.67,0.05,101.01,116.65
208,0.19854106,17.91913969511151,3,-2,1,3,-4,0,2,-2,2,1,-3,-1,-2,-3,-3,0,-1,-5,-3,-1,-18,8,T,0.1969696969696969,-0.98,2.60,109.22,110.75
209,0.3434249,16.747127791287184,-2,-4,2,1,-5,-3,-1,6,0,-6,-6,-3,-5,-4,-2,-2,-4,-6,-6,-5,-55,37,T,0.3571428571428571,1.43,-0.61,81.96,71.88
210,0.13504717,19.4883008431046,-2,-2,-1,-1,-4,-2,-2,0,-3,-3,-2,-1,-2,-1,-3,1,5,3,4,-2,-18,37,T,0.4577464788732394,-1.50,2.91,127.64,85.39
211,0.29269055,19.71140959676732,-1,3,2,3,-3,2,1,-1,0,-5,-4,2,-4,-5,-1,1,0,-5,-3,-3,-21,3,T,0.4846625766871165,-1.27,0.07,90.43,74.45
212,0.15865286,21.712943825395087,-2,3,-1,-3,-2,-1,1,-2,0,1,-2,1,-2,-1,-4,0,3,-5,-3,1,-18,3,E,0.5201612903225806,-2.51,1.87,120.84,110.25
213,0.14985684,20.8232667462041,-4,-4,-6,-5,-5,-4,-5,-7,-5,6,1,-5,-1,5,-6,-5,-2,-1,0,2,-51,33,E,0.0,-1.66,2.47,123.58,175.44
214,0.1369671,23.69514918895642,-2,3,-2,-3,0,-1,0,-4,1,1,-1,0,-2,-1,-4,0,3,-4,0,1,-15,36,E,0.3028169014084507,-2.06,2.21,126.52,167.69
215,0.13574168,23.96997508630117,-4,-6,-7,-7,-2,-5,-5,-7,-3,7,1,-6,-2,-3,-6,-6,-4,-3,-3,4,-67,52,E,0.0,-2.17,2.00,127.29,167.06
216,0.18858019,27.281659150716685,-2,1,-1,0,-3,2,3,-4,0,-3,-4,3,-2,-2,3,-1,1,-5,-1,-2,-17,50,E,0.4536082474226804,-1.67,2.30,112.85,148.51
217,0.14534691,27.49662087332005,0,-6,-4,-5,-4,-6,-5,7,-6,-7,-6,-4,-6,-7,0,-2,-4,-7,-7,-5,-84,67,-,0.1666666666666666,-1.00,2.51,124.76,151.48
218,0.12788533,28.94249184339365,-2,-1,1,-2,0,1,-3,3,-2,-1,-3,-1,-3,-4,0,-2,-2,-4,-4,4,-25,59,-,0.1971830985915492,-2.05,-3.01,130.20,151.33
219,0.22909756,30.44981419361284,0,-1,-1,2,-5,5,3,-1,-1,-5,-5,1,-3,-6,2,-1,-2,-5,-4,-4,-31,6,S,0.7164948453608248,-1.79,-0.30,103.04,93.64
220,0.10259411,28.757837854540472,0,3,-1,-1,-2,1,2,-2,1,-3,-3,3,-3,-4,-3,1,0,-4,0,-3,-18,13,-,0.4677419354838709,-2.81,2.39,139.08,120.37
221,0.14408845,26.00076385239747,-5,-3,-6,-7,-3,-5,-6,-7,-5,0,5,-5,-1,0,-4,-5,-4,-3,5,-1,-60,42,B,0.0,-1.94,2.61,125.69,163.70
222,0.11215703,26.55507683120206,-1,2,1,-2,-2,1,-1,0,6,-3,-4,2,-3,-4,-3,2,1,-5,0,-3,-16,44,-,0.1666666666666666,-1.55,-2.21,135.53,161.28
223,0.098945774,24.770021145690546,1,-6,-5,-4,-5,-4,-3,6,-5,-6,-4,-4,-5,-4,4,-1,-5,-7,-6,-5,-68,52,-,0.2738095238095238,-2.52,-2.89,139.93,137.92
224,0.07992235,24.00350213557248,1,0,-2,-4,5,2,-2,2,-3,-1,-2,-1,-2,-1,-3,-1,1,-5,-3,0,-19,49,E,0.2738095238095238,2.56,-3.00,147.21,129.38
225,0.14279738,21.982993827711944,-2,2,0,3,-5,0,3,-4,2,-4,-5,1,-3,-5,-1,0,2,-5,-4,-2,-27,8,E,0.5633802816901409,-2.20,1.97,124.89,138.45
226,0.13015525,18.547804276294404,-3,-5,-5,-6,-2,-4,-5,-7,7,3,-1,-5,-2,2,-6,-5,-5,-1,6,2,-42,15,E,0.1351351351351351,-2.08,2.28,128.60,162.31
227,0.16705443,16.8003007980589,0,2,-1,0,-2,0,0,-3,1,-1,0,0,-1,-2,-2,1,2,-1,-1,0,-8,34,E,0.5443548387096774,-1.65,2.35,118.13,155.13
228,0.14989221,13.098830834320967,-4,-7,-3,-7,-4,-7,-7,-8,-7,5,-3,-7,-2,-5,-5,-6,-4,-7,-6,7,-87,79,-,0.0140845070422535,-1.42,2.38,122.93,155.12
229,0.15451589,12.232036422639371,-4,-5,-5,-4,-4,-3,3,-3,-5,4,-1,-4,2,-5,5,-4,-4,-6,-5,0,-48,39,-,0.0853658536585365,-0.92,2.79,121.48,136.73
230,0.16721818,11.516115414646269,1,-3,-4,-5,-4,-3,-5,5,-6,-5,-7,-5,-6,-3,6,-1,-4,-7,-4,-6,-66,18,B,0.1764705882352941,-1.22,2.55,118.20,134.72
231,0.20571713,8.337160102797277,-7,-7,-4,9,-9,-5,-3,-6,-6,-8,-9,-6,-8,-9,-7,-5,-6,-10,-8,-8,-122,56,-,0.0368098159509202,-1.29,1.66,108.20,150.27
232,0.26498184,9.022791506737118,1,5,-5,-5,-3,-3,-4,-5,-3,2,-3,-2,-2,2,2,-4,-4,0,2,-3,-32,90,H,0.0403225806451612,-1.09,-0.39,94.71,95.05
233,0.2742411,7.334329801553328,-4,-6,-5,-6,-5,-5,-5,-6,-6,6,-4,-5,-1,-6,-3,6,-3,-7,-6,-3,-74,42,H,0.0177514792899408,-1.48,-0.53,93.19,69.30
234,0.33722988,9.117506545623293,-3,-5,-2,-3,-6,-1,5,-3,-2,-7,-7,-4,-6,-7,-5,5,-2,-7,-6,-4,-70,4,H,0.0051546391752577,-1.17,-0.62,83.60,65.06
235,0.27430212,11.771348746626256,7,-6,-6,-6,-4,-5,-5,-4,-6,-4,-4,-5,-2,-5,-5,-2,2,-7,-6,-2,-75,5,H,0.0070422535211267,-1.04,-1.01,93.58,69.93
236,0.30665466,12.02890830388619,4,-5,-4,-5,-5,-5,-5,5,-5,-6,-6,-5,-5,-3,-5,3,-2,-6,-6,-5,-71,4,H,0.0,-0.89,-0.59,88.07,70.58
237,0.26770502,12.246323514342912,-3,-6,-4,-6,-6,-5,-6,-6,-4,-5,-4,-5,-4,6,-4,0,5,-4,5,-4,-60,11,H,0.0,-1.20,-0.75,95.56,73.35
238,0.2908321,15.080898021401214,-5,-7,-7,-7,-6,-6,-7,-7,-4,-3,1,-7,-3,8,1,-6,-6,6,5,-5,-65,5,H,0.0,-1.26,-0.43,91.06,69.23
239,0.29253316,16.718709617757522,0,-5,-6,-7,-3,-5,-6,-3,-6,2,5,-5,5,-1,-6,-5,-4,0,-4,0,-54,11,H,0.0,-1.22,-0.74,90.31,68.97
240,0.29207683,16.933280806287314,3,-5,-5,-6,4,-5,-5,-2,-6,2,-1,-5,2,-3,-5,-2,-2,-6,-3,5,-45,9,H,0.0,-1.00,-0.76,89.44,75.62
241,0.31413114,18.156002851951094,7,-6,-6,-6,-5,-4,-5,-2,-6,-4,-1,-5,1,-6,-5,-3,-4,-7,-6,-3,-76,31,H,0.0,-0.80,-0.85,85.47,68.16
242,0.23628575,21.04821868787624,6,-6,-5,-4,-4,-5,-5,3,-6,-4,-6,-5,-5,-6,-4,-2,-2,-7,-6,-1,-74,2,H,0.0,-1.30,-0.50,100.47,66.43
243,0.25927463,21.784926290003,6,-5,-5,-6,-3,-5,-5,-2,-6,-2,2,-5,-4,-5,-5,-1,-3,-6,-5,0,-65,9,H,0.0,-1.21,-0.85,96.27,69.06
244,0.29923686,22.27745731374438,2,-6,-6,-6,-3,-5,-6,-6,-6,6,2,-5,4,-4,-6,-3,-3,-6,-5,2,-60,5,H,0.0414201183431952,-1.06,-0.39,89.17,64.45
245,0.26841915,24.27935795323257,0,-3,-3,-4,1,-3,-3,-2,-4,-1,-1,0,-1,-4,3,0,5,-5,-1,-1,-27,33,T,0.0923076923076923,-1.78,0.32,94.58,68.72
246,0.29046175,26.43491810179573,-2,2,1,-1,-6,-1,-1,5,-3,-6,-6,1,-4,-6,1,-2,-4,-6,-6,-6,-50,23,T,0.3104838709677419,0.92,0.57,90.86,105.36
247,0.0989265,25.65937472966049,-1,-4,-3,-3,-5,-4,-2,6,-5,-7,-7,-3,-6,-7,-6,4,-2,-7,-6,-6,-74,24,-,0.0238095238095238,-1.71,-2.61,140.33,123.26
248,0.11144337,24.689004620862683,-3,1,1,4,-2,-1,4,-2,-1,-5,-6,2,-5,-6,1,0,0,-5,-4,-5,-32,42,E,0.2731707317073171,-2.88,2.56,136.13,153.64
249,0.074312836,22.50052772204169,-3,-6,-7,-6,-5,-6,-6,-4,-7,5,2,-6,-2,-3,-6,-5,-2,-6,-5,5,-73,41,E,0.0,-2.67,2.75,149.42,153.16
250,0.14901623,21.62756932505737,-3,3,-2,-4,-3,-2,-1,-5,-2,0,1,2,-1,-1,-4,-1,4,-3,-2,2,-22,51,E,0.3313609467455621,-2.12,2.27,123.90,163.88
251,0.19333453,18.343504017763,-4,-6,-7,-7,3,-6,-6,-7,-7,5,3,-6,-2,-3,-6,-5,-2,-6,-5,5,-69,47,E,0.0,-1.54,1.88,111.93,164.40
252,0.15005697,19.162975290148477,-2,2,1,-1,-3,0,3,-3,1,-3,-2,2,-3,-4,-1,0,3,-5,-2,-2,-19,50,E,0.5080645161290323,-1.56,2.66,122.88,113.66
253,0.26782268,17.32566932950869,-4,-2,6,2,-5,-2,-3,5,2,-7,-7,-2,-5,-7,-2,-3,-4,-7,-6,-5,-56,37,S,0.4267515923566879,1.16,0.85,94.98,87.62
254,0.09357175,15.608929845476402,1,-5,-4,-6,2,-5,-5,-3,-6,3,1,-5,-1,-4,-5,-4,0,-2,-5,5,-48,8,-,0.0377358490566037,-2.04,2.86,142.73,126.10
255,0.19247076,15.335103169902268,-2,1,1,0,-1,-1,-1,4,-2,1,-1,-1,1,-1,-1,-1,-2,-4,-3,-1,-14,34,-,0.2878787878787879,-2.10,1.52,111.04,165.97
256,0.27179733,16.85534840671118,0,0,-3,-3,-4,-2,-1,-3,-1,1,1,1,1,-2,5,-2,-1,-1,0,0,-14,0,G,0.1102941176470588,-0.72,-0.69,93.36,99.54
257,0.27806,16.794900679479444,-2,-1,6,3,-6,0,2,-2,1,-6,-3,0,-3,-5,-4,0,-1,-6,-3,-5,-35,21,G,0.6012269938650306,-1.18,-0.18,92.60,87.30
258,0.29101887,13.045115345475,-3,-3,-2,0,-5,-3,-3,-4,7,-2,-1,-3,-3,-4,-1,3,4,-6,-2,-4,-35,0,G,0.0352112676056338,-1.59,0.10,89.80,71.24
259,0.20524433,13.75782869751657,-3,4,-2,-4,-1,-1,-4,-6,-3,2,4,-1,3,-3,-2,-4,-4,-5,-4,1,-33,2,-,0.0365853658536585,-2.27,0.13,107.57,116.70
260,0.27367187,17.093272239082143,-1,0,-2,2,-5,5,2,0,-1,-1,-4,-1,-3,-6,-4,0,3,-6,-5,-3,-30,3,H,0.6932515337423313,-0.71,-0.77,93.40,101.40
261,0.2520141,16.552472874205353,3,-5,-2,-4,-2,-4,-4,5,-5,-3,-4,-4,-5,-5,1,1,-2,-6,-6,-3,-54,24,H,0.2830188679245283,-1.29,-0.60,97.70,68.00
262,0.28657657,15.463875414654323,-1,-5,-5,0,-3,-5,-5,-6,-5,4,2,-5,-1,4,-5,-4,-3,-1,-2,3,-43,11,H,0.0070422535211267,-1.12,-0.95,91.44,68.90
263,0.2877452,18.2388823414061,0,-2,-5,-6,-2,-5,-5,-5,-5,5,3,-5,-1,1,-4,-3,-1,-2,-1,1,-42,1,H,0.024390243902439,-0.84,-0.76,91.39,71.83
264,0.2970762,20.70454013379413,1,-2,2,5,-4,-1,3,-3,0,-4,-3,0,-2,-3,-4,0,-1,-3,-3,-2,-24,18,H,0.3867924528301887,-1.04,-0.72,89.49,68.92
265,0.28556228,19.85643592537776,0,-3,-4,-5,-5,-3,-2,-4,-4,3,-2,5,-2,-5,-5,-3,1,-6,-5,3,-46,22,H,0.2536585365853658,-1.08,-0.51,91.96,70.01
266,0.30489385,20.42474774203785,-5,-6,-7,-8,-3,-6,-7,-8,-7,0,6,-7,1,1,-7,-6,-5,-6,-4,0,-84,38,H,0.0,-1.51,-0.58,88.64,74.97
267,0.35308862,23.53889849122124,-1,4,-2,-1,-4,2,4,-3,-1,-2,-3,3,-1,-5,-4,-2,-1,-1,-4,-3,-25,59,H,0.4798387096774194,-0.92,-0.47,80.96,71.53
268,0.2555213,24.410280548996848,1,2,-2,1,-4,2,5,-3,-2,-5,-3,2,-2,-4,-4,-1,-3,-6,-5,-5,-36,11,H,0.5644171779141104,-1.61,-0.38,97.52,79.27
269,0.33780727,24.05068134953387,2,-6,-6,-7,0,-5,-6,-6,-6,0,-1,-6,10,-2,-7,-2,-1,-6,-3,-3,-61,25,T,0.0,-1.33,-0.11,83.41,48.98
270,0.22698773,26.47338451594087,-5,-7,-3,-5,-6,-6,-4,8,-7,-9,-9,-5,-8,-8,-7,-5,-6,-7,-8,-8,-115,54,T,0.5952380952380952,1.88,0.28,102.96,107.85
271,0.13207771,24.593554893301874,5,-5,-5,-5,3,-4,-5,1,-3,-1,-3,-5,-1,-2,-4,-2,-2,-6,-5,2,-47,68,-,0.1037735849056603,-1.50,2.59,128.35,136.38
272,0.22644098,26.086162193520877,-2,1,2,3,-3,1,2,-1,0,-2,-3,2,-3,-4,-2,0,1,-5,-3,-3,-19,28,E,0.5337423312883436,-1.69,1.68,103.33,144.43
273,0.13836688,23.51885950773666,-5,-6,-7,-7,-5,-6,-7,-7,-7,6,1,-6,1,0,-6,-6,-3,-3,-3,4,-72,53,E,0.1065088757396449,-1.79,2.20,127.04,168.83
274,0.1293453,24.36806863599275,-2,-1,-1,1,-4,0,4,-3,-1,-2,-3,1,-2,-4,-4,0,3,-4,-4,0,-26,46,E,0.6030927835051546,-2.06,2.62,130.38,171.76
275,0.09563222,22.773871169079897,-1,0,-2,-3,-2,-1,1,-3,-4,2,0,-2,0,0,-3,-2,1,6,1,2,-10,16,E,0.4295774647887324,-2.42,2.43,142.33,166.07
276,0.122328416,23.64689353629957,-2,-2,1,1,-5,0,1,5,-1,-3,-4,0,-3,-3,-4,-1,0,-5,-1,-3,-29,19,E,0.1785714285714285,-2.09,-3.00,132.91,125.24
277,0.24180597,22.386529849978903,-3,-1,0,4,-7,-2,6,0,-2,-6,-6,0,-4,-7,0,-2,-3,-7,-6,-5,-51,22,T,0.9278350515463918,-0.93,-0.84,100.42,55.66
278,0.23469518,19.99963965462636,-3,-2,3,5,-5,-2,1,-1,-1,-6,-5,-1,-5,-6,4,-2,-2,-7,-5,-5,-45,6,T,0.5337423312883436,-2.15,0.55,101.58,56.00
279,0.08852786,20.05878410180873,-1,-1,-1,-2,-1,-2,-2,2,-1,-1,-2,-2,0,0,-4,1,0,6,3,2,-6,39,E,0.3480176211453744,-2.69,2.60,143.68,127.96
280,0.12729006,19.8633262169739,2,-5,-5,-4,-3,-5,-4,1,-5,5,0,-4,0,-2,-5,-3,-2,-5,-4,2,-46,40,E,0.0,-2.31,2.46,130.06,171.57
281,0.12921102,22.117080657391867,-2,3,-1,3,-4,0,2,-4,-1,0,-3,0,-3,-2,-4,0,2,-3,-2,-1,-20,26,E,0.0923076923076923,-2.13,2.49,129.72,179.03
282,0.14137731,22.515414800521423,-1,-4,-6,-5,2,-5,-5,-5,-6,4,3,-5,-2,-1,-5,-4,-2,-5,-4,4,-52,32,E,0.0,-2.14,2.40,126.30,177.27
283,0.15718758,25.79197883505946,-1,4,-1,1,-3,0,1,-3,0,0,-2,1,-2,-1,-2,0,2,-4,-2,0,-12,40,E,0.2085889570552147,-2.19,2.04,121.46,166.12
284,0.2889112,26.572594905969066,1,2,-2,-3,-2,-1,-2,-1,-2,1,-1,-1,3,-1,-2,0,-1,-2,-1,3,-12,0,-,0.0212765957446808,-1.38,-0.18,90.89,143.05
285,0.27146506,30.199159443418317,-1,3,1,0,-3,1,0,1,1,-3,-4,2,-3,-3,1,0,-1,-4,-2,-3,-17,5,T,0.6521739130434783,0.89,0.80,93.96,114.17
286,0.28396502,30.777872666446623,0,-1,0,-1,-3,-1,-1,4,2,-4,-4,0,-4,-3,2,1,0,-4,1,-3,-19,2,T,0.6309523809523809,1.46,-0.44,91.95,70.18
287,0.11864326,30.085575019227768,0,1,0,0,-3,0,1,1,0,-3,-1,1,-2,-3,1,3,-1,-4,-2,-3,-14,5,-,0.7024390243902439,-1.34,2.80,132.72,118.23
288,0.16236371,28.1383913138032,-1,3,1,0,-2,1,1,-1,1,-2,-2,2,-2,-4,2,0,-1,-4,-2,-2,-12,2,-,0.1854838709677419,-1.52,2.50,118.90,138.72
289,0.15639117,25.49411733443159,-2,-5,-6,-6,-5,-4,-6,-2,-6,1,5,-3,0,-3,3,-4,-3,-3,-3,-2,-54,42,-,0.0,-1.08,2.72,120.58,149.11
290,0.15871696,26.81038599324674,-2,3,0,-3,-4,1,-1,-3,3,-1,-4,5,-2,-5,-4,-1,-1,-6,-3,-3,-31,23,B,0.3609756097560975,-1.73,2.43,120.11,144.89
291,0.17676336,25.3530606998486,3,-5,-2,0,-3,-4,-3,5,-4,-4,-6,-4,-2,-5,3,0,-4,-6,-6,-5,-52,21,-,0.2452830188679245,-0.93,2.32,115.20,134.57
292,0.12154944,23.28322528203468,-2,-5,-6,-6,-1,-3,-5,-3,-6,4,-1,-5,2,0,-5,-4,1,-5,-4,5,-49,3,-,0.0492957746478873,-1.97,2.91,132.21,161.06
293,0.1621047,22.598157407054792,-2,-1,3,5,-5,-1,2,-3,-1,-3,-4,-1,-5,-6,-4,-1,2,-6,-5,-2,-38,11,-,0.5605095541401274,-2.00,2.18,119.53,149.66
294,0.10227951,19.21203613789279,-2,-3,-6,-7,-2,-5,-6,-7,-6,6,1,-6,3,0,-6,-5,-3,-6,-3,4,-59,21,E,0.028169014084507,-2.04,2.42,138.18,159.98
295,0.17839117,18.314743674472577,-1,1,2,4,-3,-1,1,-1,-2,-3,-4,2,-2,-5,2,0,1,-5,-4,-2,-20,39,E,0.7419354838709677,-2.07,2.12,114.76,154.80
296,0.1515708,14.782419292612245,0,-4,-2,-2,0,-4,-2,2,1,-3,-2,-2,3,-2,1,-2,5,-5,-3,-1,-22,2,B,0.0070422535211267,-1.38,2.90,122.60,144.43
297,0.10368402,14.41182207920875,1,-1,2,2,-4,0,2,-1,0,0,-1,-1,1,-3,-3,1,0,-4,-3,-2,-14,8,-,0.2735849056603773,3.04,3.03,137.85,126.22
298,0.13943832,12.753324976579794,-3,0,-2,1,-5,-1,0,-5,2,0,0,-3,-2,-5,6,-2,-3,-4,-5,0,-31,17,S,0.3676470588235294,-1.33,2.86,126.17,99.14
299,0.14260474,12.656209683170568,0,-4,-4,-3,1,-4,-4,-5,3,3,-2,-4,1,3,-5,-3,-2,3,6,1,-19,12,T,0.1902173913043478,-0.99,2.38,130.92,55.57
300,0.33886972,14.75093869005048,-2,-5,-5,-5,-5,-5,-4,-5,-5,-4,-5,-4,-5,-6,9,-4,-3,-6,-5,-5,-79,60,T,0.6029411764705882,-1.69,0.38,88.45,67.56
301,0.13912319,15.328836745308138,1,2,-1,-1,-2,-2,-2,4,-2,-3,-2,-1,-2,-3,-2,1,-1,-3,-2,-2,-23,56,S,0.3867924528301887,-1.31,-2.93,125.91,73.22
302,0.20749205,13.908131182957526,-2,-3,-2,-3,-3,-3,-3,-3,-2,-1,2,-3,4,7,-3,-2,-2,-2,0,-1,-25,2,B,0.0609137055837563,-1.18,2.12,107.18,112.45
303,0.1613886,10.188073292729936,1,-2,-1,-1,-2,-1,-1,-1,-2,-1,-1,-1,-1,-2,6,-1,0,-2,-2,-1,-16,9,-,0.1102941176470588,-1.19,2.08,118.82,176.01
304,0.3161255,9.999740495081047,-2,-3,-2,-3,-3,-3,-3,-2,-3,4,-2,-3,-2,-3,-1,-1,5,-3,-3,0,-33,17,G,0.0915492957746478,-0.52,-0.71,85.90,78.56
305,0.29673642,7.152192515412631,-5,-7,-4,9,-9,-5,-3,-6,-6,-8,-9,-6,-8,-9,-7,-5,-6,-9,-8,-8,-119,86,G,0.1717791411042944,-1.19,-0.19,89.15,79.93
306,0.2644114,10.179654753618795,1,-5,-5,-4,-5,-3,4,-6,-5,-1,3,-4,6,-4,-5,-4,-3,0,-5,-2,-47,72,G,0.0,-1.69,-0.04,94.72,92.15
307,0.25383905,12.717175835718928,1,-4,-5,-5,-5,6,-3,-4,-4,1,0,-3,-2,1,-4,-4,-2,-5,2,1,-38,9,H,0.0,-1.07,-0.62,97.20,98.38
308,0.2851058,13.414430980307428,3,-5,-5,-5,-6,2,-5,-5,-6,-4,-4,-5,4,-6,6,0,-4,-7,-6,-5,-63,25,H,0.0094339622641509,-1.24,-0.57,91.48,67.31
309,0.2699286,14.045017925047455,-1,-4,-4,-5,-5,5,-3,-6,-5,3,-2,-4,-1,-5,2,-3,3,-6,-5,2,-44,19,H,0.0,-1.32,-0.81,94.16,69.15
310,0.32526273,16.242724841173096,-2,-6,-6,-7,-5,-5,-6,-6,-6,4,4,-6,4,5,-6,-5,-4,1,-2,0,-54,10,H,0.0,-1.02,-0.49,84.73,74.80
311,0.29205388,17.847746829335975,5,-5,-5,-6,1,-4,-5,-4,-5,-1,-2,-5,6,-1,-5,0,2,-6,-5,-2,-47,7,H,0.0,-0.99,-0.92,90.57,74.23
312,0.28527966,19.1381206044506,3,-5,-5,-5,-4,-4,-5,-3,-5,1,0,-4,-1,-4,-1,-1,2,-6,-4,4,-47,0,H,0.0,-1.07,-0.63,91.62,68.76
313,0.28440148,20.13976773197841,3,-5,-6,-6,-2,-5,-5,-5,-6,0,5,-5,2,-3,-5,-4,0,-5,-2,1,-53,6,H,0.0,-1.03,-1.02,91.59,70.36
314,0.27391702,22.25310676986533,5,-5,2,-4,1,-3,-5,0,-5,-4,1,-5,5,-4,-5,-3,-2,-6,-5,-4,-46,7,H,0.0,-0.81,-0.74,93.00,74.76
315,0.2962391,23.78136548631365,4,-5,-4,-5,5,-4,-5,-4,-5,-3,2,-4,-1,-3,-3,1,3,-6,-5,-1,-43,3,H,0.0060975609756097,-1.36,0.08,88.49,64.04
316,0.2464221,25.293891994247065,-3,-1,-3,-5,2,3,-4,-5,-4,1,1,-2,0,5,-5,-3,0,-2,1,2,-22,21,T,0.056338028169014,-2.37,0.44,98.29,75.91
317,0.12997684,26.02143916339584,7,-6,-3,-6,2,-5,-5,-3,-6,-4,-5,-5,-5,-6,-5,1,-3,-7,-6,-1,-71,49,S,0.0,-1.77,3.00,129.22,92.80
318,0.20188777,29.328284884008877,-3,0,1,3,-5,2,5,-3,0,-3,-5,2,-4,-6,-1,0,0,-6,-3,-4,-30,41,B,0.5051546391752577,-1.47,1.87,109.41,90.97
319,0.088713415,29.67425667178207,-4,-7,-3,-6,-7,-6,-6,8,-5,-8,-8,-4,-7,-6,-7,-2,-5,-7,-4,-8,-102,72,S,0.4404761904761904,2.25,-3.13,143.98,84.07
320,0.17375956,28.26794373813903,-1,1,-1,-1,-2,-1,1,-3,-3,-1,-4,1,-3,-4,1,0,5,-5,-4,0,-24,78,E,0.4929577464788732,-1.62,2.08,116.28,129.63
321,0.14403741,24.770144416860635,-1,-5,-4,-4,-1,-4,-4,0,-5,-2,-5,-4,-5,-6,-4,5,5,-1,-5,-2,-52,28,E,0.0,-1.82,2.35,124.25,168.61
322,0.15785727,23.5191178133476,-2,2,-3,-4,-2,-2,-1,-5,1,2,-1,0,1,-2,-4,-2,2,-5,-1,4,-22,30,E,0.4619289340101523,-1.78,2.39,120.18,171.07
323,0.15677066,19.877635914186307,-5,-6,-7,-7,-5,-6,-6,-7,-7,7,1,-6,3,-3,-6,-6,-4,-6,-5,3,-78,56,E,0.0,-2.16,1.96,120.85,176.38
324,0.17196332,19.397024292034686,-2,4,-2,-3,-3,-1,0,-4,1,0,-2,2,-1,-3,-3,0,4,0,-1,0,-14,64,E,0.0352112676056338,-1.64,2.11,116.85,174.95
325,0.1974087,16.307231463143946,-2,0,1,4,-4,0,5,0,-2,-4,-3,-2,-3,-4,-3,-2,-3,-4,-3,-4,-33,19,-,0.0360824742268041,-1.56,2.13,110.65,155.89
326,0.20882809,16.668851597896037,2,1,5,-3,-4,-3,-3,1,-3,-5,-4,0,-4,-5,-3,-1,4,-6,-5,-2,-38,5,-,0.5211267605633803,-2.02,-0.34,107.65,120.40
327,0.23958658,13.618683855696853,1,-5,-5,-4,-1,-4,-3,-4,-5,5,0,-3,1,-3,-4,-4,-3,-5,-4,4,-46,8,S,0.4154929577464789,-1.23,-0.72,100.09,70.73
328,0.13093697,13.48499731644151,-2,-2,-4,-4,-5,-1,1,-3,3,-4,-4,3,-2,6,-4,-3,-3,-1,4,-4,-29,17,-,0.182741116751269,-2.24,2.53,128.81,114.45
329,0.21228874,16.717481140295313,-4,-2,2,0,-2,-1,7,-5,3,-6,-6,-2,-3,-6,-1,-1,-2,-6,-5,-6,-46,17,T,0.7010309278350515,-1.87,0.29,106.79,90.63
330,0.23545212,16.47437114396212,-1,-2,5,1,-3,-2,-2,-2,-3,-3,2,-2,-3,-4,-5,0,0,6,-4,-2,-24,22,T,0.464968152866242,-2.58,0.96,101.37,105.58
331,0.23292397,14.216842067210788,-6,8,-4,1,-8,-4,-4,-5,-5,-5,-7,-2,-3,-8,-7,-5,-6,-8,-7,-7,-92,68,-,0.0564516129032258,-2.01,0.58,101.36,127.99
332,0.25379363,17.16812999535382,-3,1,-5,-5,-4,-3,-3,-5,-4,1,1,-4,1,6,-5,-4,-3,-3,1,3,-37,55,-,0.1319796954314721,-2.07,0.54,97.60,128.82
333,0.29643986,17.675853836559256,0,-1,-1,-3,-5,0,-3,-2,-2,0,0,5,6,-1,-4,-3,-2,-5,-4,-3,-28,9,S,0.2127659574468085,-1.40,-0.17,89.83,108.90
334,0.2866717,17.314154905890415,0,-1,-3,-4,-6,-1,4,-5,8,-3,-4,-3,0,0,-5,-4,-3,-5,0,-2,-37,9,S,0.0054347826086956,-1.24,-0.63,90.57,91.40
335,0.23228891,20.356592492920104,1,-5,-5,-6,2,-5,-5,-5,-6,1,-1,-5,-2,-4,-5,-1,3,-6,-5,5,-54,17,H,0.0492957746478873,-0.76,-1.07,101.25,87.10
336,0.29799262,23.167298763604915,0,-2,-1,5,-5,1,0,-3,-2,-5,-4,1,-3,-5,2,0,1,-6,-4,-4,-34,20,H,0.4852941176470588,-1.09,-0.30,89.00,66.50
337,0.29262605,22.065149473061624,-3,1,-2,-2,-8,0,7,-2,-4,-8,-6,-1,-6,-8,-6,-4,-4,-7,-6,-7,-76,42,H,0.1082474226804123,-1.40,-0.64,90.41,71.35
338,0.30633146,22.22580557108693,-5,-6,-7,-7,-5,-6,-7,-7,-7,-1,6,-6,2,-1,-7,-1,-4,-6,-5,-3,-83,7,H,0.0,-1.09,-0.79,87.83,73.12
339,0.29054898,25.58764489893177,0,4,2,1,-2,2,-1,-2,-1,0,-2,2,-1,-4,-3,0,-1,-3,-4,-1,-14,69,H,0.3615384615384615,-0.88,-0.53,90.43,83.10
340,0.3195142,26.965385196407205,0,6,-3,-3,-7,-1,-3,-4,-3,-5,-4,5,-3,-7,-5,-2,-3,-7,-6,-5,-60,46,H,0.6370967741935484,-1.35,-0.25,86.79,79.02
341,0.2822906,26.61029187919318,-5,-6,-7,-8,-3,-5,-7,-7,-6,0,4,-6,9,0,-7,-6,-5,-6,-5,1,-75,15,T,0.0,-1.60,0.35,92.48,44.50
342,0.21483353,28.71504595020691,-3,-7,-1,-5,-7,-6,-7,8,-3,-9,-8,-6,-7,-8,-7,-4,-6,-7,-8,-8,-109,34,T,0.3928571428571428,1.84,-0.26,105.24,102.76
343,0.12763812,26.56724970909132,6,-6,-6,-6,-2,-5,-5,-2,-6,-1,-3,-5,-4,-3,-5,-3,-4,-7,-6,2,-71,38,-,0.0849056603773584,-1.30,2.80,129.74,139.21
344,0.18345293,27.85357117181275,-2,1,3,4,-2,1,2,-3,1,-2,-4,2,-1,-5,-3,-1,0,-6,-4,-3,-22,49,E,0.5652173913043478,-2.14,1.74,113.90,140.19
345,0.12741002,25.690702770591333,0,-6,-4,-7,1,-6,-6,-6,-4,6,-1,-6,-1,-3,-6,-4,-3,-6,-4,4,-62,40,E,0.2547169811320754,-2.17,2.42,129.43,150.35
346,0.18516447,27.14031534960784,-2,1,-2,1,-5,2,4,-5,0,-1,-4,2,-4,-4,-4,0,2,-4,-3,-1,-27,35,E,0.6030927835051546,-1.87,2.23,112.16,161.92
347,0.18164319,24.77783063087784,-2,-4,-4,-3,-5,-2,5,-5,-4,2,1,-4,-3,-4,1,-2,-2,-6,-5,3,-43,16,E,0.4615384615384615,-1.63,2.45,113.72,161.36
348,0.17982502,26.298108672111105,-2,0,0,1,-2,0,3,2,1,-3,-1,1,-3,0,-4,0,1,-4,-2,-3,-15,28,E,0.4793814432989691,-2.36,1.83,113.76,120.46
349,0.21275318,24.63158993181226,-1,-2,0,1,-5,-1,3,4,1,-5,-5,0,-4,-6,3,-1,-2,-6,-3,-5,-34,19,T,0.8769230769230769,0.91,-2.37,106.05,57.02
350,0.26085496,21.294084447080174,-4,1,4,7,-7,-2,-1,-1,3,-7,-7,-3,-5,-7,-5,-3,-4,-7,-4,-7,-59,25,T,0.4522292993630573,-1.23,0.19,96.70,58.46
351,0.12219267,22.036400792918656,-2,-1,-2,-1,-3,-1,-2,4,0,-2,-2,-2,-2,0,-4,1,3,1,2,-2,-15,44,E,0.1197183098591549,-1.97,2.42,131.87,121.01
352,0.19783829,22.033545931420893,4,-5,-5,-6,0,-3,-3,-4,-5,3,3,-5,4,-1,-5,-3,-4,-2,-3,0,-40,25,E,0.0,-1.75,2.02,109.63,161.46
353,0.20044018,25.107639961445415,-2,0,-4,-3,-4,-3,-1,-5,0,5,0,-1,0,-1,-5,-1,1,-5,-2,3,-28,12,E,0.059171597633136,-1.35,2.24,109.87,163.13
354,0.125224,25.03349385139047,-4,-7,-7,-7,2,-7,-7,-8,-7,7,-2,-7,-2,-4,-7,-6,-4,-2,-3,5,-77,49,E,0.0,-2.23,2.04,131.39,159.14
355,0.19885752,28.074154984411752,-2,2,1,-1,-4,1,2,-2,5,-2,-4,1,-4,-4,-3,-1,3,-5,0,-2,-19,58,E,0.391304347826087,-1.71,1.75,110.13,149.32
356,0.169351,27.505147033024294,-3,-6,-4,-4,-4,-5,-5,7,-3,-7,-7,-5,-6,-6,3,-3,-5,-6,-6,-6,-81,62,-,0.238095238095238,-0.92,2.03,117.56,158.23
357,0.1463149,29.359139227880824,-2,-1,-2,-4,-3,-2,-3,2,-3,-1,-2,0,-2,-5,4,-1,-1,-6,-5,3,-34,47,-,0.1619718309859155,-1.65,2.78,123.74,155.80
358,0.2591529,30.37190665776015,0,0,0,1,-3,1,3,1,-1,-3,-4,1,-3,-4,1,1,1,-5,-3,-2,-18,16,S,0.6082474226804123,-1.28,-0.56,96.44,93.69
359,0.09731719,29.527786497561014,-1,2,0,-2,-4,2,1,-1,2,-3,-3,3,-1,-1,2,0,0,-4,-3,-3,-14,4,-,0.4146341463414634,-2.61,2.62,140.71,118.59
360,0.14622118,27.857143527451907,-4,-3,-5,-6,-5,-5,-4,-3,-6,1,6,-5,-1,1,-2,-5,-5,1,-3,-1,-54,40,-,0.0121951219512195,-1.89,2.52,125.26,156.13
361,0.16226709,29.454671869723093,-2,1,1,-2,-4,2,-1,-2,4,-2,-3,2,-3,-2,0,2,2,-2,-1,-2,-12,42,B,0.5307692307692308,-1.57,2.43,120.51,148.56
362,0.18107654,27.970875683884877,0,-3,-3,-3,-5,-5,-5,7,1,-5,-7,-5,-6,-3,-2,0,-2,-6,-4,-4,-60,48,-,0.2619047619047619,-1.06,2.41,113.87,125.48
363,0.0686758,27.30284273093509,6,-4,-2,-4,0,-4,-4,3,-5,-4,-5,-4,-2,-5,-3,-1,1,-6,-5,-3,-51,9,-,0.1792452830188679,-2.55,3.00,151.23,134.87
364,0.1971568,26.161447348995136,0,-1,1,0,-1,1,2,-1,0,-1,-4,1,-3,-4,3,0,1,-5,-2,-1,-14,37,E,0.7575757575757576,-1.79,1.97,110.98,125.62
365,0.0936147,22.913602184084336,-3,-5,-4,-5,-3,-5,-5,-5,-6,3,1,-5,0,-3,-6,-5,0,-2,-5,6,-57,43,E,0.0352112676056338,-2.03,2.89,142.24,151.26
366,0.11825012,20.46879647425125,-1,-2,1,3,-3,-1,1,-4,1,-1,-2,0,6,-1,-4,-1,1,1,-1,0,-7,50,E,0.3191489361702128,-2.19,2.27,133.84,165.67
367,0.19274205,16.84451888553023,4,-4,-4,-2,-2,-4,-3,0,-1,-2,-5,-4,-4,-4,-2,4,3,-1,-1,-3,-35,28,-,0.0094339622641509,-1.18,2.21,112.06,155.01
368,0.24134278,15.740949055809471,-3,-3,3,-1,-2,-4,-4,0,5,-5,-4,-3,-5,-3,0,1,5,-5,3,-5,-30,5,-,0.2183098591549295,-1.86,-0.28,99.48,115.59
369,0.08292135,11.863957512190492,-6,-7,-3,9,-9,-5,-3,-6,-6,-8,-9,-5,-8,-9,-7,-5,-6,-10,-8,-8,-119,89,S,0.0490797546012269,-2.91,-3.12,145.09,99.17
370,0.23431838,9.091543485663896,-6,-6,-5,-7,-7,-5,-6,-7,10,0,4,-6,-4,-5,-7,-6,-6,-7,-4,-3,-83,36,H,0.0548780487804878,-1.13,-1.13,101.47,55.71
371,0.28014833,9.314404901820382,-7,9,-6,-7,-9,-4,-5,-8,-5,-8,-7,-3,-7,-8,-7,-6,-6,-8,-7,-8,-117,34,H,0.0120967741935483,-1.09,-0.73,92.57,63.17
372,0.30221248,12.889794223299688,4,-5,-6,-6,-2,-5,-5,-3,-6,5,-1,-5,5,-4,-5,-2,-2,-6,-5,-1,-55,62,H,0.0,-0.74,-0.91,88.50,74.47
373,0.26946625,13.73511568113346,5,-5,-4,-5,-2,-4,-4,3,-5,-3,-5,-4,-4,-4,-5,3,-1,-6,-5,-1,-56,1,H,0.0,-1.04,-0.67,94.15,70.85
374,0.29381645,12.98074139929906,4,-6,-7,-7,-6,-5,-6,-5,-6,-2,-3,-6,9,-1,-6,-3,-4,-6,-6,0,-72,16,H,0.0,-1.12,-0.76,89.75,67.73
375,0.28458157,14.893974265091916,4,-5,-4,-5,6,-5,-5,-2,-5,-5,-3,-5,2,-6,-5,4,-1,-6,-6,-4,-56,16,H,0.0,-0.91,-0.94,91.90,72.35
376,0.28866088,17.635627944870055,-2,-6,-5,-7,-5,-6,-6,-5,-3,-2,5,-6,3,6,-7,-5,-3,0,-1,-3,-58,2,H,0.0,-1.01,-0.57,90.85,69.21
377,0.26871687,18.059794545984264,3,-5,-4,-5,-2,-4,-4,-3,-5,2,0,-4,-1,-3,-4,2,0,-3,-4,4,-40,18,H,0.0,-1.27,-0.71,94.04,68.20
378,0.3100198,18.36002359251285,-4,-6,-7,-7,-2,-6,-6,-7,-6,5,4,-6,2,-3,-6,-6,-3,-6,-5,3,-72,32,H,0.0,-1.04,-0.79,87.12,70.08
379,0.28274778,20.669200359288517,6,-6,-6,-6,-2,-5,-5,-4,-6,-1,0,-5,2,-4,-5,-3,-3,-6,-6,1,-64,8,H,0.0,-0.99,-0.75,91.82,73.10
380,0.2825878,22.876169641118366,4,-6,-4,-5,-3,-4,-5,6,-6,-6,-6,-5,-6,-7,-5,1,-4,-6,-6,-6,-79,15,H,0.0,-1.26,-0.37,91.96,77.12
381,0.31501776,23.148935513466984,-3,-6,-7,-7,3,-4,-6,-6,-6,-1,6,-6,3,0,-6,-5,-3,-5,-5,-2,-66,13,H,0.0,-1.01,-0.77,86.87,64.58
382,0.24112897,24.802079476565503,2,0,-2,-3,1,-2,-3,-1,-2,2,0,-1,2,-2,-3,0,-1,-4,-2,3,-16,50,H,0.1183431952662721,-1.47,-0.32,100.02,78.71
383,0.14046346,26.6175138103108,6,-4,-3,-3,2,-4,-4,-2,-5,-4,-5,-3,-4,-6,-4,2,-1,-6,-5,-1,-54,38,S,0.0,-1.18,3.01,125.39,97.68
384,0.19618243,30.27043496512461,-2,0,0,3,-1,1,4,-2,-1,-3,-5,1,-3,-3,-2,0,-1,-5,-4,-2,-25,29,B,0.520618556701031,-1.61,1.97,111.07,94.99
385,0.13765822,30.85100580044529,-1,-4,-1,-2,-6,-3,0,6,-2,-5,-6,-1,-4,-6,-5,-2,0,-6,-4,-4,-56,31,E,0.2857142857142857,1.72,-2.50,127.64,70.40
386,0.12713675,28.866018587403723,-1,-1,-1,1,-5,0,4,-2,-3,0,-4,0,-3,-5,4,-1,2,-5,-3,0,-23,33,E,0.4366197183098591,-1.87,2.09,130.41,133.01
387,0.15383156,25.55845300834476,-3,-5,-4,-5,-3,-5,-5,-6,-6,1,-2,-5,-1,-5,-5,1,6,-6,-5,4,-59,36,E,0.0,-1.79,2.32,122.79,172.79
388,0.18055522,24.61256143867892,-2,1,-1,-2,-4,-1,2,-4,-2,3,-1,0,-1,-3,-3,-1,3,-3,-3,2,-20,39,E,0.0352112676056338,-2.03,2.02,115.03,174.86
389,0.2020648,21.078569321667292,-5,-7,-7,-7,-3,-7,-7,-8,-7,7,1,-7,-3,-3,-7,-6,-4,-7,-5,5,-87,67,E,0.0,-1.49,1.76,109.02,167.09
390,0.1616409,21.51348344930694,-2,0,3,4,-4,0,2,-3,2,-4,-1,0,-2,-4,-3,0,1,-5,-1,-4,-21,66,E,0.2883435582822086,-1.31,2.68,119.53,108.11
391,0.25899595,18.97636519036721,-4,4,3,5,-3,-1,0,1,-2,-7,-6,-2,-6,-7,-4,-3,-2,-7,-6,-6,-53,32,-,0.3548387096774194,1.11,0.89,96.92,115.19
392,0.29696018,17.16978792007096,2,-4,-4,-4,0,-3,-2,-2,-4,3,0,-3,-1,-2,4,-1,0,-5,-2,2,-26,27,T,0.0,-1.30,-0.07,90.71,126.74
393,0.29756442,15.776186023603758,0,-1,-2,2,-6,0,4,0,2,-5,-5,1,-3,-1,-4,-2,-3,-3,6,-4,-24,2,H,0.481981981981982,-0.91,-0.61,90.06,106.63
394,0.2903879,12.597557789345744,1,-5,0,-5,7,-1,-5,-5,8,-5,-5,-5,1,0,-3,-1,-3,-3,0,-3,-32,8,H,0.0978260869565217,-0.98,-0.54,91.14,88.15
395,0.2969847,11.920870689631656,-1,-6,-6,-6,-2,-5,-6,-6,-6,5,3,-5,-1,-2,-6,-4,2,-6,-4,4,-58,26,H,0.0,-1.12,-0.64,89.73,86.13
396,0.27927753,12.335254638853224,2,-1,1,5,-3,-1,0,-3,-1,-5,-3,-1,-3,-3,-4,1,-2,-3,-1,-4,-29,29,H,0.3128834355828221,-0.98,-0.33,92.94,93.91
397,0.26705363,9.344663526035028,-5,6,-4,-5,-6,-3,-4,-6,-5,1,-5,4,-4,-6,-5,-4,2,-7,-5,2,-59,30,T,0.2258064516129032,-1.28,-0.32,94.91,61.27
398,0.18766758,7.14712649193661,-3,-5,-4,-5,-6,-5,-5,5,-6,-7,-7,-5,-6,-7,-5,5,3,-7,-6,-6,-82,23,T,0.0238095238095238,-2.44,-0.02,111.66,65.39
399,0.17765573,10.234803277997225,-7,-7,-7,-8,-7,-7,-7,-8,-1,-4,-5,-7,-4,7,-8,-5,-7,-3,9,-6,-92,10,-,0.009009009009009,-2.29,1.60,114.66,114.90
400,0.18431066,12.81663646271186,-4,-6,-5,0,-5,-2,4,-6,-6,-7,-7,-5,-6,-3,7,-3,-3,-5,-3,-4,-69,23,T,0.2319587628865979,-1.07,2.33,112.99,101.67
401,0.269608,16.323836399372325,-1,2,3,4,0,0,1,1,2,-4,-4,0,-3,-4,-4,0,0,-5,-4,-4,-20,49,T,0.6330645161290323,0.90,0.60,93.82,96.83
402,0.23141372,15.628125559065756,-6,-6,-7,-7,-6,-6,-7,-7,-5,3,1,-7,1,7,-7,-6,-5,0,4,-1,-67,47,H,0.0414201183431952,-1.25,-0.51,101.57,116.04
403,0.3119727,19.13615397013441,-3,-3,-5,-2,-5,-3,4,-5,1,0,-2,-4,-1,5,-3,-3,-3,5,0,1,-26,41,H,0.2216494845360824,-1.13,-0.56,86.57,66.26
404,0.27651227,20.61646899147068,-1,0,0,3,-5,1,5,-1,-2,-5,-4,1,-3,-5,0,-1,0,-6,-5,-4,-32,6,H,0.3865030674846625,-1.25,-0.77,93.23,66.83
405,0.26999882,18.68852800642469,-2,1,-2,2,-5,1,-1,-5,2,-2,0,5,0,-3,-4,-2,-1,-6,-4,-1,-27,5,H,0.1170731707317073,-1.21,-0.77,94.32,63.67
406,0.28682393,19.54072243980321,-3,-6,-7,-7,-5,-6,-7,-7,-6,-1,6,-6,4,4,-7,-6,-5,-1,-2,-3,-71,44,H,0.0,-1.19,-0.60,91.13,66.87
407,0.29857603,22.955710533055694,2,3,2,-1,-3,2,1,-2,-2,-3,-3,2,-3,-5,-3,1,0,-5,-3,-3,-23,48,H,0.3991935483870967,-1.24,-0.48,89.34,79.70
408,0.3201278,23.562017061807733,2,2,0,-2,-4,2,-1,1,-2,-4,-3,2,0,-5,-3,2,-1,-5,-3,-4,-26,3,T,0.6792452830188679,-1.05,-0.30,85.40,77.08
409,0.29123437,23.26377491767649,-3,-6,-7,-7,3,-6,-6,-6,-6,3,5,-6,0,-3,-6,-5,-4,-6,-5,2,-69,43,T,0.0182926829268292,-1.72,0.17,90.37,44.81
410,0.24165443,25.88246651517633,-3,-5,-3,-4,-3,-5,-6,7,-1,-7,-7,-5,-6,-7,-6,-2,-4,-6,-7,-7,-87,18,T,0.5238095238095238,1.86,-0.09,100.78,103.97
411,0.14640163,24.14830340660976,6,-5,-5,-5,-3,-5,-4,1,-5,-3,-4,-5,0,-4,-4,-2,-4,-6,-5,-1,-63,24,-,0.0283018867924528,-1.22,2.60,125.17,139.08
412,0.21413857,25.96362057801309,-3,2,3,4,-5,1,1,-3,0,-3,-4,3,-4,-5,-3,-1,-1,-5,-4,-3,-30,33,-,0.5286624203821656,-1.92,1.71,106.51,138.52
413,0.11728721,23.766403523236388,-5,-6,-7,-7,-5,-6,-7,-7,-7,7,-1,-6,-1,1,-6,-6,-4,-6,-4,4,-79,49,E,0.029585798816568,-2.23,2.53,133.82,158.83
414,0.11656464,24.861597669579933,-2,2,-2,0,-5,2,5,-4,1,-2,-4,2,-4,-5,-4,0,-1,3,-3,-2,-23,56,E,0.4948453608247423,-2.61,2.17,134.03,160.49
415,0.18259844,23.562491996938803,-4,7,-4,-3,-6,-2,1,-4,-2,-3,0,-1,-2,-5,-5,-2,-3,-5,0,-1,-44,21,E,0.3185483870967742,-1.40,2.02,113.86,154.42
416,0.13067134,26.023611106327944,-1,-4,-5,-2,-3,-3,-1,-5,-5,5,1,-4,-1,-1,-5,-4,-2,-5,-3,5,-43,1,E,0.1338028169014084,-1.85,2.33,129.17,160.40
417,0.22451773,27.209959382203166,-2,1,2,0,-4,1,3,-2,-2,-5,-4,3,-3,-5,2,3,-1,-5,-4,-4,-26,17,-,0.9219512195121952,-0.37,-1.35,103.42,-
418,-,26.8753784373647,-1,-4,-2,-3,-4,-4,-4,7,-4,-6,-6,-3,-5,-5,-4,-2,-3,-4,-5,-5,-67,41,-,0.7023809523809523,2.85,-,-,-
